Date,Close,High,Low,Open,Volume,Activo
2021-01-01,29374.15234375,29600.626953125,28803.5859375,28994.009765625,40730301359,Bitcoin
2021-01-02,32127.267578125,33155.1171875,29091.181640625,29376.455078125,67865420765,Bitcoin
2021-01-03,32782.0234375,34608.55859375,32052.31640625,32129.408203125,78665235202,Bitcoin
2021-01-04,31971.9140625,33440.21875,28722.755859375,32810.94921875,81163475344,Bitcoin
2021-01-05,33992.4296875,34437.58984375,30221.1875,31977.041015625,67547324782,Bitcoin
2021-01-06,36824.36328125,36879.69921875,33514.03515625,34013.61328125,75289433811,Bitcoin
2021-01-07,39371.04296875,40180.3671875,36491.19140625,36833.875,84762141031,Bitcoin
2021-01-08,40797.609375,41946.73828125,36838.63671875,39381.765625,88107519480,Bitcoin
2021-01-09,40254.546875,41436.3515625,38980.875,40788.640625,61984162837,Bitcoin
2021-01-10,38356.44140625,41420.19140625,35984.62890625,40254.21875,79980747690,Bitcoin
2021-01-11,35566.65625,38346.53125,30549.599609375,38346.53125,123320567399,Bitcoin
2021-01-12,33922.9609375,36568.52734375,32697.9765625,35516.359375,74773277909,Bitcoin
2021-01-13,37316.359375,37599.9609375,32584.66796875,33915.12109375,69364315979,Bitcoin
2021-01-14,39187.328125,39966.40625,36868.5625,37325.109375,63615990033,Bitcoin
2021-01-15,36825.3671875,39577.7109375,34659.58984375,39156.70703125,67760757881,Bitcoin
2021-01-16,36178.140625,37864.3671875,35633.5546875,36821.6484375,57706187875,Bitcoin
2021-01-17,35791.27734375,36722.3515625,34069.3203125,36163.6484375,52359854336,Bitcoin
2021-01-18,36630.07421875,37299.28515625,34883.84375,35792.23828125,49511702429,Bitcoin
2021-01-19,36069.8046875,37755.890625,36069.8046875,36642.234375,57244195486,Bitcoin
2021-01-20,35547.75,36378.328125,33570.4765625,36050.11328125,66834573161,Bitcoin
2021-01-21,30825.69921875,35552.6796875,30250.75,35549.3984375,75643067688,Bitcoin
2021-01-22,33005.76171875,33811.8515625,28953.373046875,30817.625,77207272511,Bitcoin
2021-01-23,32067.642578125,33360.9765625,31493.16015625,32985.7578125,48354737975,Bitcoin
2021-01-24,32289.37890625,32944.0078125,31106.685546875,32064.376953125,48643830599,Bitcoin
2021-01-25,32366.392578125,34802.7421875,32087.787109375,32285.798828125,59897054838,Bitcoin
2021-01-26,32569.849609375,32794.55078125,31030.265625,32358.61328125,60255421470,Bitcoin
2021-01-27,30432.546875,32564.029296875,29367.138671875,32564.029296875,62576762015,Bitcoin
2021-01-28,33466.09765625,33858.3125,30023.20703125,30441.041015625,76517157706,Bitcoin
2021-01-29,34316.38671875,38406.26171875,32064.814453125,34318.671875,117894572511,Bitcoin
2021-01-30,34269.5234375,34834.70703125,32940.1875,34295.93359375,65141828798,Bitcoin
2021-01-31,33114.359375,34288.33203125,32270.17578125,34270.87890625,52754542671,Bitcoin
2021-02-01,33537.17578125,34638.21484375,32384.228515625,33114.578125,61400400660,Bitcoin
2021-02-02,35510.2890625,35896.8828125,33489.21875,33533.19921875,63088585433,Bitcoin
2021-02-03,37472.08984375,37480.1875,35443.984375,35510.8203125,61166818159,Bitcoin
2021-02-04,36926.06640625,38592.17578125,36317.5,37475.10546875,68838074392,Bitcoin
2021-02-05,38144.30859375,38225.90625,36658.76171875,36931.546875,58598066402,Bitcoin
2021-02-06,39266.01171875,40846.546875,38138.38671875,38138.38671875,71326033653,Bitcoin
2021-02-07,38903.44140625,39621.8359375,37446.15234375,39250.19140625,65500641143,Bitcoin
2021-02-08,46196.46484375,46203.9296875,38076.32421875,38886.828125,101467222687,Bitcoin
2021-02-09,46481.10546875,48003.72265625,45166.9609375,46184.9921875,91809846886,Bitcoin
2021-02-10,44918.18359375,47145.56640625,43881.15234375,46469.76171875,87301089896,Bitcoin
2021-02-11,47909.33203125,48463.46875,44187.76171875,44898.7109375,81388911810,Bitcoin
2021-02-12,47504.8515625,48745.734375,46424.9765625,47877.03515625,76555041196,Bitcoin
2021-02-13,47105.515625,48047.74609375,46392.28125,47491.203125,70250456155,Bitcoin
2021-02-14,48717.2890625,49487.640625,47114.5078125,47114.5078125,71248675228,Bitcoin
2021-02-15,47945.05859375,48875.5703125,46347.4765625,48696.53515625,77069903166,Bitcoin
2021-02-16,49199.87109375,50341.1015625,47201.3046875,47944.45703125,77049582886,Bitcoin
2021-02-17,52149.0078125,52533.9140625,49072.37890625,49207.27734375,80820545404,Bitcoin
2021-02-18,51679.796875,52474.10546875,51015.765625,52140.97265625,52054723579,Bitcoin
2021-02-19,55888.1328125,56113.65234375,50937.27734375,51675.98046875,63495496918,Bitcoin
2021-02-20,56099.51953125,57505.2265625,54626.55859375,55887.3359375,68145460026,Bitcoin
2021-02-21,57539.9453125,58330.5703125,55672.609375,56068.56640625,51897585191,Bitcoin
2021-02-22,54207.3203125,57533.390625,48967.56640625,57532.73828125,92052420332,Bitcoin
2021-02-23,48824.42578125,54204.9296875,45290.58984375,54204.9296875,106102492824,Bitcoin
2021-02-24,49705.33203125,51290.13671875,47213.5,48835.0859375,63695521388,Bitcoin
2021-02-25,47093.8515625,51948.96875,47093.8515625,49709.08203125,54506565949,Bitcoin
2021-02-26,46339.76171875,48370.78515625,44454.84375,47180.46484375,350967941479,Bitcoin
2021-02-27,46188.453125,48253.26953125,45269.02734375,46344.7734375,45910946382,Bitcoin
2021-02-28,45137.76953125,46716.4296875,43241.6171875,46194.015625,53443887451,Bitcoin
2021-03-01,49631.2421875,49784.015625,45115.09375,45159.50390625,53891300112,Bitcoin
2021-03-02,48378.98828125,50127.51171875,47228.84375,49612.10546875,47530897720,Bitcoin
2021-03-03,50538.2421875,52535.13671875,48274.3203125,48415.81640625,53220811975,Bitcoin
2021-03-04,48561.16796875,51735.08984375,47656.9296875,50522.3046875,52343816680,Bitcoin
2021-03-05,48927.3046875,49396.4296875,46542.515625,48527.03125,48625928883,Bitcoin
2021-03-06,48912.3828125,49147.21875,47257.52734375,48899.23046875,34363564661,Bitcoin
2021-03-07,51206.69140625,51384.3671875,48918.6796875,48918.6796875,43137459378,Bitcoin
2021-03-08,52246.5234375,52314.0703125,49506.0546875,51174.1171875,48597428048,Bitcoin
2021-03-09,54824.1171875,54824.1171875,51981.83203125,52272.96875,50912227385,Bitcoin
2021-03-10,56008.55078125,57258.25390625,53290.890625,54824.01171875,57295577614,Bitcoin
2021-03-11,57805.12109375,58091.0625,54484.59375,55963.1796875,56772343595,Bitcoin
2021-03-12,57332.08984375,57996.62109375,55376.6484375,57821.21875,55689944702,Bitcoin
2021-03-13,61243.0859375,61683.86328125,56217.97265625,57343.37109375,60669829814,Bitcoin
2021-03-14,59302.31640625,61597.91796875,59302.31640625,61221.1328125,43901225564,Bitcoin
2021-03-15,55907.19921875,60540.9921875,55393.1640625,59267.4296875,66419369890,Bitcoin
2021-03-16,56804.90234375,56833.1796875,53555.02734375,55840.78515625,59749798599,Bitcoin
2021-03-17,58870.89453125,58969.81640625,54528.62890625,56825.828125,60258313191,Bitcoin
2021-03-18,57858.921875,60116.25,54253.578125,58893.078125,55746041000,Bitcoin
2021-03-19,58346.65234375,59498.375,56643.703125,57850.44140625,49063873786,Bitcoin
2021-03-20,58313.64453125,60031.28515625,58213.296875,58332.26171875,50361731222,Bitcoin
2021-03-21,57523.421875,58767.8984375,56005.6171875,58309.9140625,51943414539,Bitcoin
2021-03-22,54529.14453125,58471.48046875,54288.15625,57517.890625,56521454974,Bitcoin
2021-03-23,54738.9453125,55985.44140625,53470.6953125,54511.66015625,56435023914,Bitcoin
2021-03-24,52774.265625,57262.3828125,52514.33203125,54710.48828125,70567223787,Bitcoin
2021-03-25,51704.16015625,53392.38671875,50856.5703125,52726.74609375,67999812841,Bitcoin
2021-03-26,55137.3125,55137.3125,51579.85546875,51683.01171875,56652197978,Bitcoin
2021-03-27,55973.51171875,56568.21484375,54242.91015625,55137.56640625,47266542233,Bitcoin
2021-03-28,55950.74609375,56610.3125,55071.11328125,55974.94140625,47686580918,Bitcoin
2021-03-29,57750.19921875,58342.09765625,55139.33984375,55947.8984375,57625587027,Bitcoin
2021-03-30,58917.69140625,59447.22265625,57251.55078125,57750.1328125,54414116432,Bitcoin
2021-03-31,58918.83203125,59930.02734375,57726.41796875,58930.27734375,65520826225,Bitcoin
2021-04-01,59095.80859375,59586.0703125,58505.27734375,58926.5625,61669163792,Bitcoin
2021-04-02,59384.3125,60267.1875,58869.28125,59098.87890625,58727860620,Bitcoin
2021-04-03,57603.890625,60110.26953125,57603.890625,59397.41015625,59641344484,Bitcoin
2021-04-04,58758.5546875,58913.74609375,57168.67578125,57604.83984375,50749662970,Bitcoin
2021-04-05,59057.87890625,59891.296875,57694.82421875,58760.875,60706272115,Bitcoin
2021-04-06,58192.359375,59479.578125,57646.80859375,59171.93359375,66058027988,Bitcoin
2021-04-07,56048.9375,58731.14453125,55604.0234375,58186.5078125,75645303584,Bitcoin
2021-04-08,58323.953125,58338.73828125,55879.0859375,56099.9140625,53053855641,Bitcoin
2021-04-09,58245.00390625,58937.046875,57807.86328125,58326.5625,46655208546,Bitcoin
2021-04-10,59793.234375,61276.6640625,58038.70703125,58253.77734375,58238470525,Bitcoin
2021-04-11,60204.96484375,60790.5546875,59289.796875,59846.23046875,46280252580,Bitcoin
2021-04-12,59893.453125,61253.03515625,59589.875,60175.9453125,51828688519,Bitcoin
2021-04-13,63503.45703125,63742.28515625,59869.95703125,59890.01953125,69983454362,Bitcoin
2021-04-14,63109.6953125,64863.09765625,61554.796875,63523.75390625,77451779687,Bitcoin
2021-04-15,63314.01171875,63821.671875,62208.96484375,63075.1953125,60954381579,Bitcoin
2021-04-16,61572.7890625,63594.72265625,60222.53125,63258.50390625,84293007468,Bitcoin
2021-04-17,60683.8203125,62572.17578125,60361.3515625,61529.921875,66138759198,Bitcoin
2021-04-18,56216.18359375,61057.45703125,52829.53515625,60701.88671875,97468872758,Bitcoin
2021-04-19,55724.265625,57520.0546875,54368.59375,56191.5859375,65344865159,Bitcoin
2021-04-20,56473.03125,57062.1484375,53448.046875,55681.79296875,67849323955,Bitcoin
2021-04-21,53906.08984375,56757.97265625,53695.46875,56471.12890625,54926612466,Bitcoin
2021-04-22,51762.2734375,55410.23046875,50583.8125,53857.10546875,74798630778,Bitcoin
2021-04-23,51093.65234375,52120.79296875,47714.6640625,51739.80859375,86668667320,Bitcoin
2021-04-24,50050.8671875,51167.5625,48805.28515625,51143.2265625,49014494781,Bitcoin
2021-04-25,49004.25390625,50506.01953125,47159.484375,50052.83203125,46117114240,Bitcoin
2021-04-26,54021.75390625,54288.00390625,48852.796875,49077.79296875,58284039825,Bitcoin
2021-04-27,55033.1171875,55416.96484375,53319.1875,54030.3046875,49448222757,Bitcoin
2021-04-28,54824.703125,56227.20703125,53887.91796875,55036.63671875,48000572955,Bitcoin
2021-04-29,53555.109375,55115.84375,52418.02734375,54858.08984375,46088929780,Bitcoin
2021-04-30,57750.17578125,57900.71875,53129.6015625,53568.6640625,52395931985,Bitcoin
2021-05-01,57828.05078125,58448.33984375,57052.2734375,57714.6640625,42836427360,Bitcoin
2021-05-02,56631.078125,57902.59375,56141.90625,57825.86328125,38177405335,Bitcoin
2021-05-03,57200.29296875,58973.30859375,56590.87109375,56620.2734375,51713139031,Bitcoin
2021-05-04,53333.5390625,57214.1796875,53191.42578125,57214.1796875,68564706967,Bitcoin
2021-05-05,57424.0078125,57911.36328125,52969.0546875,53252.1640625,69241316747,Bitcoin
2021-05-06,56396.515625,58363.31640625,55382.5078125,57441.30859375,69523285106,Bitcoin
2021-05-07,57356.40234375,58606.6328125,55321.84765625,56413.953125,68434023376,Bitcoin
2021-05-08,58803.77734375,59464.61328125,56975.2109375,57352.765625,65382980634,Bitcoin
2021-05-09,58232.31640625,59210.8828125,56482.00390625,58877.390625,65906690347,Bitcoin
2021-05-10,55859.796875,59519.35546875,54071.45703125,58250.87109375,71776546298,Bitcoin
2021-05-11,56704.57421875,56872.54296875,54608.65234375,55847.2421875,61308396325,Bitcoin
2021-05-12,49150.53515625,57939.36328125,49150.53515625,56714.53125,75215403907,Bitcoin
2021-05-13,49716.19140625,51330.84375,46980.01953125,49735.43359375,96721152926,Bitcoin
2021-05-14,49880.53515625,51438.1171875,48868.578125,49682.98046875,55737497453,Bitcoin
2021-05-15,46760.1875,50639.6640625,46664.140625,49855.49609375,59161047474,Bitcoin
2021-05-16,46456.05859375,49720.04296875,43963.3515625,46716.63671875,64047871555,Bitcoin
2021-05-17,43537.51171875,46623.55859375,42207.2890625,46415.8984375,74903638450,Bitcoin
2021-05-18,42909.40234375,45812.45703125,42367.83203125,43488.05859375,56187365084,Bitcoin
2021-05-19,37002.44140625,43546.1171875,30681.49609375,42944.9765625,126358098747,Bitcoin
2021-05-20,40782.73828125,42462.984375,35050.6171875,36753.66796875,88281943359,Bitcoin
2021-05-21,37304.69140625,42172.171875,33616.453125,40596.94921875,82051616861,Bitcoin
2021-05-22,37536.6328125,38831.0546875,35383.68359375,37371.03125,57377273240,Bitcoin
2021-05-23,34770.58203125,38289.21875,31227.33984375,37531.44921875,78469274361,Bitcoin
2021-05-24,38705.98046875,39835.140625,34551.08203125,34700.36328125,67359584098,Bitcoin
2021-05-25,38402.22265625,39776.3515625,36581.4296875,38795.78125,56211915803,Bitcoin
2021-05-26,39294.19921875,40782.078125,37905.8359375,38392.625,51346735160,Bitcoin
2021-05-27,38436.96875,40379.6171875,37247.90234375,39316.890625,43210968721,Bitcoin
2021-05-28,35697.60546875,38856.96875,34779.0390625,38507.08203125,55200191952,Bitcoin
2021-05-29,34616.06640625,37234.5,33693.9296875,35684.15625,45231013335,Bitcoin
2021-05-30,35678.12890625,36400.66796875,33520.73828125,34607.40625,31646080921,Bitcoin
2021-05-31,37332.85546875,37468.25,34241.9453125,35658.59375,39009847639,Bitcoin
2021-06-01,36684.92578125,37896.734375,35787.0859375,37293.79296875,34639423297,Bitcoin
2021-06-02,37575.1796875,38231.33984375,35966.30859375,36699.921875,33070867190,Bitcoin
2021-06-03,39208.765625,39478.953125,37243.97265625,37599.41015625,35460750427,Bitcoin
2021-06-04,36894.40625,39242.484375,35717.72265625,39242.484375,41831090187,Bitcoin
2021-06-05,35551.95703125,37917.71484375,34900.4140625,36880.15625,35959473399,Bitcoin
2021-06-06,35862.37890625,36436.421875,35304.578125,35538.609375,28913440585,Bitcoin
2021-06-07,33560.70703125,36790.5703125,33480.640625,35835.265625,33683936663,Bitcoin
2021-06-08,33472.6328125,34017.38671875,31114.443359375,33589.51953125,49902050442,Bitcoin
2021-06-09,37345.12109375,37537.37109375,32475.865234375,33416.9765625,53972919008,Bitcoin
2021-06-10,36702.59765625,38334.32421875,35847.59375,37389.515625,43576032854,Bitcoin
2021-06-11,37334.3984375,37608.6953125,36044.44921875,36697.03125,38699736985,Bitcoin
2021-06-12,35552.515625,37408.92578125,34728.19140625,37340.14453125,37924228550,Bitcoin
2021-06-13,39097.859375,39322.78125,34864.109375,35555.7890625,40669112838,Bitcoin
2021-06-14,40218.4765625,40978.36328125,38757.28515625,39016.96875,43148914673,Bitcoin
2021-06-15,40406.26953125,41295.26953125,39609.46875,40427.16796875,46420149185,Bitcoin
2021-06-16,38347.0625,40516.77734375,38176.03515625,40168.69140625,39211635100,Bitcoin
2021-06-17,38053.50390625,39513.671875,37439.67578125,38341.421875,37096670047,Bitcoin
2021-06-18,35787.24609375,38187.26171875,35255.85546875,38099.4765625,36200887275,Bitcoin
2021-06-19,35615.87109375,36457.796875,34933.0625,35854.52734375,31207279719,Bitcoin
2021-06-20,35698.296875,36059.484375,33432.07421875,35563.140625,36664034054,Bitcoin
2021-06-21,31676.693359375,35721.640625,31295.935546875,35641.14453125,52809038594,Bitcoin
2021-06-22,32505.66015625,33292.453125,28893.62109375,31622.376953125,58964353058,Bitcoin
2021-06-23,33723.02734375,34753.41015625,31772.6328125,32515.71484375,46317108925,Bitcoin
2021-06-24,34662.4375,35228.8515625,32385.21484375,33682.80078125,33123368116,Bitcoin
2021-06-25,31637.779296875,35487.24609375,31350.884765625,34659.10546875,40230904226,Bitcoin
2021-06-26,32186.27734375,32637.587890625,30184.501953125,31594.6640625,38585385521,Bitcoin
2021-06-27,34649.64453125,34656.12890625,32071.7578125,32287.5234375,35511640894,Bitcoin
2021-06-28,34434.3359375,35219.890625,33902.07421875,34679.12109375,33892523752,Bitcoin
2021-06-29,35867.77734375,36542.109375,34252.484375,34475.55859375,37901460044,Bitcoin
2021-06-30,35040.8359375,36074.7578125,34086.15234375,35908.38671875,34059036099,Bitcoin
2021-07-01,33572.1171875,35035.984375,32883.78125,35035.984375,37838957079,Bitcoin
2021-07-02,33897.046875,33939.58984375,32770.6796875,33549.6015625,38728974942,Bitcoin
2021-07-03,34668.546875,34909.26171875,33402.6953125,33854.421875,24383958643,Bitcoin
2021-07-04,35287.78125,35937.56640625,34396.4765625,34665.56640625,24924307911,Bitcoin
2021-07-05,33746.00390625,35284.34375,33213.66015625,35284.34375,26721554282,Bitcoin
2021-07-06,34235.1953125,35038.53515625,33599.91796875,33723.5078125,26501259870,Bitcoin
2021-07-07,33855.328125,34997.6640625,33839.2890625,34225.6796875,24796027477,Bitcoin
2021-07-08,32877.37109375,33907.90625,32133.18359375,33889.60546875,29910396946,Bitcoin
2021-07-09,33798.01171875,34042.29296875,32318.880859375,32861.671875,27436021028,Bitcoin
2021-07-10,33520.51953125,34209.0703125,33116.01171875,33811.2421875,22971873468,Bitcoin
2021-07-11,34240.1875,34584.703125,33346.73828125,33509.078125,20108729370,Bitcoin
2021-07-12,33155.84765625,34592.15625,32697.30859375,34254.015625,24321499537,Bitcoin
2021-07-13,32702.025390625,33327.1015625,32261.419921875,33125.46875,19120856669,Bitcoin
2021-07-14,32822.34765625,33061.3984375,31639.125,32723.845703125,21376531210,Bitcoin
2021-07-15,31780.73046875,33159.640625,31175.708984375,32827.875,21300524237,Bitcoin
2021-07-16,31421.5390625,32218.40625,31100.673828125,31841.55078125,23699476918,Bitcoin
2021-07-17,31533.068359375,31935.9453125,31223.990234375,31397.30859375,18895018942,Bitcoin
2021-07-18,31796.810546875,32398.99609375,31215.4921875,31533.884765625,18787986667,Bitcoin
2021-07-19,30817.83203125,31885.859375,30563.734375,31800.01171875,20434789545,Bitcoin
2021-07-20,29807.34765625,31006.1875,29360.955078125,30838.28515625,23148267245,Bitcoin
2021-07-21,32110.693359375,32752.326171875,29526.18359375,29796.28515625,28203024559,Bitcoin
2021-07-22,32313.10546875,32576.400390625,31745.298828125,32138.873046875,19555230518,Bitcoin
2021-07-23,33581.55078125,33581.55078125,32057.892578125,32305.958984375,22552046192,Bitcoin
2021-07-24,34292.4453125,34490.390625,33424.859375,33593.73046875,21664706865,Bitcoin
2021-07-25,35350.1875,35364.92578125,33881.8359375,34290.29296875,20856685287,Bitcoin
2021-07-26,37337.53515625,40499.67578125,35287.3125,35384.03125,51022126212,Bitcoin
2021-07-27,39406.94140625,39406.94140625,36441.7265625,37276.03515625,35097370560,Bitcoin
2021-07-28,39995.90625,40816.0703125,38862.4375,39503.1875,38702404695,Bitcoin
2021-07-29,40008.421875,40593.0703125,39352.05859375,39995.453125,27167146027,Bitcoin
2021-07-30,42235.546875,42235.546875,38397.35546875,40027.484375,33072782960,Bitcoin
2021-07-31,41626.1953125,42231.44921875,41110.83203125,42196.3046875,25802845343,Bitcoin
2021-08-01,39974.89453125,42541.6796875,39540.94140625,41460.84375,26688438115,Bitcoin
2021-08-02,39201.9453125,40419.1796875,38746.34765625,39907.26171875,25595265436,Bitcoin
2021-08-03,38152.98046875,39750.03125,37782.05078125,39178.40234375,26189830450,Bitcoin
2021-08-04,39747.50390625,39952.296875,37589.1640625,38213.33203125,25372562724,Bitcoin
2021-08-05,40869.5546875,41341.93359375,37458.00390625,39744.515625,35185031017,Bitcoin
2021-08-06,42816.5,43271.66015625,39932.1796875,40865.8671875,38226483046,Bitcoin
2021-08-07,44555.80078125,44689.859375,42618.56640625,42832.796875,40030862141,Bitcoin
2021-08-08,43798.1171875,45282.3515625,43331.91015625,44574.4375,36302664750,Bitcoin
2021-08-09,46365.40234375,46456.83203125,42848.6875,43791.92578125,38734079049,Bitcoin
2021-08-10,45585.03125,46637.98828125,44705.5546875,46280.84765625,33546019517,Bitcoin
2021-08-11,45593.63671875,46735.6328125,45351.7109375,45599.703125,34319709073,Bitcoin
2021-08-12,44428.2890625,46228.91015625,43861.4453125,45576.87890625,33723620826,Bitcoin
2021-08-13,47793.3203125,47831.9765625,44282.41796875,44439.69140625,31744259539,Bitcoin
2021-08-14,47096.9453125,48098.68359375,46177.6328125,47810.6875,31211354442,Bitcoin
2021-08-15,47047.00390625,47357.10546875,45579.58984375,47096.66796875,30988958446,Bitcoin
2021-08-16,46004.484375,47998.09765625,45700.3203125,47019.9609375,32776876610,Bitcoin
2021-08-17,44695.359375,47139.5703125,44512.41796875,45936.45703125,33451362600,Bitcoin
2021-08-18,44801.1875,45952.0625,44364.02734375,44686.75,32194123075,Bitcoin
2021-08-19,46717.578125,46970.76171875,43998.31640625,44741.8828125,37204312299,Bitcoin
2021-08-20,49339.17578125,49342.15234375,46650.70703125,46723.12109375,34706867452,Bitcoin
2021-08-21,48905.4921875,49717.01953125,48312.19921875,49327.07421875,40585205312,Bitcoin
2021-08-22,49321.65234375,49471.609375,48199.94140625,48869.10546875,25370975378,Bitcoin
2021-08-23,49546.1484375,50482.078125,49074.60546875,49291.67578125,34305053719,Bitcoin
2021-08-24,47706.1171875,49878.76953125,47687.1171875,49562.34765625,35361168834,Bitcoin
2021-08-25,48960.7890625,49202.87890625,47163.61328125,47727.2578125,32646349931,Bitcoin
2021-08-26,46942.21875,49347.58203125,46405.78125,49002.640625,32666549568,Bitcoin
2021-08-27,49058.66796875,49112.78515625,46394.28125,46894.5546875,34511076995,Bitcoin
2021-08-28,48902.40234375,49283.50390625,48499.23828125,49072.5859375,28568103401,Bitcoin
2021-08-29,48829.83203125,49644.11328125,47925.85546875,48911.25,25889650240,Bitcoin
2021-08-30,47054.984375,48925.60546875,46950.2734375,48834.8515625,31847007016,Bitcoin
2021-08-31,47166.6875,48189.55078125,46750.09375,47024.33984375,34730363427,Bitcoin
2021-09-01,48847.02734375,49111.08984375,46562.4375,47099.7734375,39139399125,Bitcoin
2021-09-02,49327.72265625,50343.421875,48652.3203125,48807.84765625,39508070319,Bitcoin
2021-09-03,50025.375,50982.2734375,48386.0859375,49288.25,43206179619,Bitcoin
2021-09-04,49944.625,50545.58203125,49548.78125,50009.32421875,37471327794,Bitcoin
2021-09-05,51753.41015625,51868.6796875,49538.59765625,49937.859375,30322676319,Bitcoin
2021-09-06,52633.53515625,52700.94140625,51053.6796875,51769.00390625,38884105426,Bitcoin
2021-09-07,46811.12890625,52853.765625,43285.20703125,52660.48046875,65210059683,Bitcoin
2021-09-08,46091.390625,47334.0546875,44561.39453125,46827.76171875,49007762488,Bitcoin
2021-09-09,46391.421875,47261.94921875,45669.73828125,45774.7421875,38672657013,Bitcoin
2021-09-10,44883.91015625,47031.7421875,44344.484375,46396.6640625,39154666597,Bitcoin
2021-09-11,45201.45703125,45969.29296875,44818.265625,44869.83984375,34499835245,Bitcoin
2021-09-12,46063.26953125,46364.87890625,44790.4609375,45206.62890625,27881980161,Bitcoin
2021-09-13,44963.07421875,46598.6796875,43591.3203125,46057.21484375,40969943253,Bitcoin
2021-09-14,47092.4921875,47218.125,44752.33203125,44960.05078125,38652152880,Bitcoin
2021-09-15,48176.34765625,48450.46875,46773.328125,47098.0,30484496466,Bitcoin
2021-09-16,47783.359375,48486.828125,47079.55859375,48158.90625,31764293754,Bitcoin
2021-09-17,47267.51953125,48160.921875,46832.5234375,47771.00390625,28727713711,Bitcoin
2021-09-18,48278.36328125,48791.78125,47087.28515625,47273.52734375,28575630451,Bitcoin
2021-09-19,47260.21875,48328.3671875,46919.8046875,48268.85546875,26967722648,Bitcoin
2021-09-20,42843.80078125,47328.19921875,42598.9140625,47261.40625,43909845642,Bitcoin
2021-09-21,40693.67578125,43607.609375,39787.609375,43012.234375,48701090088,Bitcoin
2021-09-22,43574.5078125,43978.62109375,40625.6328125,40677.953125,38139709246,Bitcoin
2021-09-23,44895.09765625,44942.17578125,43109.33984375,43560.296875,34244064430,Bitcoin
2021-09-24,42839.75,45080.4921875,40936.55859375,44894.30078125,42839345714,Bitcoin
2021-09-25,42716.59375,42996.2578125,41759.921875,42840.890625,31604717236,Bitcoin
2021-09-26,43208.5390625,43919.30078125,40848.4609375,42721.62890625,30661222077,Bitcoin
2021-09-27,42235.73046875,44313.24609375,42190.6328125,43234.18359375,30980029059,Bitcoin
2021-09-28,41034.54296875,42775.14453125,40931.6640625,42200.8984375,30214940550,Bitcoin
2021-09-29,41564.36328125,42545.2578125,40829.66796875,41064.984375,30602359905,Bitcoin
2021-09-30,43790.89453125,44092.6015625,41444.58203125,41551.26953125,31141681925,Bitcoin
2021-10-01,48116.94140625,48436.01171875,43320.0234375,43816.7421875,42850641582,Bitcoin
2021-10-02,47711.48828125,48282.0625,47465.49609375,48137.46875,30614346492,Bitcoin
2021-10-03,48199.953125,49130.69140625,47157.2890625,47680.02734375,26638115879,Bitcoin
2021-10-04,49112.90234375,49456.77734375,47045.00390625,48208.90625,33383173002,Bitcoin
2021-10-05,51514.8125,51839.984375,49072.83984375,49174.9609375,35873904236,Bitcoin
2021-10-06,55361.44921875,55568.46484375,50488.19140625,51486.6640625,49034730168,Bitcoin
2021-10-07,53805.984375,55338.625,53525.46875,55338.625,36807860413,Bitcoin
2021-10-08,53967.84765625,55922.98046875,53688.0546875,53802.14453125,34800873924,Bitcoin
2021-10-09,54968.22265625,55397.9453125,53735.14453125,53929.78125,32491211414,Bitcoin
2021-10-10,54771.578125,56401.3046875,54264.2578125,54952.8203125,39527792364,Bitcoin
2021-10-11,57484.7890625,57793.0390625,54519.765625,54734.125,42637331698,Bitcoin
2021-10-12,56041.05859375,57627.87890625,54477.97265625,57526.83203125,41083758949,Bitcoin
2021-10-13,57401.09765625,57688.66015625,54370.97265625,56038.2578125,41684252783,Bitcoin
2021-10-14,57321.5234375,58478.734375,56957.07421875,57372.83203125,36615791366,Bitcoin
2021-10-15,61593.94921875,62757.12890625,56868.14453125,57345.90234375,51780081801,Bitcoin
2021-10-16,60892.1796875,62274.4765625,60206.12109375,61609.52734375,34250964237,Bitcoin
2021-10-17,61553.6171875,61645.5234375,59164.46875,60887.65234375,29032367511,Bitcoin
2021-10-18,62026.078125,62614.66015625,60012.7578125,61548.8046875,38055562075,Bitcoin
2021-10-19,64261.9921875,64434.53515625,61622.93359375,62043.1640625,40471196346,Bitcoin
2021-10-20,65992.8359375,66930.390625,63610.67578125,64284.5859375,40788955582,Bitcoin
2021-10-21,62210.171875,66600.546875,62117.41015625,66002.234375,45908121370,Bitcoin
2021-10-22,60692.265625,63715.0234375,60122.796875,62237.890625,38434082775,Bitcoin
2021-10-23,61393.6171875,61743.87890625,59826.5234375,60694.62890625,26882546034,Bitcoin
2021-10-24,60930.8359375,61505.8046875,59643.34375,61368.34375,27316183882,Bitcoin
2021-10-25,63039.82421875,63729.32421875,60691.80078125,60893.92578125,31064911614,Bitcoin
2021-10-26,60363.79296875,63229.02734375,59991.16015625,63032.76171875,34878965587,Bitcoin
2021-10-27,58482.38671875,61435.18359375,58208.1875,60352.0,43657076893,Bitcoin
2021-10-28,60622.13671875,62128.6328125,58206.91796875,58470.73046875,45257083247,Bitcoin
2021-10-29,62227.96484375,62927.609375,60329.96484375,60624.87109375,36856881767,Bitcoin
2021-10-30,61888.83203125,62330.14453125,60918.38671875,62239.36328125,32157938616,Bitcoin
2021-10-31,61318.95703125,62406.171875,60074.328125,61850.48828125,32241199927,Bitcoin
2021-11-01,61004.40625,62419.00390625,59695.18359375,61320.44921875,36150572843,Bitcoin
2021-11-02,63226.40234375,64242.79296875,60673.0546875,60963.25390625,37746665647,Bitcoin
2021-11-03,62970.046875,63516.9375,61184.23828125,63254.3359375,36124731509,Bitcoin
2021-11-04,61452.23046875,63123.2890625,60799.6640625,62941.8046875,32615846901,Bitcoin
2021-11-05,61125.67578125,62541.46875,60844.609375,61460.078125,30605102446,Bitcoin
2021-11-06,61527.48046875,61590.68359375,60163.78125,61068.875,29094934221,Bitcoin
2021-11-07,63326.98828125,63326.98828125,61432.48828125,61554.921875,24726754302,Bitcoin
2021-11-08,67566.828125,67673.7421875,63344.06640625,63344.06640625,41125608330,Bitcoin
2021-11-09,66971.828125,68530.3359375,66382.0625,67549.734375,42357991721,Bitcoin
2021-11-10,64995.23046875,68789.625,63208.11328125,66953.3359375,48730828378,Bitcoin
2021-11-11,64949.9609375,65579.015625,64180.48828125,64978.890625,35880633236,Bitcoin
2021-11-12,64155.94140625,65460.81640625,62333.9140625,64863.98046875,36084893887,Bitcoin
2021-11-13,64469.52734375,64915.67578125,63303.734375,64158.12109375,30474228777,Bitcoin
2021-11-14,65466.83984375,65495.1796875,63647.80859375,64455.37109375,25122092191,Bitcoin
2021-11-15,63557.87109375,66281.5703125,63548.14453125,65521.2890625,30558763548,Bitcoin
2021-11-16,60161.24609375,63721.1953125,59016.3359375,63721.1953125,46844335592,Bitcoin
2021-11-17,60368.01171875,60823.609375,58515.41015625,60139.62109375,39178392930,Bitcoin
2021-11-18,56942.13671875,60948.5,56550.79296875,60360.13671875,41388338699,Bitcoin
2021-11-19,58119.578125,58351.11328125,55705.1796875,56896.12890625,38702407772,Bitcoin
2021-11-20,59697.1953125,59859.87890625,57469.7265625,58115.08203125,30624264863,Bitcoin
2021-11-21,58730.4765625,60004.42578125,58618.9296875,59730.5078125,26123447605,Bitcoin
2021-11-22,56289.2890625,59266.359375,55679.83984375,58706.84765625,35036121783,Bitcoin
2021-11-23,57569.07421875,57875.515625,55632.76171875,56304.5546875,37485803899,Bitcoin
2021-11-24,56280.42578125,57803.06640625,55964.22265625,57565.8515625,36635566789,Bitcoin
2021-11-25,57274.6796875,59367.96875,57146.68359375,57165.41796875,34284016248,Bitcoin
2021-11-26,53569.765625,59183.48046875,53569.765625,58960.28515625,41810748221,Bitcoin
2021-11-27,54815.078125,55329.2578125,53668.35546875,53736.4296875,30560857714,Bitcoin
2021-11-28,57248.45703125,57393.84375,53576.734375,54813.0234375,28116886357,Bitcoin
2021-11-29,57806.56640625,58872.87890625,56792.52734375,57291.90625,32370840356,Bitcoin
2021-11-30,57005.42578125,59113.40234375,56057.28125,57830.11328125,36708594618,Bitcoin
2021-12-01,57229.828125,59041.68359375,56553.08203125,56907.96484375,36858195307,Bitcoin
2021-12-02,56477.81640625,57349.234375,55895.1328125,57217.37109375,32379968686,Bitcoin
2021-12-03,53598.24609375,57482.16796875,52496.5859375,56509.1640625,39789134215,Bitcoin
2021-12-04,49200.703125,53904.6796875,42874.6171875,53727.87890625,61385677469,Bitcoin
2021-12-05,49368.84765625,49768.1484375,47857.49609375,49201.51953125,37198201161,Bitcoin
2021-12-06,50582.625,50929.51953125,47281.03515625,49413.48046875,37707308001,Bitcoin
2021-12-07,50700.0859375,51934.78125,50175.80859375,50581.828125,33676814852,Bitcoin
2021-12-08,50504.796875,51171.375,48765.98828125,50667.6484375,28479699446,Bitcoin
2021-12-09,47672.12109375,50797.1640625,47358.3515625,50450.08203125,29603577251,Bitcoin
2021-12-10,47243.3046875,50015.25390625,47023.69921875,47642.14453125,30966005122,Bitcoin
2021-12-11,49362.5078125,49458.2109375,46942.34765625,47264.6328125,25775869261,Bitcoin
2021-12-12,50098.3359375,50724.8671875,48725.8515625,49354.85546875,21939223599,Bitcoin
2021-12-13,46737.48046875,50205.0,45894.84765625,50114.7421875,32166727776,Bitcoin
2021-12-14,46612.6328125,48431.3984375,46424.49609375,46709.82421875,34638619079,Bitcoin
2021-12-15,48896.72265625,49473.95703125,46671.96484375,48379.75390625,36541828520,Bitcoin
2021-12-16,47665.42578125,49425.57421875,47529.87890625,48900.46484375,27268150947,Bitcoin
2021-12-17,46202.14453125,48004.89453125,45618.21484375,47653.73046875,32902725329,Bitcoin
2021-12-18,46848.77734375,47313.828125,45598.44140625,46219.25390625,26098292690,Bitcoin
2021-12-19,46707.015625,48089.6640625,46502.953125,46853.8671875,25154053861,Bitcoin
2021-12-20,46880.27734375,47401.71875,45579.80859375,46707.0625,30961902129,Bitcoin
2021-12-21,48936.61328125,49300.91796875,46698.7734375,46886.078125,27055803928,Bitcoin
2021-12-22,48628.51171875,49544.796875,48450.94140625,48937.09765625,24447979559,Bitcoin
2021-12-23,50784.5390625,51332.33984375,48065.8359375,48626.34375,28223878108,Bitcoin
2021-12-24,50822.1953125,51814.02734375,50514.49609375,50806.05078125,24367912228,Bitcoin
2021-12-25,50429.859375,51176.59765625,50236.70703125,50854.91796875,19030650914,Bitcoin
2021-12-26,50809.515625,51196.37890625,49623.10546875,50428.69140625,20964372926,Bitcoin
2021-12-27,50640.41796875,51956.328125,50499.46875,50802.609375,24324345758,Bitcoin
2021-12-28,47588.85546875,50679.859375,47414.2109375,50679.859375,33430376883,Bitcoin
2021-12-29,46444.7109375,48119.7421875,46201.49609375,47623.87109375,30049226299,Bitcoin
2021-12-30,47178.125,47879.96484375,46060.3125,46490.60546875,26686491018,Bitcoin
2021-12-31,46306.4453125,48472.52734375,45819.953125,47169.37109375,36974172400,Bitcoin
2022-01-01,47686.8125,47827.3125,46288.484375,46311.74609375,24582667004,Bitcoin
2022-01-02,47345.21875,47881.40625,46856.9375,47680.92578125,27951569547,Bitcoin
2022-01-03,46458.1171875,47510.7265625,45835.96484375,47343.54296875,33071628362,Bitcoin
2022-01-04,45897.57421875,47406.546875,45752.46484375,46458.8515625,42494677905,Bitcoin
2022-01-05,43569.00390625,46929.046875,42798.22265625,45899.359375,36851084859,Bitcoin
2022-01-06,43160.9296875,43748.71875,42645.5390625,43565.51171875,30208048289,Bitcoin
2022-01-07,41557.90234375,43153.5703125,41077.4453125,43153.5703125,84196607520,Bitcoin
2022-01-08,41733.94140625,42228.94140625,40672.27734375,41561.46484375,28066355845,Bitcoin
2022-01-09,41911.6015625,42663.94921875,41338.16015625,41734.7265625,21294384372,Bitcoin
2022-01-10,41821.26171875,42199.484375,39796.5703125,41910.23046875,32104232331,Bitcoin
2022-01-11,42735.85546875,43001.15625,41407.75390625,41819.5078125,26327648900,Bitcoin
2022-01-12,43949.1015625,44135.3671875,42528.98828125,42742.1796875,33499938689,Bitcoin
2022-01-13,42591.5703125,44278.421875,42447.04296875,43946.7421875,47691135082,Bitcoin
2022-01-14,43099.69921875,43346.6875,41982.6171875,42598.87109375,23577403399,Bitcoin
2022-01-15,43177.3984375,43724.671875,42669.03515625,43101.8984375,18371348298,Bitcoin
2022-01-16,43113.87890625,43436.80859375,42691.0234375,43172.0390625,17902097845,Bitcoin
2022-01-17,42250.55078125,43179.390625,41680.3203125,43118.12109375,21690904261,Bitcoin
2022-01-18,42375.6328125,42534.40234375,41392.21484375,42250.07421875,22417209227,Bitcoin
2022-01-19,41744.328125,42478.3046875,41242.9140625,42374.0390625,23091543258,Bitcoin
2022-01-20,40680.41796875,43413.0234375,40672.82421875,41744.02734375,20382033940,Bitcoin
2022-01-21,36457.31640625,41060.52734375,35791.42578125,40699.60546875,43011992031,Bitcoin
2022-01-22,35030.25,36688.8125,34349.25,36471.58984375,39714385405,Bitcoin
2022-01-23,36276.8046875,36433.3125,34784.96875,35047.359375,26017975951,Bitcoin
2022-01-24,36654.328125,37247.51953125,33184.05859375,36275.734375,41856658597,Bitcoin
2022-01-25,36954.00390625,37444.5703125,35779.4296875,36654.8046875,26428189594,Bitcoin
2022-01-26,36852.12109375,38825.41015625,36374.90625,36950.515625,31324598034,Bitcoin
2022-01-27,37138.234375,37148.32421875,35629.28125,36841.87890625,25041426629,Bitcoin
2022-01-28,37784.33203125,37952.87890625,36211.109375,37128.4453125,22238830523,Bitcoin
2022-01-29,38138.1796875,38576.26171875,37406.47265625,37780.71484375,17194183075,Bitcoin
2022-01-30,37917.6015625,38266.33984375,37437.7109375,38151.91796875,14643548444,Bitcoin
2022-01-31,38483.125,38647.26171875,36733.57421875,37920.28125,20734730465,Bitcoin
2022-02-01,38743.2734375,39115.1328125,38113.6640625,38481.765625,20288500328,Bitcoin
2022-02-02,36952.984375,38834.6171875,36832.73046875,38743.71484375,19155189416,Bitcoin
2022-02-03,37154.6015625,37154.6015625,36375.5390625,36944.8046875,18591534769,Bitcoin
2022-02-04,41500.875,41527.78515625,37093.62890625,37149.265625,29412210792,Bitcoin
2022-02-05,41441.1640625,41847.1640625,41038.09765625,41501.48046875,19652846215,Bitcoin
2022-02-06,42412.43359375,42500.78515625,41244.90625,41441.12109375,16142097334,Bitcoin
2022-02-07,43840.28515625,44401.86328125,41748.15625,42406.78125,28641855926,Bitcoin
2022-02-08,44118.4453125,45293.8671875,42807.8359375,43854.65234375,33079398868,Bitcoin
2022-02-09,44338.796875,44727.80078125,43232.96875,44096.703125,23245887300,Bitcoin
2022-02-10,43565.11328125,45661.171875,43402.80859375,44347.80078125,32142048537,Bitcoin
2022-02-11,42407.9375,43810.83203125,42114.5390625,43571.12890625,26954925781,Bitcoin
2022-02-12,42244.46875,42992.55078125,41852.57421875,42412.30078125,18152390304,Bitcoin
2022-02-13,42197.515625,42693.0546875,41950.94140625,42236.56640625,14741589015,Bitcoin
2022-02-14,42586.91796875,42775.77734375,41681.95703125,42157.3984375,20827783012,Bitcoin
2022-02-15,44575.203125,44667.21875,42491.03515625,42586.46484375,22721659051,Bitcoin
2022-02-16,43961.859375,44578.27734375,43456.69140625,44578.27734375,19792547657,Bitcoin
2022-02-17,40538.01171875,44132.97265625,40249.37109375,43937.0703125,26246662813,Bitcoin
2022-02-18,40030.9765625,40929.15234375,39637.6171875,40552.1328125,23310007704,Bitcoin
2022-02-19,40122.15625,40418.87890625,39713.05859375,40026.0234375,13736557863,Bitcoin
2022-02-20,38431.37890625,40119.890625,38112.8125,40118.1015625,18340576452,Bitcoin
2022-02-21,37075.28125,39394.4375,36950.4765625,38423.2109375,29280402798,Bitcoin
2022-02-22,38286.02734375,38359.85546875,36488.93359375,37068.76953125,25493150450,Bitcoin
2022-02-23,37296.5703125,39122.39453125,37201.81640625,38285.28125,21849073843,Bitcoin
2022-02-24,38332.609375,38968.83984375,34459.21875,37278.56640625,46383802093,Bitcoin
2022-02-25,39214.21875,39630.32421875,38111.34375,38333.74609375,26545599159,Bitcoin
2022-02-26,39105.1484375,40005.34765625,38702.53515625,39213.08203125,17467554129,Bitcoin
2022-02-27,37709.78515625,39778.94140625,37268.9765625,39098.69921875,23450127612,Bitcoin
2022-02-28,43193.234375,43760.45703125,37518.21484375,37706.0,35690014104,Bitcoin
2022-03-01,44354.63671875,44793.6015625,42952.5859375,43194.50390625,32479047645,Bitcoin
2022-03-02,43924.1171875,45077.578125,43432.8515625,44357.6171875,29183112630,Bitcoin
2022-03-03,42451.7890625,44021.578125,41914.75,43925.1953125,24967782593,Bitcoin
2022-03-04,39137.60546875,42479.61328125,38805.84765625,42458.140625,28516271427,Bitcoin
2022-03-05,39400.5859375,39566.3359375,38777.03515625,39148.44921875,16975917450,Bitcoin
2022-03-06,38419.984375,39640.17578125,38211.6484375,39404.19921875,19745229902,Bitcoin
2022-03-07,38062.0390625,39430.2265625,37260.203125,38429.3046875,28546143503,Bitcoin
2022-03-08,38737.26953125,39304.44140625,37957.38671875,38059.90234375,25776583476,Bitcoin
2022-03-09,41982.92578125,42465.671875,38706.09375,38742.81640625,32284121034,Bitcoin
2022-03-10,39437.4609375,42004.7265625,38832.94140625,41974.0703125,31078064711,Bitcoin
2022-03-11,38794.97265625,40081.6796875,38347.43359375,39439.96875,26364890465,Bitcoin
2022-03-12,38904.01171875,39308.59765625,38772.53515625,38794.46484375,14616450657,Bitcoin
2022-03-13,37849.6640625,39209.3515625,37728.14453125,38884.7265625,17300745310,Bitcoin
2022-03-14,39666.75390625,39742.5,37680.734375,37846.31640625,24322159070,Bitcoin
2022-03-15,39338.78515625,39794.62890625,38310.2109375,39664.25,23934000868,Bitcoin
2022-03-16,41143.9296875,41465.453125,39022.34765625,39335.5703125,39616916192,Bitcoin
2022-03-17,40951.37890625,41287.53515625,40662.87109375,41140.84375,22009601093,Bitcoin
2022-03-18,41801.15625,42195.74609375,40302.3984375,40944.83984375,34421564942,Bitcoin
2022-03-19,42190.65234375,42316.5546875,41602.66796875,41794.6484375,19664853187,Bitcoin
2022-03-20,41247.82421875,42241.1640625,41004.7578125,42191.40625,20127946682,Bitcoin
2022-03-21,41077.99609375,41454.41015625,40668.04296875,41246.1328125,24615543271,Bitcoin
2022-03-22,42358.80859375,43124.70703125,40948.28125,41074.10546875,32004652376,Bitcoin
2022-03-23,42892.95703125,42893.5078125,41877.5078125,42364.37890625,25242943069,Bitcoin
2022-03-24,43960.93359375,44131.85546875,42726.1640625,42886.65234375,31042992291,Bitcoin
2022-03-25,44348.73046875,44999.4921875,43706.28515625,43964.546875,30574413034,Bitcoin
2022-03-26,44500.828125,44735.99609375,44166.2734375,44349.859375,16950455995,Bitcoin
2022-03-27,46820.4921875,46827.546875,44437.29296875,44505.35546875,28160889722,Bitcoin
2022-03-28,47128.00390625,48086.8359375,46690.203125,46821.8515625,36362175703,Bitcoin
2022-03-29,47465.73046875,48022.2890625,47100.4375,47100.4375,31397059069,Bitcoin
2022-03-30,47062.6640625,47655.1484375,46746.2109375,47456.8984375,29333883962,Bitcoin
2022-03-31,45538.67578125,47512.02734375,45390.5390625,47062.1484375,33327427106,Bitcoin
2022-04-01,46281.64453125,46616.2421875,44403.140625,45554.1640625,38162644287,Bitcoin
2022-04-02,45868.94921875,47028.28125,45782.51171875,46285.5,29336594194,Bitcoin
2022-04-03,46453.56640625,47313.4765625,45634.10546875,45859.12890625,25414397610,Bitcoin
2022-04-04,46622.67578125,46791.08984375,45235.81640625,46445.2734375,32499785455,Bitcoin
2022-04-05,45555.9921875,47106.140625,45544.80859375,46624.5078125,29640604055,Bitcoin
2022-04-06,43206.73828125,45544.35546875,43193.953125,45544.35546875,39393395788,Bitcoin
2022-04-07,43503.84765625,43860.69921875,42899.90625,43207.5,26101973106,Bitcoin
2022-04-08,42287.6640625,43903.01953125,42183.2890625,43505.13671875,27215995394,Bitcoin
2022-04-09,42782.13671875,42786.81640625,42183.25390625,42282.078125,16050772496,Bitcoin
2022-04-10,42207.671875,43376.37890625,42021.20703125,42781.08984375,17654475582,Bitcoin
2022-04-11,39521.90234375,42424.58984375,39373.05859375,42201.0390625,33949912166,Bitcoin
2022-04-12,40127.18359375,40617.5859375,39388.328125,39533.71484375,30991500854,Bitcoin
2022-04-13,41166.73046875,41430.0546875,39712.74609375,40123.5703125,27691105228,Bitcoin
2022-04-14,39935.515625,41451.48046875,39695.74609375,41160.21875,24342001973,Bitcoin
2022-04-15,40553.46484375,40617.72265625,39866.83203125,39939.40234375,21756855753,Bitcoin
2022-04-16,40424.484375,40633.6796875,40078.42578125,40552.31640625,16833150693,Bitcoin
2022-04-17,39716.953125,40570.7265625,39620.89453125,40417.77734375,19087633042,Bitcoin
2022-04-18,40826.21484375,40986.3203125,38696.19140625,39721.203125,33705182072,Bitcoin
2022-04-19,41502.75,41672.9609375,40618.6328125,40828.17578125,25303206547,Bitcoin
2022-04-20,41374.37890625,42126.30078125,40961.09765625,41501.74609375,27819532341,Bitcoin
2022-04-21,40527.36328125,42893.58203125,40063.828125,41371.515625,35372786395,Bitcoin
2022-04-22,39740.3203125,40777.7578125,39315.41796875,40525.86328125,28011716745,Bitcoin
2022-04-23,39486.73046875,39935.859375,39352.203125,39738.72265625,16138021249,Bitcoin
2022-04-24,39469.29296875,39845.92578125,39233.5390625,39478.375,17964398167,Bitcoin
2022-04-25,40458.30859375,40491.75390625,38338.37890625,39472.60546875,35445730570,Bitcoin
2022-04-26,38117.4609375,40713.890625,37884.984375,40448.421875,34569088416,Bitcoin
2022-04-27,39241.12109375,39397.91796875,37997.3125,38120.30078125,30981015184,Bitcoin
2022-04-28,39773.828125,40269.46484375,38941.421875,39241.4296875,33903704907,Bitcoin
2022-04-29,38609.82421875,39887.26953125,38235.53515625,39768.6171875,30882994649,Bitcoin
2022-04-30,37714.875,38771.2109375,37697.94140625,38605.859375,23895713731,Bitcoin
2022-05-01,38469.09375,38627.859375,37585.7890625,37713.265625,27002760110,Bitcoin
2022-05-02,38529.328125,39074.97265625,38156.5625,38472.1875,32922642426,Bitcoin
2022-05-03,37750.453125,38629.99609375,37585.62109375,38528.109375,27326943244,Bitcoin
2022-05-04,39698.37109375,39902.94921875,37732.05859375,37748.01171875,36754404490,Bitcoin
2022-05-05,36575.140625,39789.28125,35856.515625,39695.74609375,43106256317,Bitcoin
2022-05-06,36040.921875,36624.359375,35482.1328125,36573.18359375,37795577489,Bitcoin
2022-05-07,35501.953125,36129.92578125,34940.82421875,36042.50390625,24375896406,Bitcoin
2022-05-08,34059.265625,35502.94140625,33878.96484375,35502.94140625,36763041910,Bitcoin
2022-05-09,30296.953125,34222.07421875,30296.953125,34060.015625,63355494961,Bitcoin
2022-05-10,31022.90625,32596.30859375,29944.802734375,30273.654296875,59811038817,Bitcoin
2022-05-11,28936.35546875,32013.40234375,28170.4140625,31016.18359375,70388855818,Bitcoin
2022-05-12,29047.751953125,30032.439453125,26350.490234375,28936.734375,66989173272,Bitcoin
2022-05-13,29283.103515625,30924.802734375,28782.330078125,29030.91015625,42841124537,Bitcoin
2022-05-14,30101.265625,30192.802734375,28702.91015625,29285.642578125,28579868620,Bitcoin
2022-05-15,31305.11328125,31308.19140625,29527.740234375,30098.5859375,25835372065,Bitcoin
2022-05-16,29862.91796875,31305.341796875,29251.884765625,31304.375,32613897286,Bitcoin
2022-05-17,30425.857421875,30694.490234375,29570.302734375,29862.408203125,29101473475,Bitcoin
2022-05-18,28720.271484375,30618.716796875,28720.271484375,30424.478515625,31285268319,Bitcoin
2022-05-19,30314.333984375,30430.751953125,28708.955078125,28720.359375,33773447707,Bitcoin
2022-05-20,29200.740234375,30664.9765625,28793.60546875,30311.119140625,30749382605,Bitcoin
2022-05-21,29432.2265625,29588.869140625,29027.39453125,29199.859375,17274840442,Bitcoin
2022-05-22,30323.72265625,30425.861328125,29275.18359375,29432.47265625,21631532270,Bitcoin
2022-05-23,29098.91015625,30590.5859375,28975.560546875,30309.396484375,31483454557,Bitcoin
2022-05-24,29655.5859375,29774.35546875,28786.58984375,29101.125,26616506245,Bitcoin
2022-05-25,29562.361328125,30157.78515625,29384.94921875,29653.134765625,27525063551,Bitcoin
2022-05-26,29267.224609375,29834.16015625,28261.90625,29564.77734375,36774325352,Bitcoin
2022-05-27,28627.57421875,29346.943359375,28326.61328125,29251.140625,36582005748,Bitcoin
2022-05-28,28814.900390625,28814.900390625,28554.56640625,28622.625,35519577634,Bitcoin
2022-05-29,29445.95703125,29498.009765625,28841.107421875,29019.8671875,18093886409,Bitcoin
2022-05-30,31726.390625,31949.630859375,29303.572265625,29443.365234375,39277993274,Bitcoin
2022-05-31,31792.310546875,32249.86328125,31286.154296875,31723.865234375,33538210634,Bitcoin
2022-06-01,29799.080078125,31957.28515625,29501.587890625,31792.5546875,41135817341,Bitcoin
2022-06-02,30467.48828125,30604.734375,29652.705078125,29794.890625,29083562061,Bitcoin
2022-06-03,29704.390625,30633.03515625,29375.689453125,30467.806640625,26175547452,Bitcoin
2022-06-04,29832.9140625,29930.564453125,29500.005859375,29706.138671875,16588370958,Bitcoin
2022-06-05,29906.662109375,30117.744140625,29574.44921875,29835.1171875,17264085441,Bitcoin
2022-06-06,31370.671875,31693.291015625,29894.1875,29910.283203125,31947336829,Bitcoin
2022-06-07,31155.478515625,31489.68359375,29311.68359375,31371.7421875,40770974039,Bitcoin
2022-06-08,30214.35546875,31253.69140625,29944.404296875,31151.48046875,30242059107,Bitcoin
2022-06-09,30111.998046875,30609.310546875,30020.265625,30215.279296875,21692004719,Bitcoin
2022-06-10,29083.8046875,30245.80859375,28978.146484375,30110.330078125,29867476527,Bitcoin
2022-06-11,28360.810546875,29401.916015625,28236.212890625,29084.666015625,27246574439,Bitcoin
2022-06-12,26762.6484375,28502.685546875,26762.6484375,28373.513671875,34163220274,Bitcoin
2022-06-13,22487.388671875,26795.58984375,22141.2578125,26737.578125,68204556440,Bitcoin
2022-06-14,22206.79296875,23018.951171875,20950.818359375,22487.986328125,50913575242,Bitcoin
2022-06-15,22572.83984375,22642.671875,20178.376953125,22196.73046875,54912007015,Bitcoin
2022-06-16,20381.650390625,22868.921875,20265.2265625,22576.3046875,31183975654,Bitcoin
2022-06-17,20471.482421875,21243.3125,20326.51953125,20385.71875,27132421514,Bitcoin
2022-06-18,19017.642578125,20736.041015625,17708.623046875,20473.42578125,42009436760,Bitcoin
2022-06-19,20553.271484375,20683.822265625,18067.15234375,19010.90234375,35329942625,Bitcoin
2022-06-20,20599.537109375,20913.322265625,19689.169921875,20553.37109375,30818458597,Bitcoin
2022-06-21,20710.59765625,21620.62890625,20415.0625,20594.294921875,28970212744,Bitcoin
2022-06-22,19987.029296875,20835.75,19848.078125,20719.4140625,28574793478,Bitcoin
2022-06-23,21085.876953125,21135.76171875,19950.1171875,19986.607421875,26188097173,Bitcoin
2022-06-24,21231.65625,21472.91796875,20777.51171875,21084.6484375,24957784918,Bitcoin
2022-06-25,21502.337890625,21520.9140625,20964.5859375,21233.609375,18372538715,Bitcoin
2022-06-26,21027.294921875,21783.724609375,21016.26953125,21496.494140625,18027170497,Bitcoin
2022-06-27,20735.478515625,21478.08984375,20620.19921875,21028.23828125,20965695707,Bitcoin
2022-06-28,20280.634765625,21164.423828125,20228.8125,20731.544921875,21381535161,Bitcoin
2022-06-29,20104.0234375,20364.15625,19937.791015625,20281.169921875,23552740328,Bitcoin
2022-06-30,19784.7265625,20141.16015625,18729.65625,20108.3125,26267239923,Bitcoin
2022-07-01,19269.3671875,20632.671875,19073.708984375,19820.470703125,30767551159,Bitcoin
2022-07-02,19242.255859375,19371.748046875,19027.08203125,19274.8359375,18100418740,Bitcoin
2022-07-03,19297.076171875,19558.26953125,18966.951171875,19242.095703125,16390821947,Bitcoin
2022-07-04,20231.26171875,20258.748046875,19063.06640625,19297.314453125,21594638208,Bitcoin
2022-07-05,20190.115234375,20635.466796875,19341.232421875,20225.353515625,26715546990,Bitcoin
2022-07-06,20548.24609375,20595.529296875,19823.51171875,20194.619140625,24598943708,Bitcoin
2022-07-07,21637.587890625,21771.81640625,20296.103515625,20547.814453125,25814972520,Bitcoin
2022-07-08,21731.1171875,22314.94140625,21257.453125,21637.154296875,49899834488,Bitcoin
2022-07-09,21592.20703125,21877.138671875,21445.95703125,21716.828125,29641127858,Bitcoin
2022-07-10,20860.44921875,21591.080078125,20727.123046875,21591.080078125,28688807249,Bitcoin
2022-07-11,19970.556640625,20856.353515625,19924.5390625,20856.353515625,24150249025,Bitcoin
2022-07-12,19323.9140625,20043.4453125,19308.53125,19970.474609375,25810220018,Bitcoin
2022-07-13,20212.07421875,20223.052734375,18999.953125,19325.97265625,33042430345,Bitcoin
2022-07-14,20569.919921875,20789.89453125,19689.2578125,20211.466796875,31158743333,Bitcoin
2022-07-15,20836.328125,21138.244140625,20397.0,20573.15625,25905575359,Bitcoin
2022-07-16,21190.31640625,21514.404296875,20518.8984375,20834.103515625,24302954056,Bitcoin
2022-07-17,20779.34375,21600.640625,20778.1796875,21195.041015625,22927802083,Bitcoin
2022-07-18,22485.689453125,22633.033203125,20781.912109375,20781.912109375,39974475562,Bitcoin
2022-07-19,23389.43359375,23666.962890625,21683.40625,22467.849609375,48765202697,Bitcoin
2022-07-20,23231.732421875,24196.818359375,23009.94921875,23393.19140625,42932549127,Bitcoin
2022-07-21,23164.62890625,23388.322265625,22431.1484375,23233.201171875,33631012204,Bitcoin
2022-07-22,22714.978515625,23671.927734375,22603.416015625,23163.751953125,31421555646,Bitcoin
2022-07-23,22465.478515625,22977.2109375,22002.91015625,22706.984375,24021799169,Bitcoin
2022-07-24,22609.1640625,22974.001953125,22306.83984375,22465.509765625,23565495303,Bitcoin
2022-07-25,21361.701171875,22649.12109375,21361.642578125,22607.15625,35574561406,Bitcoin
2022-07-26,21239.75390625,21361.12109375,20776.81640625,21361.12109375,28624673855,Bitcoin
2022-07-27,22930.548828125,22986.529296875,21070.806640625,21244.169921875,31758955233,Bitcoin
2022-07-28,23843.88671875,24110.470703125,22722.265625,22933.640625,40212386158,Bitcoin
2022-07-29,23804.6328125,24294.787109375,23481.173828125,23845.212890625,35887249746,Bitcoin
2022-07-30,23656.20703125,24572.580078125,23580.5078125,23796.818359375,28148218301,Bitcoin
2022-07-31,23336.896484375,24121.642578125,23275.703125,23652.0703125,23553591896,Bitcoin
2022-08-01,23314.19921875,23464.787109375,22890.796875,23336.71875,25849159141,Bitcoin
2022-08-02,22978.1171875,23415.041015625,22710.083984375,23308.43359375,28389250717,Bitcoin
2022-08-03,22846.5078125,23578.650390625,22747.8359375,22981.302734375,26288169966,Bitcoin
2022-08-04,22630.95703125,23198.009765625,22485.701171875,22848.21484375,25120229769,Bitcoin
2022-08-05,23289.314453125,23422.828125,22612.177734375,22626.833984375,28881249043,Bitcoin
2022-08-06,22961.279296875,23326.5625,22961.279296875,23291.423828125,15978259885,Bitcoin
2022-08-07,23175.890625,23359.009765625,22894.556640625,22963.505859375,15886817043,Bitcoin
2022-08-08,23809.486328125,24203.689453125,23176.546875,23179.52734375,28575544847,Bitcoin
2022-08-09,23164.318359375,23898.615234375,22982.0,23811.484375,23555719219,Bitcoin
2022-08-10,23947.642578125,24127.4140625,22771.51953125,23162.8984375,32837431722,Bitcoin
2022-08-11,23957.529296875,24822.62890625,23900.99609375,23948.345703125,37127036580,Bitcoin
2022-08-12,24402.818359375,24412.56640625,23657.265625,23957.203125,27265804688,Bitcoin
2022-08-13,24424.068359375,24860.05078125,24346.115234375,24402.1875,22987346289,Bitcoin
2022-08-14,24319.333984375,24974.9140625,24206.259765625,24429.056640625,22994133555,Bitcoin
2022-08-15,24136.97265625,25135.58984375,23839.775390625,24318.31640625,35123501685,Bitcoin
2022-08-16,23883.291015625,24228.416015625,23733.5,24126.13671875,27753685646,Bitcoin
2022-08-17,23335.998046875,24407.05859375,23243.353515625,23881.31640625,30931623076,Bitcoin
2022-08-18,23212.73828125,23563.83203125,23177.6015625,23341.0390625,23747613147,Bitcoin
2022-08-19,20877.552734375,23213.3125,20868.84765625,23213.3125,40509610260,Bitcoin
2022-08-20,21166.060546875,21350.806640625,20856.73046875,20872.841796875,27595671000,Bitcoin
2022-08-21,21534.12109375,21668.845703125,21103.197265625,21160.392578125,23102307723,Bitcoin
2022-08-22,21398.908203125,21531.462890625,20939.18359375,21531.462890625,31666498758,Bitcoin
2022-08-23,21528.087890625,21646.203125,20955.138671875,21401.044921875,31878280659,Bitcoin
2022-08-24,21395.01953125,21783.076171875,21195.005859375,21526.455078125,31962253368,Bitcoin
2022-08-25,21600.904296875,21789.63671875,21362.44140625,21395.458984375,31028679593,Bitcoin
2022-08-26,20260.01953125,21804.908203125,20199.482421875,21596.0859375,42326789564,Bitcoin
2022-08-27,20041.73828125,20340.775390625,19890.5234375,20262.48046875,30116729776,Bitcoin
2022-08-28,19616.814453125,20139.0546875,19616.814453125,20041.03515625,24366810591,Bitcoin
2022-08-29,20297.994140625,20357.462890625,19600.78515625,19615.154296875,32637854078,Bitcoin
2022-08-30,19796.80859375,20542.64453125,19617.640625,20298.611328125,34483360283,Bitcoin
2022-08-31,20049.763671875,20420.990234375,19799.58203125,19799.58203125,33225232872,Bitcoin
2022-09-01,20127.140625,20198.390625,19653.96875,20050.498046875,30182031010,Bitcoin
2022-09-02,19969.771484375,20401.568359375,19814.765625,20126.072265625,29123998928,Bitcoin
2022-09-03,19832.087890625,20037.009765625,19698.35546875,19969.71875,23613051457,Bitcoin
2022-09-04,19986.712890625,19999.689453125,19636.81640625,19832.470703125,25245861652,Bitcoin
2022-09-05,19812.37109375,20031.16015625,19673.046875,19988.7890625,28813460025,Bitcoin
2022-09-06,18837.66796875,20155.26953125,18800.171875,19817.724609375,43403978910,Bitcoin
2022-09-07,19290.32421875,19427.171875,18644.466796875,18837.68359375,35239757134,Bitcoin
2022-09-08,19329.833984375,19417.3515625,19076.71484375,19289.94140625,32194477850,Bitcoin
2022-09-09,21381.15234375,21439.41015625,19310.962890625,19328.140625,48469528171,Bitcoin
2022-09-10,21680.5390625,21760.275390625,21168.72265625,21376.912109375,36913738894,Bitcoin
2022-09-11,21769.255859375,21770.552734375,21406.9453125,21678.54296875,34493951963,Bitcoin
2022-09-12,22370.44921875,22439.181640625,21603.896484375,21770.1484375,50212088965,Bitcoin
2022-09-13,20296.70703125,22673.8203125,20062.669921875,22371.48046875,51091116622,Bitcoin
2022-09-14,20241.08984375,20467.201171875,19793.396484375,20184.5546875,37872380889,Bitcoin
2022-09-15,19701.2109375,20318.166015625,19636.734375,20242.2890625,36389011503,Bitcoin
2022-09-16,19772.583984375,19870.62890625,19400.076171875,19704.005859375,30123362273,Bitcoin
2022-09-17,20127.576171875,20162.53125,19777.033203125,19777.033203125,24957448100,Bitcoin
2022-09-18,19419.505859375,20127.234375,19387.4921875,20127.234375,31254779144,Bitcoin
2022-09-19,19544.12890625,19639.48046875,18390.318359375,19418.572265625,40177002624,Bitcoin
2022-09-20,18890.7890625,19602.45703125,18813.455078125,19545.591796875,36791346508,Bitcoin
2022-09-21,18547.400390625,19674.630859375,18290.314453125,18891.283203125,46363793975,Bitcoin
2022-09-22,19413.55078125,19456.91015625,18415.591796875,18534.650390625,41135767926,Bitcoin
2022-09-23,19297.638671875,19464.671875,18617.552734375,19412.400390625,38896078052,Bitcoin
2022-09-24,18937.01171875,19310.197265625,18861.974609375,19296.990234375,26149643168,Bitcoin
2022-09-25,18802.09765625,19134.732421875,18696.46875,18936.310546875,23359966112,Bitcoin
2022-09-26,19222.671875,19274.873046875,18721.28515625,18803.900390625,44148798321,Bitcoin
2022-09-27,19110.546875,20338.455078125,18915.66796875,19221.83984375,58571439619,Bitcoin
2022-09-28,19426.720703125,19688.34375,18553.296875,19104.62109375,53071298734,Bitcoin
2022-09-29,19573.05078125,19589.265625,18924.353515625,19427.779296875,41037843771,Bitcoin
2022-09-30,19431.7890625,20109.849609375,19265.662109375,19573.431640625,43975248085,Bitcoin
2022-10-01,19312.095703125,19471.154296875,19231.08203125,19431.10546875,18719537670,Bitcoin
2022-10-02,19044.107421875,19370.30859375,18970.62109375,19311.849609375,20765955327,Bitcoin
2022-10-03,19623.580078125,19653.54296875,19025.2265625,19044.068359375,30484729489,Bitcoin
2022-10-04,20336.84375,20380.34375,19523.83984375,19623.583984375,35887278685,Bitcoin
2022-10-05,20160.716796875,20343.748046875,19801.80078125,20335.900390625,33223790572,Bitcoin
2022-10-06,19955.443359375,20408.392578125,19900.087890625,20161.0390625,34711412966,Bitcoin
2022-10-07,19546.849609375,20041.0859375,19395.79296875,19957.55859375,29227315390,Bitcoin
2022-10-08,19416.568359375,19601.6953125,19299.4140625,19546.328125,16437423167,Bitcoin
2022-10-09,19446.42578125,19542.5390625,19349.259765625,19417.478515625,16837262532,Bitcoin
2022-10-10,19141.484375,19515.466796875,19102.978515625,19446.416015625,27425022774,Bitcoin
2022-10-11,19051.41796875,19241.9609375,18925.603515625,19139.0,28711532910,Bitcoin
2022-10-12,19157.4453125,19203.19921875,19029.7578125,19052.646484375,24950173846,Bitcoin
2022-10-13,19382.904296875,19453.328125,18319.822265625,19156.966796875,44219840004,Bitcoin
2022-10-14,19185.65625,19889.146484375,19115.408203125,19382.533203125,38452356727,Bitcoin
2022-10-15,19067.634765625,19212.541015625,19019.25,19185.4375,16192235532,Bitcoin
2022-10-16,19268.09375,19389.603515625,19068.9140625,19068.9140625,17988916650,Bitcoin
2022-10-17,19550.7578125,19635.802734375,19173.333984375,19268.5625,27472552998,Bitcoin
2022-10-18,19334.416015625,19666.994140625,19144.76953125,19550.466796875,30580012344,Bitcoin
2022-10-19,19139.53515625,19348.416015625,19127.6875,19335.02734375,22425387184,Bitcoin
2022-10-20,19053.740234375,19315.19921875,18971.458984375,19138.0859375,24493974420,Bitcoin
2022-10-21,19172.46875,19237.384765625,18770.970703125,19053.203125,32459287866,Bitcoin
2022-10-22,19208.189453125,19248.068359375,19132.244140625,19172.380859375,16104440957,Bitcoin
2022-10-23,19567.0078125,19646.65234375,19124.197265625,19207.734375,22128794335,Bitcoin
2022-10-24,19345.572265625,19589.125,19206.32421875,19567.76953125,30202235805,Bitcoin
2022-10-25,20095.857421875,20348.412109375,19261.447265625,19344.96484375,47761524910,Bitcoin
2022-10-26,20770.44140625,20938.134765625,20076.1171875,20092.236328125,58895950537,Bitcoin
2022-10-27,20285.8359375,20854.044921875,20255.373046875,20772.802734375,49625110402,Bitcoin
2022-10-28,20595.3515625,20724.98046875,20086.068359375,20287.95703125,43994715910,Bitcoin
2022-10-29,20818.4765625,20988.39453125,20566.484375,20595.103515625,40369840645,Bitcoin
2022-10-30,20635.603515625,20917.005859375,20547.462890625,20817.982421875,31486345556,Bitcoin
2022-10-31,20495.7734375,20795.3203125,20287.458984375,20633.6953125,45668466815,Bitcoin
2022-11-01,20485.2734375,20647.2890625,20359.845703125,20494.8984375,39819303159,Bitcoin
2022-11-02,20159.50390625,20742.810546875,20087.134765625,20482.958984375,55552169483,Bitcoin
2022-11-03,20209.98828125,20382.095703125,20086.240234375,20162.689453125,43228750179,Bitcoin
2022-11-04,21147.23046875,21209.560546875,20188.01953125,20208.76953125,64072727950,Bitcoin
2022-11-05,21282.69140625,21446.88671875,21097.634765625,21144.83203125,37846047609,Bitcoin
2022-11-06,20926.486328125,21345.376953125,20920.19140625,21285.056640625,35082693210,Bitcoin
2022-11-07,20602.81640625,21053.24609375,20489.97265625,20924.62109375,53510852236,Bitcoin
2022-11-08,18541.271484375,20664.607421875,17603.544921875,20600.671875,118992465607,Bitcoin
2022-11-09,15880.7802734375,18590.458984375,15682.6923828125,18543.76171875,102905151606,Bitcoin
2022-11-10,17586.771484375,18054.3125,15834.0185546875,15883.158203125,83202283721,Bitcoin
2022-11-11,17034.29296875,17650.943359375,16543.482421875,17583.251953125,55871616488,Bitcoin
2022-11-12,16799.185546875,17066.67578125,16651.775390625,17036.875,29717699419,Bitcoin
2022-11-13,16353.365234375,16920.765625,16320.634765625,16799.72265625,27209183682,Bitcoin
2022-11-14,16618.19921875,17109.32421875,15872.94140625,16352.0283203125,49630243054,Bitcoin
2022-11-15,16884.61328125,17051.962890625,16542.55078125,16617.484375,36599436183,Bitcoin
2022-11-16,16669.439453125,16960.294921875,16430.111328125,16884.341796875,33925512989,Bitcoin
2022-11-17,16687.517578125,16726.439453125,16460.68359375,16670.42578125,27868914022,Bitcoin
2022-11-18,16697.77734375,16947.05859375,16564.611328125,16687.912109375,26862218609,Bitcoin
2022-11-19,16711.546875,16797.876953125,16570.41015625,16696.220703125,16106223492,Bitcoin
2022-11-20,16291.83203125,16746.779296875,16248.6923828125,16712.919921875,21313378652,Bitcoin
2022-11-21,15787.2841796875,16291.2236328125,15599.046875,16291.2236328125,37429485518,Bitcoin
2022-11-22,16189.76953125,16253.0478515625,15656.6064453125,15782.30078125,30726828760,Bitcoin
2022-11-23,16610.70703125,16638.193359375,16170.5029296875,16195.5888671875,32958875628,Bitcoin
2022-11-24,16604.46484375,16771.474609375,16501.767578125,16611.63671875,26129037414,Bitcoin
2022-11-25,16521.841796875,16603.31640625,16388.404296875,16602.26953125,18678255976,Bitcoin
2022-11-26,16464.28125,16666.86328125,16416.228515625,16521.576171875,18000008764,Bitcoin
2022-11-27,16444.626953125,16594.40625,16437.025390625,16463.8828125,20443898509,Bitcoin
2022-11-28,16217.322265625,16482.93359375,16054.5302734375,16440.22265625,27743025156,Bitcoin
2022-11-29,16444.982421875,16522.2578125,16139.396484375,16217.6396484375,23581685468,Bitcoin
2022-11-30,17168.56640625,17190.9375,16445.4765625,16445.4765625,29523576583,Bitcoin
2022-12-01,16967.1328125,17197.498046875,16888.388671875,17168.001953125,22895392882,Bitcoin
2022-12-02,17088.66015625,17088.66015625,16877.880859375,16968.68359375,19539705127,Bitcoin
2022-12-03,16908.236328125,17116.041015625,16888.140625,17090.09765625,16217776704,Bitcoin
2022-12-04,17130.486328125,17157.767578125,16903.439453125,16908.169921875,16824520830,Bitcoin
2022-12-05,16974.826171875,17378.15234375,16922.431640625,17128.89453125,22209086834,Bitcoin
2022-12-06,17089.50390625,17091.86328125,16939.921875,16975.23828125,19889922369,Bitcoin
2022-12-07,16848.126953125,17109.376953125,16750.55859375,17089.505859375,19675404389,Bitcoin
2022-12-08,17233.474609375,17267.916015625,16788.783203125,16847.349609375,20496603770,Bitcoin
2022-12-09,17133.15234375,17280.546875,17100.8359375,17232.1484375,20328426366,Bitcoin
2022-12-10,17128.724609375,17216.826171875,17120.68359375,17134.220703125,12706781969,Bitcoin
2022-12-11,17104.193359375,17245.634765625,17091.8203125,17129.7109375,14122486832,Bitcoin
2022-12-12,17206.4375,17212.564453125,16899.39453125,17102.5,19617581341,Bitcoin
2022-12-13,17781.318359375,17930.0859375,17111.763671875,17206.44140625,26634741631,Bitcoin
2022-12-14,17815.650390625,18318.53125,17739.513671875,17782.06640625,25534481470,Bitcoin
2022-12-15,17364.865234375,17846.744140625,17322.58984375,17813.64453125,20964448341,Bitcoin
2022-12-16,16647.484375,17505.525390625,16584.701171875,17364.546875,24031608960,Bitcoin
2022-12-17,16795.091796875,16800.58984375,16614.029296875,16646.982421875,14463581825,Bitcoin
2022-12-18,16757.9765625,16815.38671875,16697.8203125,16795.609375,10924354698,Bitcoin
2022-12-19,16439.6796875,16807.52734375,16398.13671875,16759.041015625,17221074814,Bitcoin
2022-12-20,16906.3046875,17012.984375,16427.8671875,16441.787109375,22722096615,Bitcoin
2022-12-21,16817.53515625,16916.80078125,16755.912109375,16904.52734375,14882945045,Bitcoin
2022-12-22,16830.341796875,16866.673828125,16592.408203125,16818.380859375,16441573050,Bitcoin
2022-12-23,16796.953125,16905.21875,16794.458984375,16829.64453125,15329265213,Bitcoin
2022-12-24,16847.755859375,16864.703125,16793.52734375,16796.9765625,9744636213,Bitcoin
2022-12-25,16841.986328125,16860.5546875,16755.25390625,16847.505859375,11656379938,Bitcoin
2022-12-26,16919.8046875,16920.123046875,16812.369140625,16842.25,11886957804,Bitcoin
2022-12-27,16717.173828125,16959.845703125,16642.072265625,16919.291015625,15748580239,Bitcoin
2022-12-28,16552.572265625,16768.169921875,16497.556640625,16716.400390625,17005713920,Bitcoin
2022-12-29,16642.341796875,16651.755859375,16508.68359375,16552.322265625,14472237479,Bitcoin
2022-12-30,16602.5859375,16643.427734375,16408.474609375,16641.330078125,15929162910,Bitcoin
2022-12-31,16547.49609375,16628.986328125,16517.51953125,16603.673828125,11239186456,Bitcoin
2023-01-01,16625.080078125,16630.439453125,16521.234375,16547.9140625,9244361700,Bitcoin
2023-01-02,16688.470703125,16759.34375,16572.228515625,16625.509765625,12097775227,Bitcoin
2023-01-03,16679.857421875,16760.447265625,16622.37109375,16688.84765625,13903079207,Bitcoin
2023-01-04,16863.23828125,16964.5859375,16667.763671875,16680.205078125,18421743322,Bitcoin
2023-01-05,16836.736328125,16884.021484375,16790.283203125,16863.47265625,13692758566,Bitcoin
2023-01-06,16951.96875,16991.994140625,16716.421875,16836.47265625,14413662913,Bitcoin
2023-01-07,16955.078125,16975.017578125,16914.19140625,16952.1171875,7714767174,Bitcoin
2023-01-08,17091.14453125,17091.14453125,16924.05078125,16954.146484375,9768827914,Bitcoin
2023-01-09,17196.5546875,17389.95703125,17093.9921875,17093.9921875,18624736866,Bitcoin
2023-01-10,17446.29296875,17484.720703125,17162.990234375,17192.94921875,15808338949,Bitcoin
2023-01-11,17934.896484375,17934.896484375,17337.994140625,17446.359375,18372283782,Bitcoin
2023-01-12,18869.587890625,19030.087890625,17995.203125,18117.59375,34971338710,Bitcoin
2023-01-13,19909.57421875,19964.322265625,18753.1640625,18868.90625,29225029694,Bitcoin
2023-01-14,20976.298828125,21075.142578125,19907.828125,19910.537109375,38967784639,Bitcoin
2023-01-15,20880.798828125,20993.748046875,20606.986328125,20977.484375,19298407543,Bitcoin
2023-01-16,21169.6328125,21360.875,20715.74609375,20882.224609375,26792494050,Bitcoin
2023-01-17,21161.51953125,21438.66015625,20978.533203125,21175.833984375,24999983362,Bitcoin
2023-01-18,20688.78125,21564.501953125,20541.544921875,21161.05078125,30005625418,Bitcoin
2023-01-19,21086.79296875,21163.01171875,20685.380859375,20686.74609375,21152848261,Bitcoin
2023-01-20,22676.552734375,22692.357421875,20919.126953125,21085.373046875,28799154319,Bitcoin
2023-01-21,22777.625,23282.34765625,22511.833984375,22677.427734375,32442278429,Bitcoin
2023-01-22,22720.416015625,23056.73046875,22387.900390625,22777.986328125,24746386230,Bitcoin
2023-01-23,22934.431640625,23126.486328125,22654.3046875,22721.087890625,26518700512,Bitcoin
2023-01-24,22636.46875,23134.01171875,22549.744140625,22929.626953125,26405069715,Bitcoin
2023-01-25,23117.859375,23722.099609375,22406.076171875,22639.267578125,30685366709,Bitcoin
2023-01-26,23032.77734375,23237.078125,22911.373046875,23108.955078125,26357839322,Bitcoin
2023-01-27,23078.728515625,23417.720703125,22654.59375,23030.716796875,25383335641,Bitcoin
2023-01-28,23031.08984375,23165.896484375,22908.845703125,23079.96484375,14712928379,Bitcoin
2023-01-29,23774.56640625,23919.890625,22985.0703125,23031.44921875,27423687259,Bitcoin
2023-01-30,22840.138671875,23789.34765625,22657.58203125,23774.6484375,27205595568,Bitcoin
2023-01-31,23139.283203125,23225.021484375,22765.568359375,22840.796875,22837828665,Bitcoin
2023-02-01,23723.76953125,23764.5390625,22877.75,23137.8359375,26683255504,Bitcoin
2023-02-02,23471.87109375,24167.2109375,23468.595703125,23720.82421875,32066936882,Bitcoin
2023-02-03,23449.322265625,23678.103515625,23279.955078125,23469.412109375,27083066007,Bitcoin
2023-02-04,23331.84765625,23556.94921875,23291.794921875,23446.3203125,15639298538,Bitcoin
2023-02-05,22955.666015625,23423.435546875,22841.759765625,23332.248046875,19564262605,Bitcoin
2023-02-06,22760.109375,23119.279296875,22692.025390625,22954.021484375,23825006542,Bitcoin
2023-02-07,23264.291015625,23310.974609375,22756.2578125,22757.267578125,27187964471,Bitcoin
2023-02-08,22939.3984375,23367.958984375,22731.09765625,23263.416015625,25371367758,Bitcoin
2023-02-09,21819.0390625,22996.4375,21773.974609375,22946.56640625,32572572185,Bitcoin
2023-02-10,21651.18359375,21941.185546875,21539.392578125,21819.005859375,27078406594,Bitcoin
2023-02-11,21870.875,21891.41015625,21618.44921875,21651.841796875,16356226232,Bitcoin
2023-02-12,21788.203125,22060.994140625,21682.828125,21870.90234375,17821046406,Bitcoin
2023-02-13,21808.1015625,21898.4140625,21460.087890625,21787.0,23918742607,Bitcoin
2023-02-14,22220.8046875,22293.140625,21632.39453125,21801.822265625,26792596581,Bitcoin
2023-02-15,24307.841796875,24307.841796875,22082.76953125,22220.5859375,32483312909,Bitcoin
2023-02-16,23623.474609375,25134.1171875,23602.5234375,24307.349609375,39316664596,Bitcoin
2023-02-17,24565.6015625,24924.041015625,23460.755859375,23621.283203125,41358451255,Bitcoin
2023-02-18,24641.27734375,24798.8359375,24468.373046875,24565.296875,19625427158,Bitcoin
2023-02-19,24327.642578125,25093.0546875,24327.642578125,24640.02734375,25555105670,Bitcoin
2023-02-20,24829.1484375,25020.458984375,23927.91015625,24336.623046875,28987376573,Bitcoin
2023-02-21,24436.353515625,25126.8515625,24200.36328125,24833.048828125,31252098714,Bitcoin
2023-02-22,24188.84375,24472.33984375,23644.318359375,24437.41796875,30199996781,Bitcoin
2023-02-23,23947.4921875,24572.08984375,23693.919921875,24190.71875,30476264066,Bitcoin
2023-02-24,23198.126953125,24103.705078125,23007.072265625,23946.0078125,26811744928,Bitcoin
2023-02-25,23175.375,23210.2109375,22861.55859375,23200.125,16100721565,Bitcoin
2023-02-26,23561.212890625,23654.3671875,23084.220703125,23174.150390625,16644534842,Bitcoin
2023-02-27,23522.87109375,23857.890625,23205.87890625,23561.451171875,22660763494,Bitcoin
2023-02-28,23147.353515625,23585.384765625,23077.650390625,23521.837890625,20535363434,Bitcoin
2023-03-01,23646.55078125,23880.6328125,23088.626953125,23150.9296875,24662841200,Bitcoin
2023-03-02,23475.466796875,23739.138671875,23245.021484375,23647.01953125,20386398516,Bitcoin
2023-03-03,22362.6796875,23479.34765625,22213.23828125,23476.6328125,26062404610,Bitcoin
2023-03-04,22353.349609375,22405.177734375,22198.98046875,22362.923828125,11166012913,Bitcoin
2023-03-05,22435.513671875,22613.685546875,22307.142578125,22354.14453125,13317001733,Bitcoin
2023-03-06,22429.7578125,22584.29296875,22331.314453125,22436.81640625,17353192895,Bitcoin
2023-03-07,22219.76953125,22527.41796875,22011.26171875,22428.322265625,22765452204,Bitcoin
2023-03-08,21718.080078125,22268.896484375,21708.05078125,22216.44140625,22536575684,Bitcoin
2023-03-09,20363.021484375,21802.716796875,20210.306640625,21720.080078125,30364664171,Bitcoin
2023-03-10,20187.244140625,20370.595703125,19628.25390625,20367.001953125,39578257695,Bitcoin
2023-03-11,20632.41015625,20792.525390625,20068.66015625,20187.876953125,30180288176,Bitcoin
2023-03-12,22163.94921875,22185.03125,20448.806640625,20628.029296875,29279035521,Bitcoin
2023-03-13,24197.533203125,24550.837890625,21918.19921875,22156.40625,49466362688,Bitcoin
2023-03-14,24746.07421875,26514.716796875,24081.18359375,24201.765625,54622230164,Bitcoin
2023-03-15,24375.9609375,25240.615234375,23964.91015625,24770.92578125,43655701450,Bitcoin
2023-03-16,25052.7890625,25190.326171875,24225.111328125,24373.45703125,33866061747,Bitcoin
2023-03-17,27423.9296875,27787.8125,24955.169921875,25055.123046875,50730261335,Bitcoin
2023-03-18,26965.87890625,27725.953125,26636.26171875,27448.1171875,35723036817,Bitcoin
2023-03-19,28038.67578125,28440.560546875,26907.716796875,26969.50390625,37769448859,Bitcoin
2023-03-20,27767.236328125,28527.724609375,27242.880859375,28041.6015625,44774027664,Bitcoin
2023-03-21,28175.81640625,28439.5625,27439.646484375,27768.392578125,36102192830,Bitcoin
2023-03-22,27307.4375,28803.3359375,26759.99609375,28158.720703125,33382021890,Bitcoin
2023-03-23,28333.97265625,28729.84375,27183.36328125,27301.95703125,24220433689,Bitcoin
2023-03-24,27493.28515625,28388.4375,27039.265625,28324.111328125,25980310960,Bitcoin
2023-03-25,27494.70703125,27791.826171875,27196.234375,27487.337890625,13383005987,Bitcoin
2023-03-26,27994.330078125,28178.14453125,27445.046875,27495.5234375,13878363192,Bitcoin
2023-03-27,27139.888671875,28037.92578125,26606.689453125,27994.068359375,18188895178,Bitcoin
2023-03-28,27268.130859375,27460.71875,26677.818359375,27132.888671875,17783600385,Bitcoin
2023-03-29,28348.44140625,28619.54296875,27259.662109375,27267.03125,20684945906,Bitcoin
2023-03-30,28033.5625,29159.90234375,27720.16015625,28350.140625,22435349951,Bitcoin
2023-03-31,28478.484375,28639.896484375,27583.71484375,28032.26171875,19001327598,Bitcoin
2023-04-01,28411.03515625,28802.45703125,28297.171875,28473.33203125,10876469901,Bitcoin
2023-04-02,28199.30859375,28518.958984375,27884.087890625,28462.845703125,12284641999,Bitcoin
2023-04-03,27790.220703125,28475.623046875,27276.720703125,28183.080078125,19556501327,Bitcoin
2023-04-04,28168.08984375,28433.7421875,27681.3046875,27795.2734375,15284538859,Bitcoin
2023-04-05,28177.984375,28739.23828125,27843.763671875,28169.7265625,17052315986,Bitcoin
2023-04-06,28044.140625,28178.384765625,27738.759765625,28175.2265625,13837809380,Bitcoin
2023-04-07,27925.859375,28111.59375,27794.03125,28038.966796875,10861680497,Bitcoin
2023-04-08,27947.794921875,28159.86328125,27883.38671875,27920.513671875,9373255556,Bitcoin
2023-04-09,28333.05078125,28532.830078125,27828.48046875,27952.3671875,12175322951,Bitcoin
2023-04-10,29652.98046875,29771.46484375,28189.271484375,28336.02734375,19282400094,Bitcoin
2023-04-11,30235.05859375,30509.083984375,29609.30078125,29653.6796875,20121259843,Bitcoin
2023-04-12,30139.052734375,30462.48046875,29725.57421875,30231.58203125,18651929926,Bitcoin
2023-04-13,30399.06640625,30539.845703125,29878.623046875,29892.740234375,17487721001,Bitcoin
2023-04-14,30485.69921875,31005.607421875,30044.498046875,30409.5625,22659995079,Bitcoin
2023-04-15,30318.49609375,30601.740234375,30245.8828125,30490.75,11940685378,Bitcoin
2023-04-16,30315.35546875,30555.537109375,30157.83203125,30315.9765625,12854816417,Bitcoin
2023-04-17,29445.044921875,30319.197265625,29275.37109375,30317.146484375,17872186762,Bitcoin
2023-04-18,30397.552734375,30470.302734375,29154.849609375,29449.091796875,19480529496,Bitcoin
2023-04-19,28822.6796875,30411.0546875,28669.8984375,30394.1875,24571565421,Bitcoin
2023-04-20,28245.98828125,29076.400390625,28037.2578125,28823.68359375,21340360360,Bitcoin
2023-04-21,27276.91015625,28349.96875,27177.365234375,28249.23046875,20759504330,Bitcoin
2023-04-22,27817.5,27872.142578125,27169.5703125,27265.89453125,13125734602,Bitcoin
2023-04-23,27591.384765625,27820.244140625,27400.314453125,27816.14453125,12785446832,Bitcoin
2023-04-24,27525.33984375,27979.982421875,27070.849609375,27591.73046875,17703288330,Bitcoin
2023-04-25,28307.59765625,28371.078125,27207.931640625,27514.873046875,17733373139,Bitcoin
2023-04-26,28422.701171875,29995.837890625,27324.548828125,28300.05859375,31854242019,Bitcoin
2023-04-27,29473.787109375,29871.546875,28402.88671875,28428.46484375,27153445027,Bitcoin
2023-04-28,29340.26171875,29572.791015625,28929.609375,29481.013671875,17544464887,Bitcoin
2023-04-29,29248.48828125,29452.455078125,29088.04296875,29336.56640625,10662634333,Bitcoin
2023-04-30,29268.806640625,29952.029296875,29114.021484375,29245.515625,14652199272,Bitcoin
2023-05-01,28091.568359375,29329.935546875,27680.79296875,29227.103515625,18655599976,Bitcoin
2023-05-02,28680.537109375,28881.298828125,27924.123046875,28087.17578125,16432924527,Bitcoin
2023-05-03,29006.30859375,29259.533203125,28178.388671875,28680.494140625,19122972518,Bitcoin
2023-05-04,28847.7109375,29353.185546875,28694.0390625,29031.3046875,15548678514,Bitcoin
2023-05-05,29534.384765625,29668.908203125,28845.509765625,28851.48046875,17936566518,Bitcoin
2023-05-06,28904.623046875,29820.126953125,28468.966796875,29538.859375,15913866714,Bitcoin
2023-05-07,28454.978515625,29157.517578125,28441.3671875,28901.623046875,11301355486,Bitcoin
2023-05-08,27694.2734375,28663.271484375,27310.134765625,28450.45703125,19122903752,Bitcoin
2023-05-09,27658.775390625,27821.400390625,27375.6015625,27695.068359375,14128593256,Bitcoin
2023-05-10,27621.755859375,28322.6875,26883.669921875,27654.63671875,20656025026,Bitcoin
2023-05-11,27000.7890625,27621.94140625,26781.826171875,27621.0859375,16724343943,Bitcoin
2023-05-12,26804.990234375,27055.646484375,25878.4296875,26987.662109375,19313599897,Bitcoin
2023-05-13,26784.078125,27030.482421875,26710.873046875,26807.76953125,9999171605,Bitcoin
2023-05-14,26930.638671875,27150.9765625,26661.35546875,26788.974609375,10014858959,Bitcoin
2023-05-15,27192.693359375,27646.34765625,26766.09765625,26931.384765625,14413231792,Bitcoin
2023-05-16,27036.650390625,27299.3046875,26878.947265625,27171.513671875,12732238816,Bitcoin
2023-05-17,27398.802734375,27465.927734375,26600.14453125,27035.470703125,15140006925,Bitcoin
2023-05-18,26832.208984375,27466.52734375,26415.1015625,27401.650390625,15222938600,Bitcoin
2023-05-19,26890.12890625,27128.619140625,26700.2109375,26826.75390625,11258983301,Bitcoin
2023-05-20,27129.5859375,27155.158203125,26843.27734375,26888.841796875,7044911360,Bitcoin
2023-05-21,26753.826171875,27265.91796875,26706.921875,27118.423828125,8647416921,Bitcoin
2023-05-22,26851.27734375,27045.734375,26549.734375,26749.892578125,11056770492,Bitcoin
2023-05-23,27225.7265625,27434.68359375,26816.1796875,26855.9609375,13697203143,Bitcoin
2023-05-24,26334.818359375,27224.603515625,26106.576171875,27224.603515625,16299104428,Bitcoin
2023-05-25,26476.20703125,26591.51953125,25890.59375,26329.4609375,13851122697,Bitcoin
2023-05-26,26719.291015625,26916.669921875,26343.94921875,26474.181640625,12711619225,Bitcoin
2023-05-27,26868.353515625,26888.8828125,26621.140625,26720.181640625,7892015141,Bitcoin
2023-05-28,28085.646484375,28193.44921875,26802.751953125,26871.158203125,14545229578,Bitcoin
2023-05-29,27745.884765625,28432.0390625,27563.876953125,28075.591796875,15181308984,Bitcoin
2023-05-30,27702.349609375,28044.759765625,27588.501953125,27745.123046875,13251081851,Bitcoin
2023-05-31,27219.658203125,27831.677734375,26866.453125,27700.529296875,15656371534,Bitcoin
2023-06-01,26819.97265625,27346.10546875,26671.720703125,27218.412109375,14678970415,Bitcoin
2023-06-02,27249.58984375,27303.861328125,26574.64453125,26824.556640625,14837415000,Bitcoin
2023-06-03,27075.12890625,27317.052734375,26958.00390625,27252.32421875,8385597470,Bitcoin
2023-06-04,27119.06640625,27407.01953125,26968.224609375,27075.123046875,9360912318,Bitcoin
2023-06-05,25760.09765625,27129.982421875,25445.16796875,27123.109375,21513292646,Bitcoin
2023-06-06,27238.783203125,27313.8203125,25434.8671875,25732.109375,21929670693,Bitcoin
2023-06-07,26345.998046875,27332.181640625,26146.98828125,27235.650390625,19530045082,Bitcoin
2023-06-08,26508.216796875,26797.513671875,26246.6640625,26347.654296875,11904824295,Bitcoin
2023-06-09,26480.375,26770.2890625,26339.314453125,26505.923828125,11015551640,Bitcoin
2023-06-10,25851.240234375,26531.044921875,25501.8359375,26481.76171875,19872933189,Bitcoin
2023-06-11,25940.16796875,26203.439453125,25668.986328125,25854.03125,10732609603,Bitcoin
2023-06-12,25902.5,26087.919921875,25675.197265625,25934.28515625,11677889997,Bitcoin
2023-06-13,25918.728515625,26376.3515625,25728.365234375,25902.94140625,14143474486,Bitcoin
2023-06-14,25124.67578125,26041.80078125,24902.15234375,25920.2578125,14265717766,Bitcoin
2023-06-15,25576.39453125,25735.30859375,24797.16796875,25121.673828125,15837384409,Bitcoin
2023-06-16,26327.462890625,26463.173828125,25245.357421875,25575.283203125,16324646965,Bitcoin
2023-06-17,26510.67578125,26769.39453125,26174.4921875,26328.6796875,11090276850,Bitcoin
2023-06-18,26336.212890625,26675.92578125,26325.890625,26510.45703125,9565695129,Bitcoin
2023-06-19,26851.029296875,26984.611328125,26312.83203125,26335.44140625,12826986222,Bitcoin
2023-06-20,28327.48828125,28388.96875,26668.791015625,26841.6640625,22211859147,Bitcoin
2023-06-21,30027.296875,30737.330078125,28283.41015625,28311.310546875,33346760979,Bitcoin
2023-06-22,29912.28125,30495.998046875,29679.158203125,29995.935546875,20653160491,Bitcoin
2023-06-23,30695.46875,31389.5390625,29845.21484375,29896.3828125,24115570085,Bitcoin
2023-06-24,30548.6953125,30804.1484375,30290.146484375,30708.73828125,12147822496,Bitcoin
2023-06-25,30480.26171875,31041.271484375,30327.943359375,30545.150390625,12703464114,Bitcoin
2023-06-26,30271.130859375,30636.029296875,29955.744140625,30480.5234375,16493186997,Bitcoin
2023-06-27,30688.1640625,31006.787109375,30236.650390625,30274.3203125,16428827944,Bitcoin
2023-06-28,30086.24609375,30703.279296875,29921.822265625,30696.560546875,14571500779,Bitcoin
2023-06-29,30445.3515625,30796.25,30057.203125,30086.1875,13180860821,Bitcoin
2023-06-30,30477.251953125,31256.86328125,29600.275390625,30441.353515625,26387306197,Bitcoin
2023-07-01,30590.078125,30641.2890625,30328.865234375,30471.84765625,9086606733,Bitcoin
2023-07-02,30620.76953125,30766.140625,30264.01953125,30587.26953125,10533418042,Bitcoin
2023-07-03,31156.439453125,31375.61328125,30586.513671875,30624.515625,15271884873,Bitcoin
2023-07-04,30777.58203125,31325.197265625,30659.35546875,31156.865234375,12810828427,Bitcoin
2023-07-05,30514.166015625,30877.330078125,30225.61328125,30778.724609375,12481622280,Bitcoin
2023-07-06,29909.337890625,31460.052734375,29892.2265625,30507.150390625,21129219509,Bitcoin
2023-07-07,30342.265625,30434.64453125,29777.28515625,29907.998046875,13384770155,Bitcoin
2023-07-08,30292.541015625,30374.4375,30080.16015625,30346.921875,7509378699,Bitcoin
2023-07-09,30171.234375,30427.58984375,30085.591796875,30291.611328125,7903327692,Bitcoin
2023-07-10,30414.470703125,31026.083984375,29985.39453125,30172.423828125,14828209155,Bitcoin
2023-07-11,30620.951171875,30788.314453125,30358.09765625,30417.6328125,12151839152,Bitcoin
2023-07-12,30391.646484375,30959.96484375,30228.8359375,30622.24609375,14805659717,Bitcoin
2023-07-13,31476.048828125,31814.515625,30268.3515625,30387.48828125,23686079548,Bitcoin
2023-07-14,30334.068359375,31582.25390625,29966.38671875,31474.720703125,20917902660,Bitcoin
2023-07-15,30295.806640625,30407.78125,30263.462890625,30331.783203125,8011667756,Bitcoin
2023-07-16,30249.1328125,30437.560546875,30089.669921875,30297.47265625,8516564470,Bitcoin
2023-07-17,30145.888671875,30336.400390625,29685.783203125,30249.626953125,13240156074,Bitcoin
2023-07-18,29856.5625,30233.65625,29556.427734375,30147.0703125,13138897269,Bitcoin
2023-07-19,29913.923828125,30184.181640625,29794.26953125,29862.046875,12128602812,Bitcoin
2023-07-20,29792.015625,30195.53125,29638.095703125,29915.25,14655207121,Bitcoin
2023-07-21,29908.744140625,30045.998046875,29733.8515625,29805.111328125,10972789818,Bitcoin
2023-07-22,29771.802734375,29991.615234375,29664.12109375,29908.697265625,7873300598,Bitcoin
2023-07-23,30084.5390625,30330.640625,29741.52734375,29790.111328125,9220145050,Bitcoin
2023-07-24,29176.916015625,30093.39453125,28934.294921875,30081.662109375,15395817395,Bitcoin
2023-07-25,29227.390625,29353.16015625,29062.43359375,29178.970703125,10266772793,Bitcoin
2023-07-26,29354.97265625,29675.552734375,29113.912109375,29225.759765625,13497554655,Bitcoin
2023-07-27,29210.689453125,29560.966796875,29099.3515625,29353.798828125,10770779217,Bitcoin
2023-07-28,29319.24609375,29521.513671875,29125.845703125,29212.1640625,11218474952,Bitcoin
2023-07-29,29356.91796875,29396.84375,29264.166015625,29319.4453125,6481775959,Bitcoin
2023-07-30,29275.30859375,29443.169921875,29059.501953125,29357.09375,8678454527,Bitcoin
2023-07-31,29230.111328125,29489.873046875,29131.578125,29278.314453125,11656781982,Bitcoin
2023-08-01,29675.732421875,29675.732421875,28657.0234375,29230.873046875,18272392391,Bitcoin
2023-08-02,29151.958984375,29987.998046875,28946.509765625,29704.146484375,19212655598,Bitcoin
2023-08-03,29178.6796875,29375.70703125,28959.48828125,29161.8125,12780357746,Bitcoin
2023-08-04,29074.091796875,29302.078125,28885.3359375,29174.3828125,12036639988,Bitcoin
2023-08-05,29042.126953125,29102.46484375,28957.796875,29075.388671875,6598366353,Bitcoin
2023-08-06,29041.85546875,29160.822265625,28963.833984375,29043.701171875,7269806994,Bitcoin
2023-08-07,29180.578125,29244.28125,28724.140625,29038.513671875,13618163710,Bitcoin
2023-08-08,29765.4921875,30176.796875,29113.814453125,29180.01953125,17570561357,Bitcoin
2023-08-09,29561.494140625,30093.435546875,29376.80078125,29766.6953125,18379521213,Bitcoin
2023-08-10,29429.591796875,29688.564453125,29354.447265625,29563.97265625,11865344789,Bitcoin
2023-08-11,29397.71484375,29517.7734375,29253.517578125,29424.90234375,10195168197,Bitcoin
2023-08-12,29415.96484375,29465.11328125,29357.587890625,29399.787109375,6194358008,Bitcoin
2023-08-13,29282.9140625,29441.43359375,29265.806640625,29416.59375,7329897180,Bitcoin
2023-08-14,29408.443359375,29660.25390625,29124.10546875,29283.263671875,14013695304,Bitcoin
2023-08-15,29170.34765625,29439.12109375,29088.853515625,29408.048828125,12640195779,Bitcoin
2023-08-16,28701.779296875,29221.9765625,28701.779296875,29169.07421875,14949271904,Bitcoin
2023-08-17,26664.55078125,28745.947265625,25409.111328125,28699.802734375,31120851211,Bitcoin
2023-08-18,26049.556640625,26808.1953125,25668.921875,26636.078125,24026236529,Bitcoin
2023-08-19,26096.205078125,26249.44921875,25802.408203125,26047.83203125,10631443812,Bitcoin
2023-08-20,26189.583984375,26260.681640625,26004.314453125,26096.861328125,9036580420,Bitcoin
2023-08-21,26124.140625,26220.201171875,25846.087890625,26188.69140625,13371557893,Bitcoin
2023-08-22,26031.65625,26135.5078125,25520.728515625,26130.748046875,14503820706,Bitcoin
2023-08-23,26431.640625,26786.8984375,25804.998046875,26040.474609375,16985265785,Bitcoin
2023-08-24,26162.373046875,26554.91015625,25914.92578125,26431.51953125,12871532023,Bitcoin
2023-08-25,26047.66796875,26248.103515625,25786.8125,26163.6796875,12406045118,Bitcoin
2023-08-26,26008.462890625,26107.384765625,25983.87890625,26047.234375,6034817316,Bitcoin
2023-08-27,26089.693359375,26165.373046875,25965.09765625,26008.2421875,6913768611,Bitcoin
2023-08-28,26106.150390625,26198.578125,25880.599609375,26089.615234375,11002805166,Bitcoin
2023-08-29,27727.392578125,28089.337890625,25912.62890625,26102.486328125,29368391712,Bitcoin
2023-08-30,27297.265625,27760.16015625,27069.20703125,27726.083984375,16343655235,Bitcoin
2023-08-31,25931.47265625,27456.078125,25752.9296875,27301.9296875,20181001451,Bitcoin
2023-09-01,25800.724609375,26125.869140625,25362.609375,25934.021484375,17202862221,Bitcoin
2023-09-02,25868.798828125,25970.28515625,25753.09375,25800.91015625,10100387473,Bitcoin
2023-09-03,25969.56640625,26087.1484375,25817.03125,25869.47265625,8962524523,Bitcoin
2023-09-04,25812.416015625,26081.525390625,25657.025390625,25968.169921875,10680635106,Bitcoin
2023-09-05,25779.982421875,25858.375,25589.98828125,25814.95703125,11094740040,Bitcoin
2023-09-06,25753.236328125,25953.015625,25404.359375,25783.931640625,12752705327,Bitcoin
2023-09-07,26240.1953125,26409.302734375,25608.201171875,25748.3125,11088307100,Bitcoin
2023-09-08,25905.654296875,26414.005859375,25677.48046875,26245.208984375,10817356400,Bitcoin
2023-09-09,25895.677734375,25921.9765625,25810.494140625,25905.42578125,5481314132,Bitcoin
2023-09-10,25832.2265625,25978.130859375,25640.26171875,25895.2109375,7899553047,Bitcoin
2023-09-11,25162.654296875,25883.947265625,24930.296875,25831.71484375,14600006467,Bitcoin
2023-09-12,25833.34375,26451.939453125,25133.078125,25160.658203125,18657279324,Bitcoin
2023-09-13,26228.32421875,26376.11328125,25781.123046875,25837.5546875,13072077070,Bitcoin
2023-09-14,26539.673828125,26774.623046875,26171.451171875,26228.27734375,13811359124,Bitcoin
2023-09-15,26608.693359375,26840.498046875,26240.701171875,26533.818359375,11479735788,Bitcoin
2023-09-16,26568.28125,26754.76953125,26473.890625,26606.19921875,7402031417,Bitcoin
2023-09-17,26534.1875,26617.998046875,26445.07421875,26567.927734375,6774210670,Bitcoin
2023-09-18,26754.28125,27414.734375,26415.515625,26532.994140625,15615339655,Bitcoin
2023-09-19,27211.1171875,27488.763671875,26681.60546875,26760.8515625,13807690550,Bitcoin
2023-09-20,27132.0078125,27379.505859375,26864.08203125,27210.228515625,13281116604,Bitcoin
2023-09-21,26567.6328125,27152.939453125,26389.30078125,27129.83984375,13371443708,Bitcoin
2023-09-22,26579.568359375,26726.078125,26495.533203125,26564.056640625,10578746709,Bitcoin
2023-09-23,26579.390625,26634.185546875,26520.51953125,26578.556640625,7404700301,Bitcoin
2023-09-24,26256.826171875,26716.05859375,26221.05078125,26579.373046875,8192867686,Bitcoin
2023-09-25,26298.48046875,26421.5078125,26011.46875,26253.775390625,11997833257,Bitcoin
2023-09-26,26217.25,26389.884765625,26090.712890625,26294.7578125,9985498161,Bitcoin
2023-09-27,26352.716796875,26817.841796875,26111.46484375,26209.498046875,11718380997,Bitcoin
2023-09-28,27021.546875,27259.5,26327.322265625,26355.8125,14079002707,Bitcoin
2023-09-29,26911.720703125,27225.9375,26721.763671875,27024.841796875,10396435377,Bitcoin
2023-09-30,26967.916015625,27091.794921875,26888.96875,26911.689453125,5331172801,Bitcoin
2023-10-01,27983.75,28047.23828125,26965.09375,26967.396484375,9503917434,Bitcoin
2023-10-02,27530.78515625,28494.458984375,27347.787109375,27976.798828125,19793041322,Bitcoin
2023-10-03,27429.978515625,27667.19140625,27216.001953125,27508.251953125,11407814187,Bitcoin
2023-10-04,27799.39453125,27826.658203125,27248.10546875,27429.07421875,11143355314,Bitcoin
2023-10-05,27415.912109375,28091.861328125,27375.6015625,27798.646484375,11877253670,Bitcoin
2023-10-06,27946.59765625,28252.537109375,27215.552734375,27412.123046875,13492391599,Bitcoin
2023-10-07,27968.83984375,28028.091796875,27870.423828125,27946.78125,6553044316,Bitcoin
2023-10-08,27935.08984375,28102.169921875,27740.662109375,27971.677734375,7916875290,Bitcoin
2023-10-09,27583.677734375,27989.470703125,27302.5625,27934.47265625,12007668568,Bitcoin
2023-10-10,27391.01953125,27715.84765625,27301.654296875,27589.201171875,9973350678,Bitcoin
2023-10-11,26873.3203125,27474.115234375,26561.099609375,27392.076171875,13648094333,Bitcoin
2023-10-12,26756.798828125,26921.439453125,26558.3203125,26873.29296875,9392909295,Bitcoin
2023-10-13,26862.375,27092.697265625,26686.322265625,26752.87890625,15165312851,Bitcoin
2023-10-14,26861.70703125,26969.0,26814.5859375,26866.203125,5388116782,Bitcoin
2023-10-15,27159.65234375,27289.169921875,26817.89453125,26858.01171875,7098201980,Bitcoin
2023-10-16,28519.466796875,29448.138671875,27130.47265625,27162.62890625,27833876539,Bitcoin
2023-10-17,28415.748046875,28618.751953125,28110.185546875,28522.09765625,14872527508,Bitcoin
2023-10-18,28328.341796875,28889.009765625,28174.251953125,28413.53125,12724128586,Bitcoin
2023-10-19,28719.806640625,28892.474609375,28177.98828125,28332.416015625,14448058195,Bitcoin
2023-10-20,29682.94921875,30104.0859375,28601.669921875,28732.8125,21536125230,Bitcoin
2023-10-21,29918.412109375,30287.482421875,29481.751953125,29683.380859375,11541146996,Bitcoin
2023-10-22,29993.896484375,30199.43359375,29720.3125,29918.654296875,10446520040,Bitcoin
2023-10-23,33086.234375,34370.4375,30097.828125,30140.685546875,38363572311,Bitcoin
2023-10-24,33901.52734375,35150.43359375,32880.76171875,33077.3046875,44934999645,Bitcoin
2023-10-25,34502.8203125,35133.7578125,33709.109375,33916.04296875,25254318008,Bitcoin
2023-10-26,34156.6484375,34832.91015625,33762.32421875,34504.2890625,19427195376,Bitcoin
2023-10-27,33909.80078125,34238.2109375,33416.88671875,34156.5,16418032871,Bitcoin
2023-10-28,34089.57421875,34399.390625,33874.8046875,33907.72265625,10160330825,Bitcoin
2023-10-29,34538.48046875,34743.26171875,33947.56640625,34089.37109375,11160323986,Bitcoin
2023-10-30,34502.36328125,34843.93359375,34110.97265625,34531.7421875,17184860315,Bitcoin
2023-10-31,34667.78125,34719.25390625,34083.30859375,34500.078125,15758270810,Bitcoin
2023-11-01,35437.25390625,35527.9296875,34170.69140625,34657.2734375,22446272005,Bitcoin
2023-11-02,34938.2421875,35919.84375,34401.57421875,35441.578125,20998158544,Bitcoin
2023-11-03,34732.32421875,34942.47265625,34133.44140625,34942.47265625,17158456701,Bitcoin
2023-11-04,35082.1953125,35256.03125,34616.69140625,34736.32421875,9561294264,Bitcoin
2023-11-05,35049.35546875,35340.33984375,34594.2421875,35090.01171875,12412743996,Bitcoin
2023-11-06,35037.37109375,35286.02734375,34765.36328125,35044.7890625,12693436420,Bitcoin
2023-11-07,35443.5625,35892.41796875,34545.81640625,35047.79296875,18834737789,Bitcoin
2023-11-08,35655.27734375,35994.41796875,35147.80078125,35419.4765625,17295394918,Bitcoin
2023-11-09,36693.125,37926.2578125,35592.1015625,35633.6328125,37762672382,Bitcoin
2023-11-10,37313.96875,37493.80078125,36362.75390625,36702.25,22711265155,Bitcoin
2023-11-11,37138.05078125,37407.09375,36773.66796875,37310.0703125,13924272142,Bitcoin
2023-11-12,37054.51953125,37227.69140625,36779.1171875,37133.9921875,11545715999,Bitcoin
2023-11-13,36502.35546875,37405.1171875,36399.60546875,37070.3046875,19057712790,Bitcoin
2023-11-14,35537.640625,36753.3515625,34948.5,36491.7890625,23857403554,Bitcoin
2023-11-15,37880.58203125,37964.89453125,35383.78125,35548.11328125,27365821679,Bitcoin
2023-11-16,36154.76953125,37934.625,35545.47265625,37879.98046875,26007385366,Bitcoin
2023-11-17,36596.68359375,36704.484375,35901.234375,36164.82421875,22445028430,Bitcoin
2023-11-18,36585.703125,36839.28125,36233.3125,36625.37109375,11886022717,Bitcoin
2023-11-19,37386.546875,37509.35546875,36414.59765625,36585.765625,12915986553,Bitcoin
2023-11-20,37476.95703125,37756.8203125,36882.53125,37374.07421875,20888209068,Bitcoin
2023-11-21,35813.8125,37631.140625,35813.8125,37469.16015625,25172163756,Bitcoin
2023-11-22,37432.33984375,37856.98046875,35670.97265625,35756.5546875,24397247860,Bitcoin
2023-11-23,37289.62109375,37643.91796875,36923.86328125,37420.43359375,14214948217,Bitcoin
2023-11-24,37720.28125,38415.33984375,37261.60546875,37296.31640625,22922957823,Bitcoin
2023-11-25,37796.79296875,37892.4296875,37617.41796875,37721.4140625,9099571165,Bitcoin
2023-11-26,37479.12109375,37820.30078125,37162.75,37796.828125,13744796068,Bitcoin
2023-11-27,37254.16796875,37559.35546875,36750.12890625,37454.19140625,19002925720,Bitcoin
2023-11-28,37831.0859375,38368.48046875,36891.08984375,37247.9921875,21696137014,Bitcoin
2023-11-29,37858.4921875,38366.11328125,37612.6328125,37826.10546875,20728546658,Bitcoin
2023-11-30,37712.74609375,38141.75390625,37531.140625,37861.1171875,18115982627,Bitcoin
2023-12-01,38688.75,38954.109375,37629.359375,37718.0078125,23512784002,Bitcoin
2023-12-02,39476.33203125,39678.9375,38652.59375,38689.27734375,15534035612,Bitcoin
2023-12-03,39978.390625,40135.60546875,39298.1640625,39472.20703125,15769696322,Bitcoin
2023-12-04,41980.09765625,42371.75,39978.62890625,39978.62890625,39856129827,Bitcoin
2023-12-05,44080.6484375,44408.6640625,41421.1484375,41986.265625,36312154535,Bitcoin
2023-12-06,43746.4453125,44265.76953125,43478.08203125,44080.0234375,29909761586,Bitcoin
2023-12-07,43292.6640625,44042.58984375,42880.6484375,43769.1328125,27635760671,Bitcoin
2023-12-08,44166.6015625,44705.515625,43125.296875,43293.13671875,24421116687,Bitcoin
2023-12-09,43725.984375,44361.2578125,43627.59765625,44180.01953125,17368210171,Bitcoin
2023-12-10,43779.69921875,44034.625,43593.28515625,43728.3828125,13000481418,Bitcoin
2023-12-11,41243.83203125,43808.375,40234.578125,43792.01953125,40632672038,Bitcoin
2023-12-12,41450.22265625,42048.3046875,40667.5625,41238.734375,24779520132,Bitcoin
2023-12-13,42890.7421875,43429.78125,40676.8671875,41468.46484375,26797884674,Bitcoin
2023-12-14,43023.97265625,43390.859375,41767.08984375,42884.26171875,25578530178,Bitcoin
2023-12-15,41929.7578125,43087.82421875,41692.96875,43028.25,19639442462,Bitcoin
2023-12-16,42240.1171875,42664.9453125,41723.11328125,41937.7421875,14386729590,Bitcoin
2023-12-17,41364.6640625,42359.49609375,41274.54296875,42236.109375,16678702876,Bitcoin
2023-12-18,42623.5390625,42720.296875,40530.2578125,41348.203125,25224642008,Bitcoin
2023-12-19,42270.52734375,43354.296875,41826.3359375,42641.51171875,23171001281,Bitcoin
2023-12-20,43652.25,44275.5859375,42223.81640625,42261.30078125,27868908174,Bitcoin
2023-12-21,43869.15234375,44240.66796875,43330.05078125,43648.125,22452766169,Bitcoin
2023-12-22,43997.90234375,44367.95703125,43441.96875,43868.98828125,21028503216,Bitcoin
2023-12-23,43739.54296875,44015.69921875,43351.35546875,44012.19921875,13507796558,Bitcoin
2023-12-24,43016.1171875,43945.5234375,42786.91796875,43728.3671875,18830554085,Bitcoin
2023-12-25,43613.140625,43765.09375,42765.76953125,43010.57421875,21115795370,Bitcoin
2023-12-26,42520.40234375,43603.17578125,41676.48828125,43599.84765625,30026850982,Bitcoin
2023-12-27,43442.85546875,43683.16015625,42167.58203125,42518.46875,25260941032,Bitcoin
2023-12-28,42627.85546875,43804.78125,42318.55078125,43468.19921875,22992093014,Bitcoin
2023-12-29,42099.40234375,43124.32421875,41424.0625,42614.64453125,26000021055,Bitcoin
2023-12-30,42156.90234375,42584.125,41556.2265625,42091.75390625,16013925945,Bitcoin
2023-12-31,42265.1875,42860.9375,41998.25390625,42152.09765625,16397498810,Bitcoin
2024-01-01,44167.33203125,44175.4375,42214.9765625,42280.234375,18426978443,Bitcoin
2024-01-02,44957.96875,45899.70703125,44176.94921875,44187.140625,39335274536,Bitcoin
2024-01-03,42848.17578125,45503.2421875,40813.53515625,44961.6015625,46342323118,Bitcoin
2024-01-04,44179.921875,44770.0234375,42675.17578125,42855.81640625,30448091210,Bitcoin
2024-01-05,44162.69140625,44353.28515625,42784.71875,44192.98046875,32336029347,Bitcoin
2024-01-06,43989.1953125,44227.6328125,43475.15625,44178.953125,16092503468,Bitcoin
2024-01-07,43943.09765625,44495.5703125,43662.23046875,43998.46484375,19330573863,Bitcoin
2024-01-08,46970.50390625,47218.0,43244.08203125,43948.70703125,42746192015,Bitcoin
2024-01-09,46139.73046875,47893.69921875,45244.71484375,46987.640625,39821290992,Bitcoin
2024-01-10,46627.77734375,47647.22265625,44483.15234375,46121.5390625,50114613298,Bitcoin
2024-01-11,46368.5859375,48969.37109375,45678.64453125,46656.07421875,45833734549,Bitcoin
2024-01-12,42853.16796875,46498.13671875,41903.76953125,46354.79296875,43332698900,Bitcoin
2024-01-13,42842.3828125,43234.66015625,42464.14453125,42799.4453125,20601860469,Bitcoin
2024-01-14,41796.26953125,43065.59765625,41724.61328125,42842.26171875,17521429522,Bitcoin
2024-01-15,42511.96875,43319.72265625,41705.41796875,41715.06640625,22320220558,Bitcoin
2024-01-16,43154.9453125,43566.2734375,42085.99609375,42499.3359375,24062872740,Bitcoin
2024-01-17,42742.65234375,43189.890625,42189.30859375,43132.1015625,20851232595,Bitcoin
2024-01-18,41262.05859375,42876.34765625,40631.171875,42742.3125,25218357242,Bitcoin
2024-01-19,41618.40625,42134.16015625,40297.45703125,41278.4609375,25752407154,Bitcoin
2024-01-20,41665.5859375,41877.89453125,41446.82421875,41624.58984375,11586690904,Bitcoin
2024-01-21,41545.78515625,41855.3671875,41497.0078125,41671.48828125,9344043642,Bitcoin
2024-01-22,39507.3671875,41651.20703125,39450.1171875,41553.65234375,31338708143,Bitcoin
2024-01-23,39845.55078125,40127.3515625,38521.89453125,39518.71484375,29244553045,Bitcoin
2024-01-24,40077.07421875,40483.78515625,39508.796875,39877.59375,22359526178,Bitcoin
2024-01-25,39933.80859375,40254.48046875,39545.6640625,40075.55078125,18491782013,Bitcoin
2024-01-26,41816.87109375,42209.38671875,39825.69140625,39936.81640625,25598119893,Bitcoin
2024-01-27,42120.0546875,42195.6328125,41431.28125,41815.625,11422941934,Bitcoin
2024-01-28,42035.59375,42797.17578125,41696.91015625,42126.125,16858971687,Bitcoin
2024-01-29,43288.24609375,43305.8671875,41818.33203125,42030.9140625,20668476578,Bitcoin
2024-01-30,42952.609375,43838.9453125,42711.37109375,43300.2265625,23842814518,Bitcoin
2024-01-31,42582.60546875,43717.40625,42298.9453125,42946.25,24673628793,Bitcoin
2024-02-01,43075.7734375,43243.16796875,41879.19140625,42569.76171875,21423953779,Bitcoin
2024-02-02,43185.859375,43422.48828125,42584.3359375,43077.640625,18603843039,Bitcoin
2024-02-03,42992.25,43359.94140625,42890.80859375,43184.96484375,11169245236,Bitcoin
2024-02-04,42583.58203125,43097.64453125,42374.83203125,42994.94140625,14802225490,Bitcoin
2024-02-05,42658.66796875,43494.25,42264.81640625,42577.62109375,18715487317,Bitcoin
2024-02-06,43084.671875,43344.1484375,42529.01953125,42657.390625,16798476726,Bitcoin
2024-02-07,44318.22265625,44341.94921875,42775.95703125,43090.01953125,21126587775,Bitcoin
2024-02-08,45301.56640625,45575.83984375,44332.125,44332.125,26154524080,Bitcoin
2024-02-09,47147.19921875,48152.49609375,45260.82421875,45297.3828125,39316770844,Bitcoin
2024-02-10,47771.27734375,48146.171875,46905.3203125,47153.52734375,16398681570,Bitcoin
2024-02-11,48293.91796875,48535.9375,47617.40625,47768.96875,19315867136,Bitcoin
2024-02-12,49958.22265625,50280.4765625,47745.76171875,48296.38671875,34511985805,Bitcoin
2024-02-13,49742.44140625,50358.390625,48406.49609375,49941.359375,35593051468,Bitcoin
2024-02-14,51826.6953125,52021.37109375,49296.83203125,49733.4453125,39105608050,Bitcoin
2024-02-15,51938.5546875,52820.06640625,51371.62890625,51836.78515625,38564360533,Bitcoin
2024-02-16,52160.203125,52537.96875,51641.3671875,51937.7265625,28180567298,Bitcoin
2024-02-17,51662.99609375,52191.9140625,50669.66796875,52161.67578125,20009091006,Bitcoin
2024-02-18,52122.546875,52356.96484375,51233.70703125,51661.96875,17595377311,Bitcoin
2024-02-19,51779.14453125,52483.32421875,51711.8203125,52134.8125,21362184346,Bitcoin
2024-02-20,52284.875,52945.05078125,50792.3125,51777.7265625,33353758256,Bitcoin
2024-02-21,51839.1796875,52368.81640625,50671.7578125,52273.53515625,28624907020,Bitcoin
2024-02-22,51304.97265625,52009.61328125,50926.29296875,51854.64453125,25413900611,Bitcoin
2024-02-23,50731.94921875,51497.93359375,50561.77734375,51283.90625,21427078270,Bitcoin
2024-02-24,51571.1015625,51684.1953125,50585.4453125,50736.37109375,15174077879,Bitcoin
2024-02-25,51733.23828125,51950.02734375,51306.171875,51565.21484375,15413239245,Bitcoin
2024-02-26,54522.40234375,54938.17578125,50931.03125,51730.5390625,34074411896,Bitcoin
2024-02-27,57085.37109375,57537.83984375,54484.19921875,54519.36328125,49756832031,Bitcoin
2024-02-28,62504.7890625,63913.1328125,56738.42578125,57071.09765625,83239156760,Bitcoin
2024-02-29,61198.3828125,63585.64453125,60498.73046875,62499.18359375,65496611844,Bitcoin
2024-03-01,62440.6328125,63155.1015625,60802.52734375,61168.0625,40186368423,Bitcoin
2024-03-02,62029.84765625,62458.69921875,61657.2890625,62431.65234375,23888473685,Bitcoin
2024-03-03,63167.37109375,63230.2109375,61435.0234375,62031.578125,26253811450,Bitcoin
2024-03-04,68330.4140625,68537.03125,62386.51953125,63137.00390625,70670471105,Bitcoin
2024-03-05,63801.19921875,69170.625,59323.91015625,68341.0546875,102802940877,Bitcoin
2024-03-06,66106.8046875,67637.9296875,62848.671875,63776.05078125,68750229073,Bitcoin
2024-03-07,66925.484375,68029.921875,65655.53125,66099.7421875,46989543159,Bitcoin
2024-03-08,68300.09375,70083.0546875,66230.453125,66938.09375,59202881172,Bitcoin
2024-03-09,68498.8828125,68673.0546875,68053.125,68299.2578125,21609650379,Bitcoin
2024-03-10,69019.7890625,70005.203125,68239.9765625,68500.2578125,35683977532,Bitcoin
2024-03-11,72123.90625,72850.7109375,67194.8828125,69020.546875,65716656765,Bitcoin
2024-03-12,71481.2890625,72825.65625,68728.8515625,72125.125,62554434520,Bitcoin
2024-03-13,73083.5,73637.4765625,71334.09375,71482.1171875,48212536929,Bitcoin
2024-03-14,71396.59375,73750.0703125,68563.0234375,73079.375,59594605698,Bitcoin
2024-03-15,69403.7734375,72357.1328125,65630.6953125,71387.875,78320453976,Bitcoin
2024-03-16,65315.1171875,70046.2734375,64801.39453125,69392.484375,46842198371,Bitcoin
2024-03-17,68390.625,68845.71875,64545.31640625,65316.34375,44716864318,Bitcoin
2024-03-18,67548.59375,68897.1328125,66594.2265625,68371.3046875,49261579492,Bitcoin
2024-03-19,61912.7734375,68106.9296875,61536.1796875,67556.1328125,74215844794,Bitcoin
2024-03-20,67913.671875,68115.2578125,60807.78515625,61930.15625,66792634382,Bitcoin
2024-03-21,65491.390625,68199.9921875,64580.91796875,67911.5859375,44480350565,Bitcoin
2024-03-22,63778.76171875,66623.75,62355.37109375,65489.9296875,41401116964,Bitcoin
2024-03-23,64062.203125,65976.3984375,63038.4921875,63802.72265625,24738964812,Bitcoin
2024-03-24,67234.171875,67622.7578125,63825.8515625,64070.75390625,27206630673,Bitcoin
2024-03-25,69958.8125,71162.59375,66414.8359375,67234.09375,42700139523,Bitcoin
2024-03-26,69987.8359375,71535.7421875,69335.609375,69931.328125,36010437368,Bitcoin
2024-03-27,69455.34375,71727.6875,68381.9296875,69991.8984375,40827113309,Bitcoin
2024-03-28,70744.953125,71546.0234375,68895.5078125,69452.7734375,34374900617,Bitcoin
2024-03-29,69892.828125,70913.09375,69076.65625,70744.796875,25230851763,Bitcoin
2024-03-30,69645.3046875,70355.4921875,69601.0625,69893.4453125,17130241883,Bitcoin
2024-03-31,71333.6484375,71377.78125,69624.8671875,69647.78125,20050941373,Bitcoin
2024-04-01,69702.1484375,71342.09375,68110.6953125,71333.484375,34873527352,Bitcoin
2024-04-02,65446.97265625,69708.3828125,64586.59375,69705.0234375,50705240709,Bitcoin
2024-04-03,65980.8125,66914.3203125,64559.8984375,65446.671875,34488018367,Bitcoin
2024-04-04,68508.84375,69291.2578125,65113.796875,65975.6953125,34439527442,Bitcoin
2024-04-05,67837.640625,68725.7578125,66011.4765625,68515.7578125,33748230056,Bitcoin
2024-04-06,68896.109375,69629.6015625,67491.71875,67840.5703125,19967785809,Bitcoin
2024-04-07,69362.5546875,70284.4296875,68851.6328125,68897.109375,21204930369,Bitcoin
2024-04-08,71631.359375,72715.359375,69064.2421875,69362.5546875,37261432669,Bitcoin
2024-04-09,69139.015625,71742.5078125,68212.921875,71632.5,36426900409,Bitcoin
2024-04-10,70587.8828125,71093.4296875,67503.5625,69140.2421875,38318601774,Bitcoin
2024-04-11,70060.609375,71256.234375,69571.8125,70575.734375,30153382941,Bitcoin
2024-04-12,67195.8671875,71222.7421875,65254.8359375,70061.3828125,44129299406,Bitcoin
2024-04-13,63821.47265625,67931.4296875,60919.10546875,67188.375,52869738185,Bitcoin
2024-04-14,65738.7265625,65824.4296875,62205.8515625,63836.23046875,49084320047,Bitcoin
2024-04-15,63426.2109375,66878.6484375,62332.0703125,65739.6484375,43595917654,Bitcoin
2024-04-16,63811.86328125,64355.66796875,61716.40234375,63419.296875,42847528078,Bitcoin
2024-04-17,61276.69140625,64486.36328125,59768.5859375,63831.84765625,41915247049,Bitcoin
2024-04-18,63512.75390625,64125.6875,60833.48046875,61275.31640625,36006307335,Bitcoin
2024-04-19,63843.5703125,65481.59765625,59651.390625,63510.75,49920425401,Bitcoin
2024-04-20,64994.44140625,65442.45703125,63172.40234375,63851.1015625,23097485495,Bitcoin
2024-04-21,64926.64453125,65723.2421875,64277.72265625,64992.81640625,20506644853,Bitcoin
2024-04-22,66837.6796875,67233.9609375,64548.1796875,64935.6328125,28282686673,Bitcoin
2024-04-23,66407.2734375,67199.2421875,65864.8671875,66839.890625,24310975583,Bitcoin
2024-04-24,64276.8984375,67075.3671875,63589.87109375,66408.71875,30276655120,Bitcoin
2024-04-25,64481.70703125,65275.20703125,62783.6328125,64275.01953125,32155786816,Bitcoin
2024-04-26,63755.3203125,64789.65625,63322.3984375,64485.37109375,24139372950,Bitcoin
2024-04-27,63419.140625,63898.36328125,62424.71875,63750.98828125,19530783039,Bitcoin
2024-04-28,63113.23046875,64321.484375,62793.59765625,63423.515625,17334827993,Bitcoin
2024-04-29,63841.12109375,64174.87890625,61795.45703125,63106.36328125,26635912073,Bitcoin
2024-04-30,60636.85546875,64703.33203125,59120.06640625,63839.41796875,37840840057,Bitcoin
2024-05-01,58254.01171875,60780.5,56555.29296875,60609.49609375,48439780271,Bitcoin
2024-05-02,59123.43359375,59602.296875,56937.203125,58253.703125,32711813559,Bitcoin
2024-05-03,62889.8359375,63320.50390625,58848.3125,59122.30078125,33172023048,Bitcoin
2024-05-04,63891.47265625,64494.95703125,62599.3515625,62891.03125,20620477992,Bitcoin
2024-05-05,64031.1328125,64610.890625,62955.3046875,63892.453125,18296164805,Bitcoin
2024-05-06,63161.94921875,65494.90234375,62746.23828125,64038.3125,28697928697,Bitcoin
2024-05-07,62334.81640625,64390.45703125,62285.98046875,63162.76171875,25930730982,Bitcoin
2024-05-08,61187.94140625,62986.0859375,60877.12890625,62332.640625,26088172222,Bitcoin
2024-05-09,63049.9609375,63404.9140625,60648.07421875,61191.19921875,25453338161,Bitcoin
2024-05-10,60792.77734375,63446.7421875,60208.78125,63055.19140625,27804954694,Bitcoin
2024-05-11,60793.7109375,61451.15234375,60492.625,60793.35546875,13842272968,Bitcoin
2024-05-12,61448.39453125,61818.15625,60632.6015625,60793.50390625,13800459405,Bitcoin
2024-05-13,62901.44921875,63422.66015625,60769.83984375,61451.21875,27889181179,Bitcoin
2024-05-14,61552.7890625,63092.125,61123.765625,62900.7734375,28186271527,Bitcoin
2024-05-15,66267.4921875,66454.453125,61330.41015625,61553.98828125,39815167074,Bitcoin
2024-05-16,65231.58203125,66712.4296875,64613.0546875,66256.109375,31573077994,Bitcoin
2024-05-17,67051.875,67459.4609375,65119.31640625,65231.296875,28031279310,Bitcoin
2024-05-18,66940.8046875,67387.328125,66663.5,67066.2109375,16712277406,Bitcoin
2024-05-19,66278.3671875,67694.296875,65937.1796875,66937.9296875,19249094538,Bitcoin
2024-05-20,71448.1953125,71483.5625,66086.171875,66278.7421875,43850655717,Bitcoin
2024-05-21,70136.53125,71946.4609375,69191.125,71443.0625,46932005990,Bitcoin
2024-05-22,69122.3359375,70623.6953125,68977.6953125,70135.3203125,32802561717,Bitcoin
2024-05-23,67929.5625,70041.2734375,66356.953125,69121.3046875,41895680979,Bitcoin
2024-05-24,68526.1015625,69220.296875,66622.671875,67928.1328125,29197308153,Bitcoin
2024-05-25,69265.9453125,69579.3203125,68515.8203125,68526.921875,15473071741,Bitcoin
2024-05-26,68518.09375,69506.2265625,68183.890625,69264.2890625,15628433737,Bitcoin
2024-05-27,69394.5546875,70597.8828125,68232.5,68512.1796875,25870990717,Bitcoin
2024-05-28,68296.21875,69514.640625,67227.15625,69392.1953125,32722265965,Bitcoin
2024-05-29,67578.09375,68852.4609375,67101.4921875,68296.3515625,26707072906,Bitcoin
2024-05-30,68364.9921875,69500.5390625,67118.078125,67576.0859375,29509712534,Bitcoin
2024-05-31,67491.4140625,68999.5625,66633.421875,68362.515625,27387283769,Bitcoin
2024-06-01,67706.9375,67839.765625,67386.1953125,67489.609375,11641495604,Bitcoin
2024-06-02,67751.6015625,68409.1640625,67315.5234375,67710.2734375,17110588415,Bitcoin
2024-06-03,68804.78125,70230.8203125,67589.8359375,67753.8984375,32401285324,Bitcoin
2024-06-04,70567.765625,71047.40625,68564.640625,68804.5703125,33149696545,Bitcoin
2024-06-05,71082.8203125,71735.4140625,70390.7109375,70568.3515625,32810771409,Bitcoin
2024-06-06,70757.1640625,71625.734375,70119.125,71082.84375,25223152007,Bitcoin
2024-06-07,69342.5859375,71907.8515625,68507.2578125,70759.1875,36188381096,Bitcoin
2024-06-08,69305.7734375,69533.3203125,69210.7421875,69324.1796875,14262185861,Bitcoin
2024-06-09,69647.9921875,69817.5234375,69160.84375,69297.4921875,13534028500,Bitcoin
2024-06-10,69512.28125,70146.0703125,69232.421875,69644.3125,20597699541,Bitcoin
2024-06-11,67332.03125,69549.4140625,66123.6015625,69508.078125,37116136345,Bitcoin
2024-06-12,68241.1875,69977.890625,66902.453125,67321.375,34497940694,Bitcoin
2024-06-13,66756.3984375,68365.78125,66304.5625,68243.1015625,28955204146,Bitcoin
2024-06-14,66011.09375,67294.6484375,65056.89453125,66747.5703125,27403884779,Bitcoin
2024-06-15,66191.0,66402.1875,65871.7734375,66006.7421875,14121265576,Bitcoin
2024-06-16,66639.046875,66894.84375,66018.25,66189.359375,13281140541,Bitcoin
2024-06-17,66490.296875,67188.3203125,65094.96484375,66636.515625,30006354476,Bitcoin
2024-06-18,65140.74609375,66556.703125,64066.95703125,66490.9765625,39481285950,Bitcoin
2024-06-19,64960.296875,65695.3515625,64693.30078125,65146.66015625,21103423504,Bitcoin
2024-06-20,64828.65625,66438.9609375,64547.84765625,64960.296875,25641109124,Bitcoin
2024-06-21,64096.19921875,65007.546875,63378.89453125,64837.98828125,26188171739,Bitcoin
2024-06-22,64252.578125,64475.46875,63929.7578125,64113.86328125,9858198793,Bitcoin
2024-06-23,63180.796875,64491.703125,63180.796875,64248.96484375,11170471802,Bitcoin
2024-06-24,60277.4140625,63292.52734375,58601.69921875,63173.3515625,43152133651,Bitcoin
2024-06-25,61804.640625,62258.26171875,60239.75,60266.28125,29201215431,Bitcoin
2024-06-26,60811.27734375,62434.13671875,60695.1875,61789.67578125,22506003064,Bitcoin
2024-06-27,61604.80078125,62293.86328125,60585.33203125,60811.2265625,21231745045,Bitcoin
2024-06-28,60320.13671875,62126.09765625,59985.40234375,61612.8046875,24952866877,Bitcoin
2024-06-29,60887.37890625,61097.62109375,60300.96484375,60319.875,12652903396,Bitcoin
2024-06-30,62678.29296875,62892.828125,60632.94921875,60888.4453125,17333226409,Bitcoin
2024-07-01,62851.98046875,63777.2265625,62495.51171875,62673.60546875,25468379421,Bitcoin
2024-07-02,62029.015625,63203.359375,61752.74609375,62844.41015625,20151616992,Bitcoin
2024-07-03,60173.921875,62187.703125,59419.38671875,62034.33203125,29756701685,Bitcoin
2024-07-04,56977.703125,60399.67578125,56777.8046875,60147.13671875,41149609230,Bitcoin
2024-07-05,56662.375,57497.15234375,53717.375,57022.80859375,55417544033,Bitcoin
2024-07-06,58303.5390625,58472.546875,56038.9609375,56659.07421875,20610320577,Bitcoin
2024-07-07,55849.109375,58371.12109375,55793.32421875,58239.4296875,20553359505,Bitcoin
2024-07-08,56705.09765625,58131.3359375,54321.01953125,55849.57421875,39766159899,Bitcoin
2024-07-09,58009.2265625,58239.1953125,56316.875,56704.59765625,27849512607,Bitcoin
2024-07-10,57742.49609375,59359.43359375,57178.4140625,58033.8828125,26175260526,Bitcoin
2024-07-11,57344.9140625,59299.43359375,57120.37890625,57729.890625,28707803842,Bitcoin
2024-07-12,57899.46484375,58532.5546875,56590.17578125,57341.1953125,25604805221,Bitcoin
2024-07-13,59231.953125,59787.078125,57796.44140625,57908.73828125,17080061806,Bitcoin
2024-07-14,60787.79296875,61329.52734375,59225.25,59225.25,22223416061,Bitcoin
2024-07-15,64870.15234375,64870.15234375,60704.9296875,60815.45703125,38094526099,Bitcoin
2024-07-16,65097.1484375,65354.33984375,62487.96875,64784.41796875,41617346768,Bitcoin
2024-07-17,64118.79296875,66066.734375,63896.0859375,65091.83203125,32525071311,Bitcoin
2024-07-18,63974.06640625,65104.66015625,63246.1640625,64104.73828125,27239305337,Bitcoin
2024-07-19,66710.15625,67442.640625,63329.34375,63972.32421875,37003855410,Bitcoin
2024-07-20,67163.6484375,67610.734375,66299.6171875,66709.921875,19029581250,Bitcoin
2024-07-21,68154.5234375,68372.90625,65842.296875,67164.9140625,26652190004,Bitcoin
2024-07-22,67585.25,68480.0625,66611.296875,68152.9765625,42649109453,Bitcoin
2024-07-23,65927.671875,67779.015625,65484.4609375,67584.8046875,35605668666,Bitcoin
2024-07-24,65372.1328125,67113.984375,65146.99609375,65927.859375,27470942309,Bitcoin
2024-07-25,65777.2265625,66112.421875,63473.47265625,65375.875,38315761670,Bitcoin
2024-07-26,67912.0625,68207.6015625,65743.765625,65771.8125,30488630457,Bitcoin
2024-07-27,67813.3359375,69398.5078125,66705.21875,67911.8125,34691905492,Bitcoin
2024-07-28,68255.8671875,68301.8515625,67085.828125,67808.65625,18043166945,Bitcoin
2024-07-29,66819.9140625,69987.5390625,66532.59375,68259.0546875,40780682628,Bitcoin
2024-07-30,66201.015625,66987.671875,65323.19140625,66819.0546875,31380492109,Bitcoin
2024-07-31,64619.25,66810.2109375,64532.046875,66201.2734375,31292785994,Bitcoin
2024-08-01,65357.5,65593.2421875,62248.94140625,64625.83984375,40975554494,Bitcoin
2024-08-02,61415.06640625,65523.22265625,61184.89453125,65353.5,43060875727,Bitcoin
2024-08-03,60680.09375,62148.37109375,59836.52734375,61414.80859375,31753030589,Bitcoin
2024-08-04,58116.9765625,61062.98828125,57210.8046875,60676.09375,31758917219,Bitcoin
2024-08-05,53991.45703125,58268.828125,49121.23828125,58110.296875,108991085584,Bitcoin
2024-08-06,56034.31640625,57059.91796875,53973.2734375,53991.34765625,49300484106,Bitcoin
2024-08-07,55027.4609375,57726.8828125,54620.5078125,56040.6328125,41637562185,Bitcoin
2024-08-08,61710.13671875,62673.765625,54766.7265625,55030.02734375,45298472567,Bitcoin
2024-08-09,60880.11328125,61751.86328125,59587.859375,61728.20703125,33425553115,Bitcoin
2024-08-10,60945.8125,61464.51171875,60287.56640625,60881.23046875,15745822278,Bitcoin
2024-08-11,58719.484375,61778.66015625,58348.82421875,60944.890625,22759754812,Bitcoin
2024-08-12,59354.515625,60680.33203125,57688.8984375,58719.39453125,37078637820,Bitcoin
2024-08-13,60609.56640625,61572.3984375,58506.25390625,59356.20703125,30327698167,Bitcoin
2024-08-14,58737.26953125,61687.7578125,58472.875,60611.05078125,29961696180,Bitcoin
2024-08-15,57560.09765625,59838.6484375,56161.59375,58733.26171875,35682112440,Bitcoin
2024-08-16,58894.10546875,59847.359375,57110.01953125,57560.2734375,29350938673,Bitcoin
2024-08-17,59478.97265625,59694.66796875,58814.83203125,58893.53125,13589684021,Bitcoin
2024-08-18,58483.96484375,60262.71875,58445.40234375,59468.1328125,17740625837,Bitcoin
2024-08-19,59493.453125,59612.66015625,57864.7109375,58480.7109375,25911207712,Bitcoin
2024-08-20,59012.79296875,61396.328125,58610.8828125,59493.453125,31613400008,Bitcoin
2024-08-21,61175.19140625,61834.3515625,58823.4453125,59014.98828125,32731154072,Bitcoin
2024-08-22,60381.9140625,61408.109375,59815.25390625,61168.31640625,27625734377,Bitcoin
2024-08-23,64094.35546875,64947.0625,60372.05078125,60380.953125,42530509233,Bitcoin
2024-08-24,64178.9921875,64513.7890625,63619.91796875,64103.87109375,21430585163,Bitcoin
2024-08-25,64333.54296875,64996.421875,63833.51953125,64176.3671875,18827683555,Bitcoin
2024-08-26,62880.66015625,64489.70703125,62849.55859375,64342.2265625,27682040631,Bitcoin
2024-08-27,59504.1328125,63210.796875,58116.75,62879.70703125,39103882198,Bitcoin
2024-08-28,59027.625,60236.44921875,57890.67578125,59507.92578125,40289564698,Bitcoin
2024-08-29,59388.1796875,61184.08203125,58786.2265625,59027.46875,32224990582,Bitcoin
2024-08-30,59119.4765625,59896.88671875,57768.53125,59388.6015625,32292756405,Bitcoin
2024-08-31,58969.8984375,59432.59375,58768.78515625,59117.48046875,12403470760,Bitcoin
2024-09-01,57325.48828125,59062.0703125,57217.82421875,58969.80078125,24592449997,Bitcoin
2024-09-02,59112.48046875,59403.0703125,57136.02734375,57326.96875,27036454524,Bitcoin
2024-09-03,57431.0234375,59815.05859375,57425.16796875,59106.19140625,26666961053,Bitcoin
2024-09-04,57971.5390625,58511.5703125,55673.1640625,57430.34765625,35627680312,Bitcoin
2024-09-05,56160.48828125,58300.58203125,55712.453125,57971.703125,31030280656,Bitcoin
2024-09-06,53948.75390625,56976.109375,52598.69921875,56160.19140625,49361693566,Bitcoin
2024-09-07,54139.6875,54838.14453125,53740.0703125,53949.0859375,19061486526,Bitcoin
2024-09-08,54841.56640625,55300.859375,53653.7578125,54147.93359375,18268287531,Bitcoin
2024-09-09,57019.53515625,58041.125,54598.43359375,54851.88671875,34618096173,Bitcoin
2024-09-10,57648.7109375,58029.9765625,56419.4140625,57020.09765625,28857630507,Bitcoin
2024-09-11,57343.171875,57991.3203125,55567.33984375,57650.2890625,37049062672,Bitcoin
2024-09-12,58127.01171875,58534.359375,57330.1015625,57343.171875,33835707949,Bitcoin
2024-09-13,60571.30078125,60648.0234375,57650.11328125,58130.32421875,32490528356,Bitcoin
2024-09-14,60005.12109375,60656.72265625,59517.8828125,60569.1171875,16428405496,Bitcoin
2024-09-15,59182.8359375,60381.91796875,58696.30859375,60000.7265625,18120960867,Bitcoin
2024-09-16,58192.5078125,59205.51171875,57501.33984375,59185.2265625,32032822113,Bitcoin
2024-09-17,60308.5390625,61316.08984375,57628.0703125,58192.5078125,38075570118,Bitcoin
2024-09-18,61649.6796875,61664.06640625,59218.25390625,60309.0,40990702891,Bitcoin
2024-09-19,62940.45703125,63872.44140625,61609.8671875,61651.15625,42710252573,Bitcoin
2024-09-20,63192.9765625,64119.53125,62364.60546875,62941.42578125,35177164222,Bitcoin
2024-09-21,63394.83984375,63543.359375,62783.10546875,63184.33984375,14408616220,Bitcoin
2024-09-22,63648.7109375,63993.421875,62440.7265625,63396.8046875,20183348802,Bitcoin
2024-09-23,63329.80078125,64733.55859375,62628.078125,63643.1015625,31400285425,Bitcoin
2024-09-24,64301.96875,64695.21484375,62737.41796875,63326.83984375,29938335243,Bitcoin
2024-09-25,63143.14453125,64804.50390625,62945.375,64302.58984375,25078377700,Bitcoin
2024-09-26,65181.01953125,65790.796875,62669.26953125,63138.546875,36873129847,Bitcoin
2024-09-27,65790.6640625,66480.6953125,64852.9921875,65180.6640625,32058813449,Bitcoin
2024-09-28,65887.6484375,66255.53125,65458.03515625,65792.1796875,15243637984,Bitcoin
2024-09-29,65635.3046875,66069.34375,65450.015625,65888.8984375,14788214575,Bitcoin
2024-09-30,63329.5,65635.0546875,62873.6171875,65634.65625,37112957475,Bitcoin
2024-10-01,60837.0078125,64110.98046875,60189.27734375,63335.60546875,50220923500,Bitcoin
2024-10-02,60632.78515625,62357.6875,59996.94921875,60836.32421875,40762722398,Bitcoin
2024-10-03,60759.40234375,61469.0390625,59878.8046875,60632.484375,36106447279,Bitcoin
2024-10-04,62067.4765625,62465.9921875,60459.94140625,60754.625,29585472513,Bitcoin
2024-10-05,62089.94921875,62371.0234375,61689.58203125,62067.609375,13305410749,Bitcoin
2024-10-06,62818.953125,62959.5703125,61833.1484375,62084.98828125,14776233667,Bitcoin
2024-10-07,62236.66015625,64443.70703125,62152.55078125,62819.109375,34253562610,Bitcoin
2024-10-08,62131.96875,63174.3046875,61843.5625,62221.64453125,28134475157,Bitcoin
2024-10-09,60582.1015625,62508.8359375,60314.61328125,62131.7265625,27670982363,Bitcoin
2024-10-10,60274.5,61236.72265625,58895.20703125,60581.9296875,30452813570,Bitcoin
2024-10-11,62445.08984375,63400.87109375,60046.125,60275.4609375,30327141594,Bitcoin
2024-10-12,63193.0234375,63448.78515625,62443.26953125,62444.6171875,16744110886,Bitcoin
2024-10-13,62851.375,63272.65234375,62035.63671875,63192.9453125,18177529690,Bitcoin
2024-10-14,66046.125,66482.4921875,62442.15234375,62848.3984375,43706958056,Bitcoin
2024-10-15,67041.109375,67881.6796875,64809.1953125,66050.3671875,48863870879,Bitcoin
2024-10-16,67612.71875,68375.2890625,66758.7265625,67042.4609375,38195189534,Bitcoin
2024-10-17,67399.8359375,67912.2109375,66647.390625,67617.078125,32790898511,Bitcoin
2024-10-18,68418.7890625,68969.75,67177.8203125,67419.109375,36857165014,Bitcoin
2024-10-19,68362.734375,68668.0078125,68024.640625,68418.9765625,14443497908,Bitcoin
2024-10-20,69001.703125,69359.0078125,68105.71875,68364.1796875,18975847518,Bitcoin
2024-10-21,67367.8515625,69462.734375,66829.8515625,69002.0,37498611780,Bitcoin
2024-10-22,67361.40625,67801.578125,66581.3671875,67360.703125,31808472566,Bitcoin
2024-10-23,66432.1953125,67402.7421875,65188.03515625,67362.375,32263980353,Bitcoin
2024-10-24,68161.0546875,68798.9609375,66454.1015625,66653.703125,31414428647,Bitcoin
2024-10-25,66642.4140625,68722.15625,65521.79296875,68165.296875,41469984306,Bitcoin
2024-10-26,67014.6953125,67317.921875,66360.59375,66628.734375,19588098156,Bitcoin
2024-10-27,67929.296875,68221.3125,66847.2265625,67023.4765625,16721307878,Bitcoin
2024-10-28,69907.7578125,70212.265625,67535.1328125,67922.671875,38799856657,Bitcoin
2024-10-29,72720.4921875,73577.2109375,69729.9140625,69910.046875,58541874402,Bitcoin
2024-10-30,72339.5390625,72905.296875,71411.734375,72715.3671875,40646637831,Bitcoin
2024-10-31,70215.1875,72662.3125,69590.5,72335.046875,40627912076,Bitcoin
2024-11-01,69482.46875,71559.015625,68779.703125,70216.8984375,49989795365,Bitcoin
2024-11-02,69289.2734375,69867.3515625,69033.71875,69486.0234375,18184612091,Bitcoin
2024-11-03,68741.1171875,69361.65625,67482.5234375,69296.3828125,34868307655,Bitcoin
2024-11-04,67811.5078125,69433.1796875,66803.6484375,68742.1328125,41184819348,Bitcoin
2024-11-05,69359.5625,70522.7890625,67458.8671875,67811.171875,46046889204,Bitcoin
2024-11-06,75639.078125,76460.15625,69322.03125,69358.5,118592653963,Bitcoin
2024-11-07,75904.859375,76943.1171875,74480.421875,75637.0859375,63467654989,Bitcoin
2024-11-08,76545.4765625,77252.75,75648.7421875,75902.8359375,55176858003,Bitcoin
2024-11-09,76778.8671875,76932.765625,75773.7890625,76556.1875,29009480361,Bitcoin
2024-11-10,80474.1875,81474.421875,76565.4296875,76775.546875,82570594495,Bitcoin
2024-11-11,88701.484375,89604.5,80283.25,80471.4140625,117966845037,Bitcoin
2024-11-12,87955.8125,89956.8828125,85155.109375,88705.5625,133673285375,Bitcoin
2024-11-13,90584.1640625,93434.3515625,86256.9296875,87929.96875,123559027869,Bitcoin
2024-11-14,87250.4296875,91765.21875,86682.8125,90574.8828125,87616705248,Bitcoin
2024-11-15,91066.0078125,91868.7421875,87124.8984375,87284.1796875,78243109518,Bitcoin
2024-11-16,90558.4765625,91763.9453125,90094.2265625,91064.3671875,44333192814,Bitcoin
2024-11-17,89845.8515625,91433.0390625,88741.6640625,90558.4609375,46350159305,Bitcoin
2024-11-18,90542.640625,92596.7890625,89393.59375,89843.71875,75535775084,Bitcoin
2024-11-19,92343.7890625,94002.8671875,90426.984375,90536.8125,74521048295,Bitcoin
2024-11-20,94339.4921875,94902.0234375,91619.5,92341.890625,71730956426,Bitcoin
2024-11-21,98504.7265625,99014.21875,94132.6015625,94334.640625,106024505582,Bitcoin
2024-11-22,98997.6640625,99655.5,97222.6640625,98496.4296875,78473580551,Bitcoin
2024-11-23,97777.28125,99014.6796875,97232.890625,99006.7421875,44414644677,Bitcoin
2024-11-24,98013.8203125,98647.1796875,95788.078125,97778.09375,51712020623,Bitcoin
2024-11-25,93102.296875,98935.03125,92642.9140625,98033.4453125,80909462490,Bitcoin
2024-11-26,91985.3203125,94991.75,90770.8125,93087.28125,91656519855,Bitcoin
2024-11-27,95962.53125,97361.1796875,91778.6640625,91978.140625,71133452438,Bitcoin
2024-11-28,95652.46875,96650.203125,94677.3515625,95954.9453125,52260008261,Bitcoin
2024-11-29,97461.5234375,98693.171875,95407.8828125,95653.953125,54968682476,Bitcoin
2024-11-30,96449.0546875,97499.34375,96144.21875,97468.8125,31634227866,Bitcoin
2024-12-01,97279.7890625,97888.125,95770.1875,96461.3359375,36590695296,Bitcoin
2024-12-02,95865.3046875,98152.6015625,94482.8671875,97276.0078125,72680784305,Bitcoin
2024-12-03,96002.1640625,96297.203125,93629.5625,95854.59375,67067810961,Bitcoin
2024-12-04,98768.53125,99207.328125,94660.5234375,95988.53125,77199817112,Bitcoin
2024-12-05,96593.5703125,103900.46875,91998.78125,98741.5390625,149218945580,Bitcoin
2024-12-06,99920.7109375,102039.8828125,96514.875,97074.2265625,94534772658,Bitcoin
2024-12-07,99923.3359375,100563.3828125,99030.8828125,99916.7109375,44177510897,Bitcoin
2024-12-08,101236.015625,101399.9921875,98771.515625,99921.9140625,44125751925,Bitcoin
2024-12-09,97432.71875,101272.5078125,94355.9140625,101237.0625,110676473908,Bitcoin
2024-12-10,96675.4296875,98270.15625,94321.2578125,97441.234375,104823780634,Bitcoin
2024-12-11,101173.03125,101913.359375,95747.2265625,96656.0625,85391409936,Bitcoin
2024-12-12,100043.0,102524.9140625,99339.953125,101167.8046875,72073983533,Bitcoin
2024-12-13,101459.2578125,101888.8046875,99233.28125,100046.6484375,56894751583,Bitcoin
2024-12-14,101372.96875,102618.8828125,100634.0546875,101451.4375,40422968793,Bitcoin
2024-12-15,104298.6953125,105047.5390625,101227.03125,101373.53125,51145914137,Bitcoin
2024-12-16,106029.71875,107780.578125,103322.984375,104293.578125,91020417816,Bitcoin
2024-12-17,106140.6015625,108268.4453125,105291.734375,106030.6875,68589364868,Bitcoin
2024-12-18,100041.5390625,106470.609375,100041.5390625,106147.296875,93865656139,Bitcoin
2024-12-19,97490.953125,102748.1484375,95587.6796875,100070.6875,97221662392,Bitcoin
2024-12-20,97755.9296875,98098.9140625,92175.1796875,97484.6953125,105634083408,Bitcoin
2024-12-21,97224.7265625,99507.1015625,96426.5234375,97756.1953125,51765334294,Bitcoin
2024-12-22,95104.9375,97360.265625,94202.1875,97218.3203125,43147981314,Bitcoin
2024-12-23,94686.2421875,96416.2109375,92403.1328125,95099.390625,65239002919,Bitcoin
2024-12-24,98676.09375,99404.0625,93448.015625,94684.34375,47114953674,Bitcoin
2024-12-25,99299.1953125,99478.75,97593.46875,98675.9140625,33700394629,Bitcoin
2024-12-26,95795.515625,99884.5703125,95137.8828125,99297.6953125,47054980873,Bitcoin
2024-12-27,94164.859375,97294.84375,93310.7421875,95704.9765625,52419934565,Bitcoin
2024-12-28,95163.9296875,95525.8984375,94014.2890625,94160.1875,24107436185,Bitcoin
2024-12-29,93530.2265625,95174.875,92881.7890625,95174.0546875,29635885267,Bitcoin
2024-12-30,92643.2109375,94903.3203125,91317.1328125,93527.1953125,56188003691,Bitcoin
2024-12-31,93429.203125,96090.6015625,91914.03125,92643.25,43625106843,Bitcoin
2025-01-01,94419.7578125,94929.8671875,92788.125,93425.1015625,24519888919,Bitcoin
2025-01-02,96886.875,97739.8203125,94201.5703125,94416.2890625,46009564411,Bitcoin
2025-01-03,98107.4296875,98956.9140625,96034.6171875,96881.7265625,35611391163,Bitcoin
2025-01-04,98236.2265625,98734.4296875,97562.9765625,98106.9921875,22342608078,Bitcoin
2025-01-05,98314.9609375,98813.3046875,97291.765625,98233.90625,20525254825,Bitcoin
2025-01-06,102078.0859375,102482.875,97926.1484375,98314.953125,51823432705,Bitcoin
2025-01-07,96922.703125,102712.484375,96132.875,102248.8515625,58685738547,Bitcoin
2025-01-08,95043.5234375,97258.3203125,92525.84375,96924.1640625,63875859171,Bitcoin
2025-01-09,92484.0390625,95349.71875,91220.84375,95043.484375,62777261693,Bitcoin
2025-01-10,94701.453125,95770.609375,92250.09375,92494.4921875,62058693684,Bitcoin
2025-01-11,94566.59375,94977.6875,93840.046875,94700.8359375,18860894100,Bitcoin
2025-01-12,94488.4375,95367.5390625,93712.5078125,94565.7265625,20885130965,Bitcoin
2025-01-13,94516.5234375,95837.0,89260.1015625,94488.890625,72978998252,Bitcoin
2025-01-14,96534.046875,97352.6640625,94322.15625,94519.0078125,53769675818,Bitcoin
2025-01-15,100504.4921875,100697.234375,96501.640625,96534.046875,57805923627,Bitcoin
2025-01-16,99756.90625,100781.5859375,97364.4453125,100505.296875,54103781805,Bitcoin
2025-01-17,104462.0390625,105884.2265625,99948.90625,100025.765625,71888972663,Bitcoin
2025-01-18,104408.0703125,104913.203125,102226.6171875,104124.953125,50445655726,Bitcoin
2025-01-19,101089.609375,106299.796875,99570.53125,104411.2890625,76789928525,Bitcoin
2025-01-20,102016.6640625,109114.8828125,99471.359375,101083.75,126279678351,Bitcoin
2025-01-21,106146.265625,107180.921875,100103.953125,102052.578125,88733878242,Bitcoin
2025-01-22,103653.0703125,106294.34375,103360.265625,106136.3828125,53878181052,Bitcoin
2025-01-23,103960.171875,106820.328125,101257.8046875,103657.671875,104104515428,Bitcoin
2025-01-24,104819.484375,107098.546875,102772.125,103965.671875,52388229265,Bitcoin
2025-01-25,104714.6484375,105243.7890625,104120.375,104824.03125,23888996502,Bitcoin
2025-01-26,102682.5,105438.6484375,102507.7109375,104713.2109375,22543395879,Bitcoin
2025-01-27,102087.6875,103214.109375,97795.9375,102680.3046875,89006608428,Bitcoin
2025-01-28,101332.4765625,103730.8203125,100238.1875,102095.4140625,47180685494,Bitcoin
2025-01-29,103703.2109375,104750.8046875,101283.8203125,101317.5234375,47432049818,Bitcoin
2025-01-30,104735.3046875,106418.765625,103321.6484375,103709.3359375,41915744521,Bitcoin
2025-01-31,102405.0234375,106026.3515625,101543.8828125,104737.5625,45732764360,Bitcoin
2025-02-01,100655.90625,102755.7265625,100297.7109375,102402.796875,27757944848,Bitcoin
2025-02-02,97688.9765625,101430.6640625,96216.078125,100661.5390625,63091816853,Bitcoin
2025-02-03,101405.421875,102514.171875,91242.890625,97681.1015625,115400897748,Bitcoin
2025-02-04,97871.8203125,101745.6171875,96208.109375,101398.71875,73002130211,Bitcoin
2025-02-05,96615.4453125,99113.2109375,96174.828125,97878.0078125,49125911241,Bitcoin
2025-02-06,96593.296875,99168.609375,95707.3515625,96610.640625,45302471947,Bitcoin
2025-02-07,96529.0859375,100154.140625,95653.8828125,96581.3203125,55741290456,Bitcoin
2025-02-08,96482.453125,96877.8046875,95702.4921875,96533.2578125,22447526395,Bitcoin
2025-02-09,96500.09375,97325.28125,94745.2578125,96481.3125,27732901800,Bitcoin
2025-02-10,97437.5546875,98333.21875,95320.84375,96499.4609375,40078962391,Bitcoin
2025-02-11,95747.4296875,98492.8984375,94875.0390625,97438.1328125,37488783272,Bitcoin
2025-02-12,97885.859375,98151.0234375,94101.203125,95745.6953125,49340445530,Bitcoin
2025-02-13,96623.8671875,98111.0859375,95269.7109375,97888.75,37147280860,Bitcoin
2025-02-14,97508.96875,98819.46875,96342.8046875,96623.3671875,32697987277,Bitcoin
2025-02-15,97580.3515625,97975.0390625,97240.1953125,97508.3828125,17047266288,Bitcoin
2025-02-16,96175.03125,97725.59375,96060.9765625,97580.4921875,16536755396,Bitcoin
2025-02-17,95773.3828125,97032.234375,95243.546875,96179.0078125,27336550690,Bitcoin
2025-02-18,95539.546875,96695.375,93388.8359375,95773.8125,37325720482,Bitcoin
2025-02-19,96635.609375,96855.59375,95011.96875,95532.53125,28990872862,Bitcoin
2025-02-20,98333.9375,98767.1953125,96442.671875,96632.6796875,31668022771,Bitcoin
2025-02-21,96125.546875,99497.96875,94852.9609375,98340.671875,49608706470,Bitcoin
2025-02-22,96577.7578125,96950.15625,95765.34375,96134.203125,18353824477,Bitcoin
2025-02-23,96273.921875,96671.875,95270.453125,96577.8046875,16999478976,Bitcoin
2025-02-24,91418.171875,96503.453125,91371.7421875,96277.9609375,44046480529,Bitcoin
2025-02-25,88736.171875,92511.078125,86008.234375,91437.1171875,92139104128,Bitcoin
2025-02-26,84347.0234375,89286.25,82131.8984375,88638.890625,64597492134,Bitcoin
2025-02-27,84704.2265625,87000.78125,83144.9609375,84076.859375,52659591954,Bitcoin
2025-02-28,84373.0078125,85036.3203125,78248.9140625,84705.625,83610570576,Bitcoin
2025-03-01,86031.9140625,86522.3046875,83794.234375,84373.8671875,29190628396,Bitcoin
2025-03-02,94248.3515625,95043.4375,85040.2109375,86036.2578125,58398341092,Bitcoin
2025-03-03,86065.671875,94429.75,85081.3046875,94248.421875,70072228536,Bitcoin
2025-03-04,87222.1953125,88911.2734375,81529.2421875,86064.0703125,68095241474,Bitcoin
2025-03-05,90623.5625,90998.2421875,86379.7734375,87222.953125,50498988027,Bitcoin
2025-03-06,89961.7265625,92804.9375,87852.140625,90622.359375,47749810486,Bitcoin
2025-03-07,86742.671875,91191.046875,84717.6796875,89963.28125,65945677657,Bitcoin
2025-03-08,86154.59375,86847.265625,85247.484375,86742.65625,18206118081,Bitcoin
2025-03-09,80601.0390625,86471.1328125,80052.484375,86154.3046875,30899345977,Bitcoin
2025-03-10,78532.0,83955.9296875,77420.59375,80597.1484375,54061099422,Bitcoin
2025-03-11,82862.2109375,83577.7578125,76624.25,78523.875,54702837196,Bitcoin
2025-03-12,83722.359375,84358.578125,80635.25,82857.375,40353484454,Bitcoin
2025-03-13,81066.703125,84301.6953125,79931.8515625,83724.921875,31412940153,Bitcoin
2025-03-14,83969.1015625,85263.2890625,80797.5625,81066.9921875,29588112414,Bitcoin
2025-03-15,84343.109375,84672.671875,83639.59375,83968.40625,13650491277,Bitcoin
2025-03-16,82579.6875,85051.6015625,82017.90625,84333.3203125,21330270174,Bitcoin
2025-03-17,84075.6875,84725.328125,82492.15625,82576.3359375,25092785558,Bitcoin
2025-03-18,82718.5,84075.71875,81179.9921875,84075.71875,24095774594,Bitcoin
2025-03-19,86854.2265625,87021.1875,82569.7265625,82718.8046875,34931960257,Bitcoin
2025-03-20,84167.1953125,87443.265625,83647.1953125,86872.953125,29028988961,Bitcoin
2025-03-21,84043.2421875,84782.2734375,83171.0703125,84164.5390625,19030452299,Bitcoin
2025-03-22,83832.484375,84513.875,83674.78125,84046.2578125,9863214091,Bitcoin
2025-03-23,86054.375,86094.78125,83794.9140625,83831.8984375,12594615537,Bitcoin
2025-03-24,87498.9140625,88758.7265625,85541.1953125,86070.9296875,34582604933,Bitcoin
2025-03-25,87471.703125,88542.3984375,86346.078125,87512.8203125,30005840049,Bitcoin
2025-03-26,86900.8828125,88292.15625,85861.453125,87460.234375,26704046038,Bitcoin
2025-03-27,87177.1015625,87786.7265625,85837.9375,86896.2578125,24413471941,Bitcoin
2025-03-28,84353.1484375,87489.859375,83557.640625,87185.234375,34198619509,Bitcoin
2025-03-29,82597.5859375,84567.3359375,81634.140625,84352.0703125,16969396135,Bitcoin
2025-03-30,82334.5234375,83505.0,81573.25,82596.984375,14763760943,Bitcoin
2025-03-31,82548.9140625,83870.125,81293.890625,82336.0625,29004228247,Bitcoin
2025-04-01,85169.171875,85487.3671875,82429.359375,82551.921875,28175650319,Bitcoin
2025-04-02,82485.7109375,88466.953125,82343.5390625,85180.609375,47584398470,Bitcoin
2025-04-03,83102.828125,83909.296875,81282.1015625,82487.4765625,36852112080,Bitcoin
2025-04-04,83843.8046875,84696.1484375,81670.75,83100.25,45157640207,Bitcoin
2025-04-05,83504.796875,84207.015625,82377.734375,83844.703125,14380803631,Bitcoin
2025-04-06,78214.484375,83704.71875,77097.7421875,83504.5078125,36294853736,Bitcoin
2025-04-07,79235.3359375,81119.0625,74436.6796875,78221.3359375,91262424987,Bitcoin
2025-04-08,76271.953125,80823.890625,76198.0234375,79218.4765625,48314590749,Bitcoin
2025-04-09,82573.953125,83541.0,74589.671875,76273.5625,84213627038,Bitcoin
2025-04-10,79626.140625,82700.9296875,78456.1328125,82565.9765625,44718000633,Bitcoin
2025-04-11,83404.8359375,84247.4765625,78936.3203125,79625.046875,41656778779,Bitcoin
2025-04-12,85287.109375,85856.1875,82769.375,83404.515625,24258059104,Bitcoin
2025-04-13,83684.9765625,86015.1875,83027.0078125,85279.46875,28796984817,Bitcoin
2025-04-14,84542.390625,85785.0,83690.640625,83694.5234375,34090769777,Bitcoin
2025-04-15,83668.9921875,86429.3515625,83598.8203125,84539.6953125,28040322885,Bitcoin
2025-04-16,84033.8671875,85428.28125,83100.6171875,83674.5078125,29617804112,Bitcoin
2025-04-17,84895.75,85449.0703125,83749.75,84030.671875,21276866029,Bitcoin
2025-04-18,84450.8046875,85095.046875,84298.8828125,84900.1875,12728372364,Bitcoin
2025-04-19,85063.4140625,85597.703125,84353.4609375,84450.8671875,15259300427,Bitcoin
2025-04-20,85174.3046875,85306.3828125,83976.84375,85066.0703125,14664050812,Bitcoin
2025-04-21,87518.90625,88460.09375,85143.8359375,85171.5390625,41396190190,Bitcoin
2025-04-22,93441.890625,93817.3828125,87084.53125,87521.875,55899038456,Bitcoin
2025-04-23,93699.109375,94535.734375,91962.9609375,93427.5859375,41719568821,Bitcoin
2025-04-24,93943.796875,94016.1953125,91696.7109375,93692.3984375,31483175315,Bitcoin
2025-04-25,94720.5,95768.390625,92898.59375,93954.25,40915232364,Bitcoin
2025-04-26,94646.9296875,95251.359375,93927.25,94714.6484375,17612825123,Bitcoin
2025-04-27,93754.84375,95301.203125,93665.3984375,94660.90625,18090367764,Bitcoin
2025-04-28,94978.75,95598.4921875,92860.8046875,93755.3046875,32363449569,Bitcoin
2025-04-29,94284.7890625,95485.4140625,93796.6328125,94981.859375,25806129921,Bitcoin
2025-04-30,94207.3125,95249.3203125,92979.640625,94286.46875,28344679831,Bitcoin
2025-05-01,96492.3359375,97437.9609375,94153.6328125,94212.859375,32875889623,Bitcoin
2025-05-02,96910.0703125,97905.8984375,96375.9453125,96494.96875,26421924677,Bitcoin
2025-05-03,95891.796875,96943.8828125,95821.2890625,96904.6328125,15775154889,Bitcoin
2025-05-04,94315.9765625,96318.921875,94173.4296875,95877.1875,18198688416,Bitcoin
2025-05-05,94748.0546875,95193.1875,93566.265625,94319.5625,25816260327,Bitcoin
2025-05-06,96802.4765625,96889.1796875,93399.859375,94748.3828125,26551275827,Bitcoin
2025-05-07,97032.3203125,97625.8046875,95829.3359375,96800.1953125,76983822462,Bitcoin
2025-05-08,103241.4609375,103969.5390625,96913.875,97034.25,69895404397,Bitcoin
2025-05-09,102970.8515625,104297.4921875,102343.09375,103239.125,58198593958,Bitcoin
2025-05-10,104696.328125,104961.765625,102830.484375,102973.7109375,42276713994,Bitcoin
2025-05-11,104106.359375,104937.9921875,103364.7421875,104701.0703125,46285517406,Bitcoin
2025-05-12,102812.953125,105747.453125,100814.40625,104106.9609375,63250475404,Bitcoin
2025-05-13,104169.8125,104997.421875,101515.09375,102812.4921875,52608876410,Bitcoin
2025-05-14,103539.4140625,104303.5625,102618.296875,104167.328125,45956071155,Bitcoin
2025-05-15,103744.640625,104153.6171875,101440.8125,103538.828125,50408241840,Bitcoin
2025-05-16,103489.2890625,104533.484375,103137.4765625,103735.65625,44386499364,Bitcoin
2025-05-17,103191.0859375,103716.9453125,102659.1796875,103489.2890625,37898552742,Bitcoin
2025-05-18,106446.0078125,106597.171875,103142.6015625,103186.953125,49887082058,Bitcoin
2025-05-19,105606.1796875,107068.71875,102112.6875,106430.53125,61761126647,Bitcoin
2025-05-20,106791.0859375,107307.1171875,104206.515625,105605.40625,36515726122,Bitcoin
2025-05-21,109678.078125,110724.4609375,106127.234375,106791.3125,78086364051,Bitcoin
2025-05-22,111673.28125,111970.171875,109285.0703125,109673.4921875,70157575642,Bitcoin
2025-05-23,107287.796875,111798.90625,106841.3046875,111679.359375,67548133399,Bitcoin
2025-05-24,107791.15625,109454.5234375,106895.2890625,107278.5078125,45903627163,Bitcoin
2025-05-25,109035.390625,109313.3046875,106683.375,107802.2734375,47518041841,Bitcoin
2025-05-26,109440.3671875,110376.8828125,108735.640625,109023.78125,45950461571,Bitcoin
2025-05-27,108994.640625,110744.2109375,107609.5546875,109440.40625,57450176272,Bitcoin
2025-05-28,107802.328125,109298.2890625,106812.9296875,108992.171875,49155377493,Bitcoin
2025-05-29,105641.7578125,108910.046875,105374.3984375,107795.5703125,56022752042,Bitcoin
2025-05-30,103998.5703125,106308.9453125,103685.7890625,105646.2109375,57655287183,Bitcoin
2025-05-31,104638.09375,104927.1015625,103136.1171875,103994.71875,38997843858,Bitcoin
2025-06-01,105652.1015625,105884.546875,103826.953125,104637.296875,37397056873,Bitcoin
2025-06-02,105881.53125,105958.3125,103727.546875,105649.8125,45819706290,Bitcoin
2025-06-03,105432.46875,106813.578125,104920.84375,105888.4765625,46196508367,Bitcoin
2025-06-04,104731.984375,105997.6953125,104232.703125,105434.3671875,44544857105,Bitcoin
2025-06-05,101575.953125,105936.6875,100436.8828125,104750.78125,57479298400,Bitcoin
2025-06-06,104390.34375,105376.7734375,101169.5703125,101574.3671875,48856653697,Bitcoin
2025-06-07,105615.625,105972.7578125,103987.3125,104390.6484375,38365033776,Bitcoin
2025-06-08,105793.6484375,106497.0625,105075.328125,105617.5078125,36626232328,Bitcoin
2025-06-09,110294.1015625,110561.421875,105400.234375,105793.0234375,55903193732,Bitcoin
2025-06-10,110257.234375,110380.125,108367.7109375,110295.6875,54700101509,Bitcoin
2025-06-11,108686.625,110384.21875,108086.328125,110261.796875,50842662052,Bitcoin
2025-06-12,105929.0546875,108780.6953125,105785.6875,108685.9140625,54843867968,Bitcoin
2025-06-13,106090.96875,106182.546875,102822.0234375,105924.59375,69550440846,Bitcoin
2025-06-14,105472.40625,106203.7578125,104379.3671875,106108.0859375,38007870453,Bitcoin
2025-06-15,105552.0234375,106157.1015625,104519.8828125,105464.84375,36744307742,Bitcoin
2025-06-16,106796.7578125,108915.375,104997.625,105555.59375,50366626945,Bitcoin
2025-06-17,104601.1171875,107750.1953125,103396.53125,106794.1171875,55964092176,Bitcoin
2025-06-18,104883.328125,105581.8515625,103602.265625,104602.0703125,47318089133,Bitcoin
2025-06-19,104684.2890625,105250.890625,103940.7734375,104886.7734375,37333806920,Bitcoin
2025-06-20,103309.6015625,106539.3828125,102372.2109375,104681.03125,50951862476,Bitcoin
2025-06-21,102257.40625,104015.78125,100973.0625,103315.078125,38360555118,Bitcoin
2025-06-22,100987.140625,103351.6328125,98286.203125,102212.03125,65536997201,Bitcoin
2025-06-23,105577.7734375,106116.859375,99705.75,100987.4765625,65237759656,Bitcoin
2025-06-24,106045.6328125,106316.828125,104740.2421875,105571.515625,48822986421,Bitcoin
2025-06-25,107361.2578125,108168.3984375,105881.390625,106047.40625,51624120283,Bitcoin
2025-06-26,106960.0,108305.546875,106666.3515625,107375.0703125,43891990613,Bitcoin
2025-06-27,107088.4296875,107772.46875,106449.9921875,106954.921875,45353692675,Bitcoin
2025-06-28,107327.703125,107567.8828125,106883.9765625,107090.546875,30037708335,Bitcoin
2025-06-29,108385.5703125,108526.3046875,107230.109375,107327.8203125,35534874438,Bitcoin
2025-06-30,107135.3359375,108798.7890625,106759.6484375,108383.4375,42064804590,Bitcoin
2025-07-01,105698.28125,107550.6796875,105270.2265625,107144.3828125,44110692247,Bitcoin
2025-07-02,108859.3203125,109763.65625,105157.3984375,105703.1015625,56248657737,Bitcoin
2025-07-03,109647.9765625,110541.4609375,108605.796875,108845.015625,50494742270,Bitcoin
2025-07-04,108034.3359375,109751.984375,107296.3828125,109635.65625,42616442656,Bitcoin
2025-07-05,108231.1796875,108381.34375,107842.2734375,108015.8359375,30615537520,Bitcoin
2025-07-06,109232.0703125,109731.625,107847.015625,108231.1875,36746020463,Bitcoin
2025-07-07,108299.8515625,109710.25,107527.0546875,109235.328125,45415696597,Bitcoin
2025-07-08,108950.2734375,109198.96875,107499.5546875,108298.2265625,44282204127,Bitcoin
2025-07-09,111326.5546875,111925.375,108357.6796875,108950.2734375,57927418065,Bitcoin
2025-07-10,115987.203125,116608.78125,110660.75,111329.1953125,95911605728,Bitcoin
2025-07-11,117516.9921875,118856.4765625,115245.6875,115986.234375,86928361085,Bitcoin
2025-07-12,117435.2265625,118219.8984375,116977.0234375,117530.7109375,45524560304,Bitcoin
2025-07-13,119116.1171875,119449.5703125,117265.4375,117432.203125,49021091807,Bitcoin
2025-07-14,119849.703125,123091.609375,118959.1953125,119115.7890625,181746419401,Bitcoin
2025-07-15,117777.1875,119935.5625,115765.6875,119853.8515625,98321661181,Bitcoin
2025-07-16,118738.5078125,120065.515625,117064.8203125,117777.1875,72162029070,Bitcoin
2025-07-17,119289.84375,120999.609375,117508.21875,118738.5078125,72363841798,Bitcoin
2025-07-18,118003.2265625,120851.9140625,116925.984375,119284.109375,77945799785,Bitcoin
2025-07-19,117939.9765625,118541.3984375,117388.4140625,117998.125,47564562765,Bitcoin
2025-07-20,117300.7890625,118865.03125,116550.1328125,117944.109375,57515447231,Bitcoin
2025-07-21,117439.5390625,119671.5625,116584.3984375,117306.46875,69820091744,Bitcoin
2025-07-22,119995.4140625,120269.96875,116233.2265625,117426.5,79217583118,Bitcoin
2025-07-23,118754.9609375,120113.3515625,117391.390625,119997.4453125,66608604537,Bitcoin
2025-07-24,118368.0,119535.453125,117247.96875,118770.984375,72627318560,Bitcoin
2025-07-25,117635.8828125,118486.9765625,114759.8203125,118368.0,104857024569,Bitcoin
2025-07-26,117947.3671875,118335.6875,117181.2265625,117644.84375,48508954046,Bitcoin
2025-07-27,119448.4921875,119815.59375,117859.6875,117944.7265625,54683390892,Bitcoin
2025-07-28,117924.4765625,119819.7890625,117441.4375,119457.5234375,64822943193,Bitcoin
2025-07-29,117922.1484375,119273.8671875,116987.3671875,117938.5859375,68463107433,Bitcoin
2025-07-30,117831.1875,118780.7265625,115800.828125,117921.9921875,68896148592,Bitcoin
2025-07-31,115758.203125,118919.984375,115505.21875,117833.6328125,69370346018,Bitcoin
2025-08-01,113320.0859375,116060.7734375,112724.4453125,115738.953125,91294530181,Bitcoin
2025-08-02,112526.9140625,114021.6015625,112005.765625,113320.390625,56870866000,Bitcoin
2025-08-03,114217.671875,114747.421875,111943.8046875,112525.8046875,48099615826,Bitcoin
2025-08-04,115071.8828125,115729.46875,114130.40625,114223.921875,35783028986,Bitcoin
2025-08-05,114141.4453125,115117.4375,112701.109375,115072.1875,61039182286,Bitcoin
2025-08-06,115028.0,115737.8359375,113372.25,114140.9140625,56379133510,Bitcoin
2025-08-07,117496.8984375,117676.90625,114279.7109375,115030.0546875,64051649681,Bitcoin
2025-08-08,116688.7265625,117689.203125,115917.4609375,117505.5,59713005166,Bitcoin
2025-08-09,116500.359375,117906.609375,116363.8359375,116678.2734375,54004312429,Bitcoin
2025-08-10,119306.7578125,119320.7109375,116485.1640625,116497.71875,64755458694,Bitcoin
2025-08-11,118731.4453125,122321.09375,118159.03125,119306.8125,90528784177,Bitcoin
2025-08-12,120172.90625,120302.46875,118228.71875,118717.6640625,72803657984,Bitcoin
2025-08-13,123344.0625,123682.453125,118939.6328125,120168.9765625,90904808795,Bitcoin
2025-08-14,118359.578125,124457.1171875,117254.8828125,123339.3984375,104055627395,Bitcoin
2025-08-15,117398.3515625,119332.3125,116864.5703125,118365.78125,68665353159,Bitcoin
2025-08-16,117491.3515625,117996.0625,117271.953125,117398.421875,48036922378,Bitcoin
2025-08-17,117453.0625,118595.7734375,117279.5234375,117492.7890625,45852169525,Bitcoin
2025-08-18,116252.3125,117614.171875,114723.6796875,117453.90625,72787808090,Bitcoin
2025-08-19,112831.1796875,116764.5,112730.3984375,116241.859375,71657600353,Bitcoin
2025-08-20,114274.7421875,114625.796875,112387.9609375,112828.0234375,67993811526,Bitcoin
2025-08-21,112419.03125,114802.6484375,111986.234375,114275.6875,57817883700,Bitcoin
2025-08-22,116874.0859375,117377.3984375,111678.9453125,112433.734375,82528088240,Bitcoin
2025-08-23,115374.328125,116996.25,114536.109375,116866.3671875,55377142586,Bitcoin
2025-08-24,113458.4296875,115615.0859375,111060.546875,115387.390625,73961489632,Bitcoin
2025-08-25,110124.3515625,113637.84375,109324.28125,113456.8984375,85706860190,Bitcoin
2025-08-26,111802.65625,112397.015625,108762.0390625,110124.1015625,69396320317,Bitcoin
2025-08-27,111222.0625,112619.4140625,110398.265625,111795.7109375,62137056409,Bitcoin
2025-08-28,112544.8046875,113450.078125,110900.921875,111219.0546875,58860155962,Bitcoin
2025-08-29,108410.8359375,112619.0546875,107559.625,112550.5234375,77843379644,Bitcoin
2025-08-30,108808.0703125,108929.3515625,107444.4453125,108409.40625,51486264208,Bitcoin
2025-08-31,108236.7109375,109491.0,108104.65625,108818.4609375,47986191770,Bitcoin
2025-09-01,109250.59375,109890.5859375,107271.1796875,108228.75,66870372995,Bitcoin
2025-09-02,111200.5859375,111748.015625,108454.03125,109243.0703125,74776999491,Bitcoin
2025-09-03,111723.2109375,112600.2265625,110582.9609375,111190.6953125,61119643565,Bitcoin
2025-09-04,110723.6015625,112208.328125,109347.2265625,111718.1484375,60131132901,Bitcoin
2025-09-05,110650.984375,113357.4921875,110233.3984375,110723.015625,60241647677,Bitcoin
2025-09-06,110224.6953125,111275.015625,110024.0859375,110650.5703125,21500719036,Bitcoin
2025-09-07,111167.6171875,111591.078125,110211.625,110221.328125,24618007520,Bitcoin
2025-09-08,112071.4296875,112869.234375,110630.609375,111163.015625,40212813407,Bitcoin
2025-09-09,111530.546875,113225.4375,110776.703125,112077.578125,45984480722,Bitcoin
2025-09-10,113955.359375,114275.25,110940.078125,111531.25,56377473784,Bitcoin
2025-09-11,115507.5390625,115522.546875,113453.8359375,113961.4296875,45685065332,Bitcoin
2025-09-12,116101.578125,116769.3828125,114794.484375,115507.7890625,54785725894,Bitcoin
2025-09-13,115950.5078125,116334.6328125,115248.2734375,116093.5625,34549454947,Bitcoin
2025-09-14,115407.65625,116181.5,115222.3984375,115950.2890625,32798036057,Bitcoin
2025-09-15,115444.875,116747.8828125,114461.0625,115399.6328125,52937859416,Bitcoin
2025-09-16,116843.1875,117005.2734375,114813.09375,115423.7578125,45781744593,Bitcoin
2025-09-17,116468.5078125,117328.609375,114794.9765625,116840.5078125,60528025996,Bitcoin
2025-09-18,117137.203125,117911.7890625,116188.796875,116461.265625,49457272032,Bitcoin
2025-09-19,115688.859375,117479.7578125,115141.8203125,117137.671875,38828473971,Bitcoin
2025-09-20,115721.9609375,116191.1484375,115473.5234375,115691.125,22864449614,Bitcoin
2025-09-21,115306.09375,115901.0859375,115252.578125,115730.2265625,22495852193,Bitcoin
2025-09-22,112748.5078125,115431.3125,112037.6484375,115309.21875,70684158591,Bitcoin
2025-09-23,112014.5,113351.9140625,111535.5703125,112757.4765625,47211853279,Bitcoin
2025-09-24,113328.6328125,113986.2734375,111229.640625,112007.6640625,48044595085,Bitcoin
2025-09-25,109049.2890625,113541.0859375,108713.3984375,113330.1640625,75528654284,Bitcoin
2025-09-26,109712.828125,110359.1953125,108728.9765625,109041.296875,57738288949,Bitcoin
2025-09-27,109681.9453125,109778.5,109144.296875,109707.140625,26308042910,Bitcoin
2025-09-28,112122.640625,112375.484375,109236.9453125,109681.9453125,33371048505,Bitcoin
2025-09-29,114400.3828125,114473.5703125,111589.953125,112117.875,60000147466,Bitcoin
2025-09-30,114056.0859375,114836.6171875,112740.5625,114396.5234375,58986330258,Bitcoin
2025-10-01,118648.9296875,118648.9296875,113981.3984375,114057.59375,71328680132,Bitcoin
2025-10-02,120681.2578125,121086.40625,118383.15625,118652.3828125,71415163912,Bitcoin
2025-10-03,122266.53125,123944.703125,119344.3125,120656.984375,83941392228,Bitcoin
2025-10-04,122425.4296875,122857.640625,121577.5703125,122267.46875,36769171735,Bitcoin
2025-10-05,123513.4765625,125559.2109375,122191.9609375,122419.671875,73689317763,Bitcoin
2025-10-06,124752.53125,126198.0703125,123196.046875,123510.453125,72568881188,Bitcoin
2025-10-07,121451.3828125,125184.0234375,120681.96875,124752.140625,76149412513,Bitcoin
2025-10-08,123354.8671875,124167.09375,121119.1796875,121448.3515625,65354305286,Bitcoin
2025-10-09,121705.5859375,123739.34375,119812.03125,123337.0703125,74653009425,Bitcoin
2025-10-10,113214.3671875,122509.6640625,104582.4140625,121704.7421875,153125018868,Bitcoin
2025-10-11,110807.8828125,113429.7265625,109760.5625,113236.4296875,110236934340,Bitcoin
2025-10-12,115169.765625,115805.0625,109715.5390625,110811.515625,93710414091,Bitcoin
2025-10-13,115271.078125,116020.484375,113821.1875,115161.6796875,71582026739,Bitcoin
2025-10-14,113118.6640625,115502.8828125,110029.484375,115264.8828125,92212917403,Bitcoin
2025-10-15,110783.1640625,113622.3828125,110235.8359375,113113.96875,72574132855,Bitcoin
2025-10-16,108186.0390625,111990.8125,107537.03125,110782.171875,87306423067,Bitcoin
2025-10-17,106467.7890625,109235.8046875,103598.4296875,108179.1328125,99703051669,Bitcoin
2025-10-18,107198.265625,107490.984375,106387.453125,106483.734375,37779905278,Bitcoin
2025-10-19,108666.7109375,109488.9921875,106157.7890625,107204.3125,47657008953,Bitcoin
2025-10-20,110588.9296875,111711.03125,107485.015625,108667.4453125,63507793085,Bitcoin
2025-10-21,108476.890625,113996.34375,107534.75,110587.6328125,101194375480,Bitcoin
2025-10-22,107688.5859375,109115.1328125,106778.0,108491.53125,80807013218,Bitcoin
2025-10-23,110069.7265625,111288.59375,107548.4296875,107679.4375,54944076060,Bitcoin
2025-10-24,111033.921875,111842.53125,109770.1484375,110069.3515625,48160816980,Bitcoin
2025-10-25,111641.7265625,111947.703125,110704.40625,111032.6171875,24707667305,Bitcoin
2025-10-26,114472.4453125,115260.90625,111268.484375,111639.0546875,41708524143,Bitcoin
2025-10-27,114119.328125,116273.3125,113882.2890625,114479.8515625,61761358733,Bitcoin
2025-10-28,112956.1640625,116078.984375,112291.6796875,114129.0859375,64528066504,Bitcoin
2025-10-29,110055.3046875,113642.7265625,109368.71875,112921.328125,62192043469,Bitcoin
2025-10-30,108305.546875,111612.3515625,106376.6875,110059.1953125,69673964814,Bitcoin
2025-10-31,109556.1640625,111031.8203125,108288.2734375,108304.4140625,60090359560,Bitcoin
2025-11-01,110064.015625,110574.8984375,109372.953125,109558.625,25871668762,Bitcoin
2025-11-02,110639.625,111167.3125,109523.453125,110064.4296875,34284209459,Bitcoin
2025-11-03,106547.5234375,110764.9140625,105336.359375,110646.90625,72852006359,Bitcoin
2025-11-04,101590.5234375,107264.8828125,98962.0625,106541.421875,110967184773,Bitcoin
2025-11-05,103891.8359375,104534.703125,98989.9140625,101579.234375,77584934804,Bitcoin
2025-11-06,101301.2890625,104147.3046875,100336.8671875,103893.6640625,63932752861,Bitcoin
2025-11-07,103372.40625,104052.9140625,99257.0546875,101286.2421875,92168030081,Bitcoin
2025-11-08,102282.1171875,103373.5625,101458.0390625,103371.703125,51446691095,Bitcoin
2025-11-09,104719.640625,105418.3671875,101468.875,102278.984375,59679243013,Bitcoin
2025-11-10,105996.59375,106564.6953125,104350.6484375,104723.7734375,69585887229,Bitcoin
2025-11-11,102997.46875,107428.2578125,102457.328125,105996.859375,71130078574,Bitcoin
2025-11-12,101663.1875,105297.234375,100836.6171875,103011.4375,64347179408,Bitcoin
2025-11-13,99697.4921875,104005.4921875,97988.71875,101674.1484375,101546815416,Bitcoin
2025-11-14,94397.7890625,99804.4296875,94000.734375,99694.703125,114346441890,Bitcoin
2025-11-15,95549.1484375,96728.46875,94420.46875,94420.46875,38500716654,Bitcoin
2025-11-16,94177.078125,96564.1875,92971.1640625,95556.8671875,71086235862,Bitcoin
2025-11-17,92093.875,95928.3671875,91214.7578125,94180.875,94186165724,Bitcoin
2025-11-18,92948.875,93745.078125,89300.4609375,92094.53125,101333569062,Bitcoin
2025-11-19,91465.9921875,92946.1640625,88526.828125,92946.1640625,80350354656,Bitcoin
2025-11-20,86631.8984375,93025.0703125,86040.796875,91459.3515625,97970645638,Bitcoin
2025-11-21,85090.6875,87380.8046875,80659.8125,86528.7734375,129157506112,Bitcoin
2025-11-22,84648.359375,85503.0078125,83490.8984375,85098.5625,40793099246,Bitcoin
2025-11-23,86805.0078125,88038.46875,84641.7734375,84648.609375,58083435576,Bitcoin
2025-11-24,88270.5625,89206.3359375,85272.1953125,86798.7734375,74433896110,Bitcoin
2025-11-25,87341.890625,88457.3359375,86131.4296875,88269.9609375,64837343545,Bitcoin
2025-11-26,90518.3671875,90581.15625,86316.8984375,87345.5859375,66496301869,Bitcoin
2025-11-27,91285.375,91897.578125,90089.515625,90517.765625,57040622845,Bitcoin
2025-11-28,90919.265625,92969.0859375,90257.1171875,91285.3828125,60895830289,Bitcoin
2025-11-29,90851.7578125,91187.6171875,90260.1875,90918.7421875,37921773455,Bitcoin
2025-11-30,90394.3125,91965.046875,90394.3125,90838.2109375,38497902869,Bitcoin
2025-12-01,86321.5703125,90398.15625,83862.25,90389.109375,87962894424,Bitcoin
2025-12-02,91350.203125,92316.6328125,86202.1953125,86322.5390625,78546798211,Bitcoin
2025-12-03,93527.8046875,94060.7734375,91056.390625,91345.09375,77650204986,Bitcoin
2025-12-04,92141.625,94038.2421875,90976.1015625,93454.2578125,64538402681,Bitcoin
2025-12-05,89387.7578125,92702.640625,88152.140625,92133.6484375,63256398633,Bitcoin
2025-12-06,89272.375,90267.4609375,88951.6640625,89389.359375,37994042405,Bitcoin
2025-12-07,90405.640625,91740.84375,87799.5625,89277.8125,47394898960,Bitcoin
2025-12-08,90640.203125,92267.1171875,89644.890625,90424.5859375,57394099056,Bitcoin
2025-12-09,92691.7109375,94601.5703125,89586.9765625,90639.703125,66861721440,Bitcoin
2025-12-10,92020.9453125,94477.15625,91640.1328125,92695.234375,65420694513,Bitcoin
2025-12-11,92511.3359375,93554.265625,89335.296875,92011.3046875,64532834621,Bitcoin
2025-12-12,90270.4140625,92747.9296875,89532.6015625,92513.6640625,80275884583,Bitcoin
2025-12-13,90298.7109375,90647.5703125,89800.9921875,90257.796875,64237748110,Bitcoin
2025-12-14,88175.1796875,90498.109375,87634.9375,90296.4375,50465972205,Bitcoin
2025-12-15,86419.78125,89983.921875,85304.078125,88171.078125,45559514323,Bitcoin
2025-12-16,87843.984375,88170.09375,85381.6875,86424.40625,41262178223,Bitcoin
2025-12-17,86143.7578125,90264.5703125,85316.265625,87847.6171875,44243392914,Bitcoin
2025-12-18,85462.5078125,89412.6640625,84436.3125,86144.3671875,52667115348,Bitcoin
2025-12-19,88103.3828125,89339.1171875,85107.6640625,85476.1328125,46733310561,Bitcoin
2025-12-20,88344.0,88497.203125,87924.875,88101.671875,14688196659,Bitcoin
2025-12-21,88621.75,89027.953125,87613.203125,88344.703125,19845522660,Bitcoin
2025-12-22,88490.015625,90501.9296875,87908.0703125,88621.3984375,38047472118,Bitcoin
2025-12-23,87414.0,88898.3828125,86606.9765625,88490.03125,43683011533,Bitcoin
2025-12-24,87611.9609375,87956.8828125,86411.796875,87404.3203125,25550297986,Bitcoin
2025-12-25,87234.7421875,88501.7890625,86949.2578125,87608.3203125,19953216347,Bitcoin
2025-12-26,87301.4296875,89459.4296875,86628.140625,87235.5078125,42455674908,Bitcoin
2025-12-27,87802.15625,87874.78125,87182.9765625,87301.4296875,13741199310,Bitcoin
2025-12-28,87835.8359375,87986.890625,87394.953125,87799.34375,15156557929,Bitcoin
2025-12-29,87138.140625,90299.15625,86717.9140625,87835.7890625,48411625849,Bitcoin
2025-12-30,88430.1328125,89297.9375,86735.546875,87134.3515625,35586356225,Bitcoin
2025-12-31,87508.828125,89080.2890625,87130.5625,88429.5859375,33830210616,Bitcoin
2026-01-01,88731.984375,88803.2265625,87399.40625,87508.046875,18849043990,Bitcoin
2026-01-02,89944.6953125,90884.4609375,88298.6171875,88733.0625,46398906171,Bitcoin
2026-01-03,90603.1875,90679.5703125,89328.0703125,89945.0546875,20774828592,Bitcoin
2026-01-04,91413.4921875,91712.5859375,90595.1015625,90603.0,26770491368,Bitcoin
2026-01-05,93882.5546875,94762.0703125,91414.625,91414.625,53376407252,Bitcoin
2026-01-06,93729.03125,94395.296875,91286.546875,93876.9453125,52430605257,Bitcoin
2026-01-07,91308.0546875,93738.7890625,90601.8046875,93727.46875,43461295053,Bitcoin
2026-01-08,91027.125,91485.8515625,89233.875,91309.640625,42386697030,Bitcoin
2026-01-09,90513.1015625,91910.671875,89625.3828125,91026.2734375,38305906684,Bitcoin
2026-01-10,90386.6484375,90713.03125,90283.3984375,90510.1015625,12385895282,Bitcoin
2026-01-11,90827.4609375,91155.2265625,90212.0234375,90385.359375,17165568977,Bitcoin
2026-01-12,91192.9921875,92395.5234375,90055.0234375,90825.859375,41346275358,Bitcoin
2026-01-13,95321.78125,96011.625,90941.9296875,91185.3359375,54980674354,Bitcoin
2026-01-14,96929.328125,97860.6015625,94583.046875,95322.90625,60592490863,Bitcoin
2026-01-15,95551.1875,97150.171875,95103.2421875,96931.2890625,53086363027,Bitcoin
2026-01-16,95525.1171875,95801.890625,94259.2734375,95554.1015625,33248170537,Bitcoin
2026-01-17,95099.921875,95598.4765625,95005.6171875,95525.15625,16021715122,Bitcoin
2026-01-18,93634.4296875,95491.5078125,93588.8671875,95101.1796875,20809781232,Bitcoin
2026-01-19,92553.59375,93660.828125,92089.25,93655.671875,39195241508,Bitcoin
2026-01-20,88310.90625,92798.4296875,87814.9296875,92553.6015625,53072968031,Bitcoin
2026-01-21,89376.9609375,90430.40625,87231.5703125,88326.5078125,56330422434,Bitcoin
2026-01-22,89462.453125,90258.9609375,88438.4453125,89378.5234375,35549685694,Bitcoin
2026-01-23,89503.875,91100.25,88486.359375,89462.046875,38997586037,Bitcoin
2026-01-24,89110.734375,89811.609375,89044.2890625,89506.1484375,14558687712,Bitcoin
2026-01-25,86572.21875,89193.1484375,86003.7109375,89104.765625,36124986722,Bitcoin
2026-01-26,88267.140625,88743.0703125,86429.2890625,86566.5234375,45329286974,Bitcoin
2026-01-27,89102.5703125,89427.125,87228.921875,88257.4765625,38744942267,Bitcoin
2026-01-28,89184.5703125,90439.2890625,88721.4609375,89104.046875,39807419296,Bitcoin
2026-01-29,84561.5859375,89200.78125,83250.6015625,89169.8515625,64653083162,Bitcoin
2026-01-30,84128.65625,84602.1640625,81071.4765625,84562.7265625,72083816087,Bitcoin
2026-01-31,78621.1171875,84136.921875,75815.8828125,84126.5,70479259159,Bitcoin
2026-02-01,76974.4453125,79322.609375,75698.8984375,78626.125,53372509744,Bitcoin
2026-02-02,78688.765625,79258.609375,74551.3359375,76968.875,75140589684,Bitcoin
2026-02-03,75633.546875,79118.8515625,72897.140625,78693.5078125,68249110822,Bitcoin
2026-02-04,73019.703125,76864.65625,71779.9296875,75640.09375,67215363944,Bitcoin
2026-02-05,62702.09765625,73161.5546875,62353.53515625,73016.375,125509410908,Bitcoin
2026-02-06,70555.390625,71681.3046875,60074.203125,62704.453125,114674259489,Bitcoin
2026-02-07,69281.96875,71611.1484375,67364.4453125,70553.796875,62347107663,Bitcoin
2026-02-08,70264.7265625,72206.90625,68852.8984375,69283.7265625,39721722619,Bitcoin
2026-02-09,70120.78125,71369.96875,68291.03125,70243.328125,52081598792,Bitcoin
2026-02-10,68793.9609375,70464.265625,67913.09375,70137.390625,40593063077,Bitcoin
2026-02-11,66991.96875,69242.6796875,65757.3046875,68791.859375,49671946030,Bitcoin
2026-02-12,66221.84375,68339.4921875,65092.109375,66992.1953125,44651071271,Bitcoin
2026-02-13,68857.84375,69382.8359375,65835.78125,66213.375,40820775886,Bitcoin
2026-02-14,69767.625,70481.1640625,68706.6171875,68856.984375,36012397645,Bitcoin
2026-02-15,68788.1875,70939.2890625,68052.546875,69764.953125,40191152750,Bitcoin
2026-02-16,68843.15625,70067.234375,67301.5859375,68782.3984375,33618145426,Bitcoin
2026-02-17,67494.21875,69201.8671875,66615.28125,68843.09375,34866936040,Bitcoin
2026-02-18,66425.3203125,68434.4296875,65845.8984375,67488.0234375,33094301643,Bitcoin
2026-02-19,66957.5234375,67277.125,65637.4296875,66425.625,31492987019,Bitcoin
2026-02-20,68005.421875,68269.03125,66452.484375,66958.578125,47507867304,Bitcoin
2026-02-21,68003.765625,68657.703125,67533.0703125,68000.25,18357635642,Bitcoin
2026-02-22,67659.390625,68235.2265625,67185.6015625,67998.828125,17893536012,Bitcoin
2026-02-23,64616.73828125,67668.4296875,63924.4375,67668.4296875,50953457309,Bitcoin
2026-02-24,64080.04296875,64992.15625,62553.1875,64616.015625,40849331086,Bitcoin
2026-02-25,67960.125,69953.53125,63942.484375,64077.76953125,53629234355,Bitcoin
2026-02-26,67453.7734375,68843.3515625,66523.734375,67954.8671875,42988597523,Bitcoin
2026-02-27,65881.796875,68220.40625,64946.03515625,67456.515625,40283655942,Bitcoin
2026-02-28,66995.859375,67714.5234375,63062.21875,65878.9296875,42041497112,Bitcoin
2026-03-01,65738.1015625,68162.8203125,65076.73046875,67005.8828125,40733141929,Bitcoin
2026-03-02,68775.8515625,70044.0,65303.13671875,65734.078125,56698092052,Bitcoin
2026-03-03,68293.6484375,69232.890625,66237.6171875,68785.078125,47947999049,Bitcoin
2026-03-04,72710.578125,74051.8046875,67437.40625,68290.5625,75073101274,Bitcoin
2026-03-05,70841.125,73555.7890625,70654.8828125,72712.65625,51172841727,Bitcoin
2026-03-06,68136.4921875,71378.5703125,67757.8203125,70842.15625,43776962871,Bitcoin
2026-03-07,67272.59375,68515.1640625,66969.2578125,68136.6875,23258701211,Bitcoin
2026-03-08,65969.78125,68177.7890625,65639.1953125,67272.5,33195080116,Bitcoin
2026-03-09,68402.3828125,69474.9453125,65858.0078125,65969.5859375,49499875378,Bitcoin
2026-03-10,69926.921875,71770.8984375,68402.71875,68402.71875,54003996096,Bitcoin
2026-03-11,70204.8828125,71337.6640625,68998.8671875,69931.25,45236859848,Bitcoin
2026-03-12,70493.4609375,70775.828125,69230.15625,70209.765625,40871848129,Bitcoin
2026-03-13,70968.265625,73927.328125,70410.7265625,70497.046875,61167226505,Bitcoin
2026-03-14,71214.625,71291.203125,70339.5859375,70965.3828125,22283546496,Bitcoin
2026-03-15,72789.9140625,73173.0078125,70882.421875,71213.6796875,27991268669,Bitcoin
2026-03-16,74861.0859375,74901.859375,72300.6328125,72798.171875,55572438409,Bitcoin
2026-03-17,73922.4765625,75988.3984375,73444.2265625,74855.296875,49500721728,Bitcoin
2026-03-18,71245.578125,74658.9765625,70503.859375,73936.8515625,46229011155,Bitcoin
2026-03-19,69912.7890625,71598.84375,68805.5234375,71250.3515625,44631433398,Bitcoin
2026-03-20,70522.5859375,71346.796875,69398.8828125,69911.53125,38299078407,Bitcoin
2026-03-21,68711.5234375,71051.2734375,68602.9140625,70522.46875,21109354718,Bitcoin
2026-03-22,67845.2109375,69561.7734375,67372.875,68737.4453125,30108051508,Bitcoin
2026-03-23,70914.859375,71782.2578125,67458.84375,67843.0,51508669357,Bitcoin
2026-03-24,70517.859375,71371.3046875,68920.6953125,70912.671875,40181522399,Bitcoin
2026-03-25,71309.8828125,71985.7421875,70383.59375,70520.046875,35409791747,Bitcoin
2026-03-26,68791.625,71410.390625,68118.3515625,71310.1171875,38962070215,Bitcoin
2026-03-27,66338.375,69117.53125,65532.5703125,68790.8359375,46483453594,Bitcoin
2026-03-28,66319.6953125,67232.859375,65906.7421875,66338.5,20924883455,Bitcoin
2026-03-29,65954.921875,67052.953125,64971.70703125,66319.6953125,21645889785,Bitcoin
2026-03-30,66691.4453125,68087.2890625,65759.8046875,65958.3515625,37694994180,Bitcoin
2026-03-31,68233.3125,68495.2734375,65950.4375,66694.5859375,42997691338,Bitcoin
2026-04-01,68078.5546875,69230.359375,67555.359375,68232.890625,36465393617,Bitcoin
2026-04-02,66888.5703125,68633.1484375,65725.2578125,68077.8984375,39323384518,Bitcoin
2026-04-03,66931.1015625,67296.234375,66281.5390625,66889.015625,22815543346,Bitcoin
2026-04-04,67290.515625,67515.015625,66769.640625,66938.6484375,15878814963,Bitcoin
2026-04-05,68981.8984375,69087.65625,66610.6328125,67291.1953125,22972648674,Bitcoin
2026-04-06,68859.828125,70305.421875,68347.078125,68982.9140625,39542143229,Bitcoin
2026-04-07,71940.703125,72732.4296875,67740.5078125,68859.375,44650511480,Bitcoin
2026-04-08,71123.359375,72825.1875,70707.46875,71950.1484375,42444631703,Bitcoin
2026-04-09,71767.828125,73107.265625,70486.359375,71120.5703125,38799581473,Bitcoin
2026-04-10,72979.046875,73440.1171875,71434.828125,71774.3671875,37722595732,Bitcoin
2026-04-11,73054.2734375,73784.234375,72556.3359375,72976.125,23287073965,Bitcoin
2026-04-12,70753.40625,73154.03125,70540.5703125,73056.046875,29882740487,Bitcoin
2026-04-13,74484.640625,74896.3125,70588.5234375,70757.6171875,52278211554,Bitcoin
2026-04-14,74181.609375,76061.7578125,73877.203125,74478.3984375,53540826530,Bitcoin
2026-04-15,74805.078125,75409.2734375,73549.203125,74182.0234375,38090174312,Bitcoin
2026-04-16,75152.1328125,75506.5703125,73346.265625,74810.875,41312783855,Bitcoin
2026-04-17,77126.875,78320.6796875,74558.6015625,75164.0390625,54137194839,Bitcoin
2026-04-18,75726.2109375,77416.703125,75504.9453125,77136.046875,26014416776,Bitcoin
2026-04-19,73856.3515625,76243.09375,73802.3828125,75723.6953125,30931515195,Bitcoin
2026-04-20,75872.5234375,76575.359375,73775.5703125,73854.25,39674447916,Bitcoin
2026-04-21,76352.7734375,76881.4765625,74852.671875,75872.828125,36453522626,Bitcoin
2026-04-22,78203.1015625,79468.0,76159.578125,76354.21875,48336654537,Bitcoin
2026-04-23,78268.953125,78676.9375,77014.453125,78203.875,40354900916,Bitcoin
2026-04-24,77455.3125,78554.09375,77318.4453125,78263.8203125,32784213526,Bitcoin
2026-04-25,77612.015625,77882.640625,77184.6640625,77457.2109375,16702933134,Bitcoin
2026-04-26,78657.5390625,78923.5625,77334.890625,77613.1171875,21482934750,Bitcoin
2026-04-27,77366.625,79488.171875,76481.34375,78661.015625,38135631927,Bitcoin
2026-04-28,76350.671875,77483.8671875,75673.6015625,77368.1171875,32056900880,Bitcoin
2026-04-29,75776.1328125,77884.96875,74958.5703125,76350.6875,41460907886,Bitcoin
2026-04-30,76304.3203125,76611.484375,75318.984375,75778.6328125,29497862305,Bitcoin
2026-05-01,78179.0,78894.9765625,76294.6953125,76305.0546875,39164328894,Bitcoin
2026-05-02,78657.25,79119.7890625,78031.9609375,78177.75,16761531851,Bitcoin
2026-05-03,78538.2265625,79402.359375,78073.078125,78656.7265625,20544392639,Bitcoin
2026-05-04,79827.90625,80742.359375,78217.9609375,78540.2890625,54325085296,Bitcoin
2026-05-05,80927.0546875,81751.453125,79787.578125,79823.53125,39700107376,Bitcoin
2026-05-06,81427.53125,82792.2109375,80751.0234375,80930.734375,41751540000,Bitcoin
2026-05-07,80009.9921875,81684.953125,79522.65625,81428.8515625,36931193154,Bitcoin
2026-05-08,80186.765625,80447.265625,79205.515625,80009.625,33789351540,Bitcoin
2026-05-09,80664.3671875,81030.0625,80119.9296875,80187.7421875,18102086996,Bitcoin
2026-05-10,82138.9296875,82430.171875,80274.1328125,80665.609375,26965971077,Bitcoin
2026-05-11,81728.296875,82326.234375,80451.421875,82139.046875,32409774919,Bitcoin
2026-05-12,80477.4921875,81753.03125,79832.1015625,81725.3515625,32186688600,Bitcoin
2026-05-13,79277.1171875,81276.671875,78725.5078125,80476.7890625,34075428359,Bitcoin
2026-05-14,81051.25,82005.9609375,78909.6796875,79276.9453125,43731663431,Bitcoin
2026-05-15,79065.6796875,81634.84375,78635.3671875,81046.8671875,38183347368,Bitcoin
2026-05-16,78131.4375,79173.5,77630.734375,79066.0,25895799905,Bitcoin
2026-05-17,77429.3515625,78539.3984375,76783.4140625,78133.5859375,20900166465,Bitcoin
2026-05-18,76954.171875,77749.3203125,76029.2265625,77426.34375,41520471808,Bitcoin
2026-05-19,76750.90625,77346.8671875,76082.3671875,76954.75,26031898332,Bitcoin
2026-05-20,77457.7734375,77775.5703125,76463.6484375,76749.453125,26668360936,Bitcoin
2026-05-21,77539.171875,78100.5625,76655.4375,77462.5078125,27141485404,Bitcoin
2026-05-22,75488.2421875,77819.453125,75323.875,77538.1171875,27859040109,Bitcoin
2026-05-23,76673.3671875,77288.1171875,74255.234375,75488.3125,29973220002,Bitcoin
2026-05-24,76981.125,77372.5390625,76019.890625,76670.65625,20572738918,Bitcoin
2026-05-25,77279.9296875,77804.921875,76833.0390625,76981.125,19808387601,Bitcoin
2026-05-26,75825.734375,77990.8671875,75569.46875,77280.125,35999475458,Bitcoin
2026-05-27,74344.703125,76014.296875,74136.5,75825.3046875,33802172927,Bitcoin
2026-05-28,73536.5546875,74460.125,72493.4140625,74339.5703125,40148145327,Bitcoin
2026-05-29,73372.5234375,74218.5625,72435.625,73537.03125,34457929250,Bitcoin
2026-05-30,73754.8359375,74020.7578125,73125.234375,73370.8515625,19563589191,Bitcoin
2026-05-31,73579.6875,74153.5,73315.015625,73753.75,17445435650,Bitcoin
2026-06-01,71319.7734375,73969.5703125,70599.5078125,73580.2109375,43378836121,Bitcoin
2026-06-02,66703.65625,71334.953125,66127.265625,71321.03125,54990073882,Bitcoin
2026-06-03,64014.3671875,67402.9296875,64009.67578125,66694.0078125,47411556213,Bitcoin
2026-06-04,63801.57421875,64664.4453125,61335.75,64020.0703125,63800151780,Bitcoin
2026-06-05,60922.66796875,63901.515625,59108.91796875,63807.69140625,71465606706,Bitcoin
2026-06-06,60867.4140625,61491.703125,59496.625,60924.4765625,30898464957,Bitcoin
2026-06-07,63239.51953125,64128.04296875,60724.06640625,60866.94140625,36006496194,Bitcoin
2026-06-08,63090.58984375,64185.765625,62384.66796875,63244.0859375,34133252457,Bitcoin
2026-06-09,61643.78125,63486.08984375,60756.6875,63092.890625,40144449754,Bitcoin
2026-06-10,61449.2890625,62788.27734375,60788.0234375,61643.20703125,27493506779,Bitcoin
2026-06-11,63561.0546875,63851.94921875,61447.96875,61448.87890625,29316677897,Bitcoin
2026-06-12,63543.19921875,64334.015625,62778.79296875,63547.44140625,26881868307,Bitcoin
2026-06-13,64421.32421875,64700.87890625,63431.3203125,63541.515625,16956245530,Bitcoin
2026-06-14,65710.3984375,65749.78125,63634.0234375,64420.16796875,21572226975,Bitcoin
2026-06-15,66289.5,67248.1328125,65315.8359375,65711.109375,32927321950,Bitcoin
2026-06-16,65600.640625,66928.609375,65315.0703125,66289.4609375,25063963967,Bitcoin
2026-06-17,64418.4453125,66354.625,63870.9296875,65600.4296875,31288885189,Bitcoin
2026-06-18,62896.47265625,64736.921875,62201.14453125,64419.64453125,30432454936,Bitcoin
2026-06-19,63540.8359375,63568.22265625,62275.58203125,62897.515625,22361931660,Bitcoin
2026-06-20,64239.67578125,64307.13671875,63149.66015625,63535.80859375,17486384117,Bitcoin
2026-06-21,63237.5390625,64506.578125,63221.0,64242.32421875,15739619591,Bitcoin
2026-06-22,63952.10546875,65544.0,63233.53125,63240.7890625,26561496819,Bitcoin
2026-06-23,62668.01953125,64196.5625,61893.20703125,63952.79296875,29608942370,Bitcoin
2026-06-24,60995.1328125,63097.7578125,59029.85546875,62663.03125,42644106535,Bitcoin
2026-06-25,59721.67578125,61868.90625,58075.921875,60992.0703125,40625024718,Bitcoin
2026-06-26,60016.4296875,60647.1875,58269.125,59712.0546875,41502864671,Bitcoin
2026-06-27,59940.09765625,60835.046875,59794.62109375,60016.3125,15099836554,Bitcoin
2026-06-28,59532.33984375,60432.70703125,58879.6328125,59940.3515625,16282230874,Bitcoin
2026-06-29,60138.37890625,60682.33984375,58856.1875,59522.7890625,30829983083,Bitcoin
2026-06-30,58558.859375,60173.21875,58111.671875,60136.453125,32747419391,Bitcoin
2026-07-01,60003.7578125,61223.76953125,57747.765625,58562.4453125,37904450118,Bitcoin
2026-07-02,61485.30078125,62117.875,59532.32421875,60004.76953125,40109297349,Bitcoin
2026-07-03,62544.19921875,62879.0078125,61176.72265625,61492.06640625,26131813598,Bitcoin
2026-07-04,63088.3046875,63398.41015625,62287.5859375,62545.12890625,18608397613,Bitcoin
2026-07-05,63547.8828125,63935.84765625,62413.9921875,63089.05859375,18267466154,Bitcoin
2026-07-06,63995.015625,64597.5703125,61275.828125,63551.015625,36552222303,Bitcoin
2026-07-07,63297.39453125,64257.6328125,62623.93359375,63994.59765625,31026493556,Bitcoin
2026-07-08,62257.57421875,63706.88671875,61492.6484375,63293.51953125,27349235354,Bitcoin
2026-07-09,63193.1484375,63422.94140625,61645.75390625,62257.31640625,26546256117,Bitcoin
2026-07-10,64127.140625,64658.96875,62902.0625,63194.359375,27450201269,Bitcoin
2026-07-11,63802.02734375,64445.4609375,63785.62109375,64127.96875,13954689047,Bitcoin
2026-07-12,63758.21875,64243.1328125,63606.82421875,63791.40234375,19043437787,Bitcoin
2026-07-13,62239.12109375,64340.8828125,61769.0,63757.171875,37650044790,Bitcoin
2026-07-14,64956.11328125,65046.1328125,62207.5234375,62238.5859375,29841287318,Bitcoin
2026-07-15,64712.375,65507.59375,64442.8203125,64959.80859375,27029791676,Bitcoin
2026-07-16,63789.28125,64931.85546875,63701.8046875,64713.296875,27232426674,Bitcoin
2026-07-17,63899.4609375,64332.01953125,62489.453125,63789.91015625,27280236800,Bitcoin
2026-07-18,64796.6015625,64816.50390625,63845.015625,63899.1796875,14162542470,Bitcoin
2026-07-19,64690.8046875,64909.88671875,64250.9140625,64799.27734375,15000653941,Bitcoin
2026-07-20,65230.02734375,65735.71875,63720.390625,64684.41796875,30988932408,Bitcoin
2026-07-21,66505.125,66910.0625,65113.65625,65228.87109375,29554470321,Bitcoin
2026-07-22,66100.796875,66694.6484375,65514.17578125,66506.7890625,28142272410,Bitcoin
2026-07-23,65044.8125,66282.3828125,64610.609375,66100.1328125,24364433538,Bitcoin
2026-07-24,64098.49609375,65760.484375,63686.03515625,65044.95703125,25917559237,Bitcoin
2026-07-25,64311.8125,64386.0625,63753.02734375,64098.4921875,13817493398,Bitcoin
2026-07-26,65340.30078125,65503.76953125,64233.453125,64311.78515625,14301494281,Bitcoin
2026-07-27,63724.8984375,65658.3359375,63562.484375,65340.58984375,26183821002,Bitcoin
2026-07-28,63871.36328125,64026.921875,62714.8046875,63723.48828125,24128738898,Bitcoin
2026-07-29,63908.16796875,64638.6953125,63206.2109375,63871.39453125,28611167472,Bitcoin
2026-07-30,64725.30859375,65071.4453125,63533.90625,63908.625,26250039650,Bitcoin
2026-07-31,62813.74609375,65328.18359375,62410.8671875,64723.96875,30439749629,Bitcoin
2026-08-01,62763.3203125,63091.59765625,62233.01171875,62813.6640625,13553286543,Bitcoin
2026-08-02,63482.0,63714.61328125,62745.25390625,62763.4453125,15901776708,Bitcoin
2026-08-03,63460.8984375,64020.32421875,62226.578125,63485.44140625,26038889824,Bitcoin
2026-08-04,64055.953125,64466.9375,63277.68359375,63458.41015625,23662357784,Bitcoin
2026-08-05,64597.5,64954.34765625,63829.71875,64054.87890625,23568584891,Bitcoin
2026-08-06,64262.11328125,64934.4921875,64098.4765625,64595.44921875,18529402711,Bitcoin
2026-08-07,64880.19140625,65330.609375,64113.2734375,64257.48828125,22165720102,Bitcoin
2026-08-08,64904.6875,65140.48046875,64797.11328125,64882.546875,12350094271,Bitcoin
2026-08-09,64844.88671875,65401.69140625,64677.6015625,64906.55078125,13234538380,Bitcoin
2026-08-10,63910.5859375,65321.83984375,63752.56640625,64845.3828125,22384770392,Bitcoin
2026-08-11,63551.875,64433.6796875,63185.47265625,63910.17578125,20824820662,Bitcoin
2026-08-12,63402.43359375,64381.078125,63251.11328125,63551.87109375,23063864553,Bitcoin
2026-08-13,63402.171875,63926.33203125,62799.2890625,63404.42578125,18765583756,Bitcoin
2026-08-14,62975.59375,63551.5625,62487.69921875,63402.08984375,20280053024,Bitcoin
2026-08-15,63024.3203125,63119.1328125,62850.9609375,62974.3359375,10033057106,Bitcoin
2026-08-16,62818.65234375,63310.77734375,62648.57421875,63023.421875,9078986635,Bitcoin
2026-08-17,64506.25390625,64547.84765625,62687.1015625,62819.37890625,21555405073,Bitcoin
2026-08-18,64680.7109375,64987.7109375,63980.32421875,64506.5234375,18728001793,Bitcoin
2026-08-19,69266.1875,69996.953125,64111.0703125,64680.046875,46228098443,Bitcoin
2026-08-20,73032.7578125,73369.8046875,68867.53125,69268.25,55444322363,Bitcoin
2026-08-21,78335.1875,79463.7109375,73011.4140625,73031.0859375,74478039014,Bitcoin
2026-08-22,77083.4140625,78801.1484375,76526.7109375,78332.5546875,42131959963,Bitcoin
2026-08-23,77755.265625,78036.8671875,75624.9453125,77082.84375,31158396908,Bitcoin
2026-08-24,78964.484375,79970.109375,76688.828125,77748.875,55502180329,Bitcoin
2026-08-25,78564.9765625,81235.03125,77870.625,78960.09375,46728068401,Bitcoin
2026-08-26,79027.421875,79240.5,77639.8359375,78538.5859375,29329039002,Bitcoin
2026-08-27,80257.5390625,80806.5625,78591.1015625,79037.921875,34033075972,Bitcoin
2026-08-28,77830.2890625,81346.953125,76909.3515625,80264.6484375,39362871737,Bitcoin
2026-08-29,78245.8125,78327.9453125,77381.8984375,77830.890625,14053131399,Bitcoin
2026-08-30,77667.5703125,79373.1796875,77056.1484375,78246.171875,19314839672,Bitcoin
2026-08-31,78548.6328125,79247.34375,77378.4375,77673.703125,30608386987,Bitcoin
2026-09-01,77403.625,79196.515625,76399.0625,78539.859375,30608796575,Bitcoin
2026-09-02,77300.4765625,77737.546875,76248.3046875,77402.140625,26525296646,Bitcoin
2026-09-03,81271.7421875,82262.2109375,76940.8828125,77300.1640625,40504199354,Bitcoin
2026-09-04,79671.96875,81433.1484375,78641.625,81271.5390625,37501874897,Bitcoin
2026-09-05,79823.8671875,80194.5078125,79465.0625,79671.703125,18559708494,Bitcoin
2026-09-06,80350.046875,80530.6484375,79327.5,79824.6015625,19391863269,Bitcoin
2026-09-07,79115.8515625,80432.3125,78684.9296875,80349.1953125,23414434445,Bitcoin
2026-09-08,78438.578125,79463.2734375,77635.6875,79114.90625,34680168667,Bitcoin
2026-09-09,78259.5234375,79737.296875,77768.1484375,78440.6015625,29192409298,Bitcoin
2026-09-10,76568.125,78520.96875,76470.640625,78260.3828125,30120111719,Bitcoin
2026-09-11,77173.796875,79818.3359375,76162.9140625,76559.125,37410998193,Bitcoin
2026-09-12,77270.46875,77479.65625,77045.0,77175.0703125,12664765797,Bitcoin
2026-09-13,76838.15625,77415.65625,76498.3828125,77270.1796875,13607872549,Bitcoin
2026-09-14,78163.3828125,79568.953125,76367.375,76830.28125,29909358382,Bitcoin
2026-09-15,75612.5078125,78242.546875,74944.59375,78162.484375,39694675220,Bitcoin
2026-09-16,76150.3203125,76474.078125,74995.5234375,75611.796875,30053315577,Bitcoin
2026-09-17,76403.7734375,77079.1640625,75945.5546875,76152.0546875,21917458567,Bitcoin
2026-09-18,80901.4609375,81331.765625,76228.328125,76405.015625,40378562386,Bitcoin
2026-09-19,81233.6796875,81911.140625,80814.9375,80900.2890625,20505634866,Bitcoin
2026-09-20,81142.609375,81455.203125,80098.7734375,81234.3046875,21259753701,Bitcoin
2026-09-21,86602.9140625,87363.7578125,80867.0859375,81143.625,57676223471,Bitcoin
2026-09-22,86172.28125,86700.0,85098.0078125,86604.375,40800687783,Bitcoin
2026-09-23,84383.0078125,87265.4921875,83519.734375,86176.765625,46088463341,Bitcoin
2026-09-24,84379.0625,84876.2265625,82906.6171875,84381.59375,37106744985,Bitcoin
2026-09-25,84034.921875,85230.0546875,83165.53125,84379.515625,34118533914,Bitcoin
2026-09-26,84406.453125,84423.1796875,83781.109375,84035.8203125,15169336375,Bitcoin
2026-09-27,84458.0859375,85126.109375,84121.328125,84412.71875,19386591468,Bitcoin
2026-09-28,83502.609375,84972.6640625,82570.71875,84454.1171875,42589028679,Bitcoin
2026-09-29,83622.4296875,84511.28125,82739.09375,83500.3203125,28029782264,Bitcoin
2026-09-30,83553.8515625,85599.8046875,82927.875,83621.3984375,36290317874,Bitcoin
2026-10-01,84684.2890625,84686.375,83165.84375,83566.3359375,31545387008,Bitcoin
2021-01-01,730.3675537109375,749.2018432617188,719.792236328125,737.7083740234375,13652004358,Ethereum
2021-01-02,774.5349731445312,786.7984619140625,718.1094970703125,730.4026489257812,19740771179,Ethereum
2021-01-03,975.5076904296875,1006.5650024414062,771.5616455078125,774.5118408203125,45200463368,Ethereum
2021-01-04,1040.2330322265625,1153.189208984375,912.3053588867188,977.058837890625,56945985763,Ethereum
2021-01-05,1100.006103515625,1129.3714599609375,986.811279296875,1041.498779296875,41535932781,Ethereum
2021-01-06,1207.1121826171875,1209.4285888671875,1064.2333984375,1101.0050048828125,44699914188,Ethereum
2021-01-07,1225.6781005859375,1282.57958984375,1167.443115234375,1208.078369140625,40468027280,Ethereum
2021-01-08,1224.1971435546875,1273.8275146484375,1076.08154296875,1225.9678955078125,44334826666,Ethereum
2021-01-09,1281.0772705078125,1303.871826171875,1182.2703857421875,1223.740478515625,33233105361,Ethereum
2021-01-10,1262.2467041015625,1347.9261474609375,1194.715576171875,1280.87109375,40616938053,Ethereum
2021-01-11,1090.1453857421875,1261.6229248046875,924.922607421875,1261.6229248046875,60733630300,Ethereum
2021-01-12,1043.4345703125,1149.240234375,1012.76416015625,1088.5267333984375,37494601692,Ethereum
2021-01-13,1130.7393798828125,1134.3385009765625,994.549072265625,1043.740966796875,30109792795,Ethereum
2021-01-14,1218.4530029296875,1244.1630859375,1093.060791015625,1130.231201171875,33410915929,Ethereum
2021-01-15,1171.8345947265625,1250.505859375,1090.7210693359375,1221.877197265625,35972039310,Ethereum
2021-01-16,1233.53759765625,1290.0535888671875,1157.623779296875,1171.443115234375,32319240157,Ethereum
2021-01-17,1230.1722412109375,1265.6446533203125,1174.3885498046875,1233.453369140625,29258032819,Ethereum
2021-01-18,1257.279541015625,1259.4500732421875,1187.31103515625,1230.313232421875,25817455560,Ethereum
2021-01-19,1377.2958984375,1432.300048828125,1254.52294921875,1257.4345703125,47195935190,Ethereum
2021-01-20,1382.2740478515625,1405.744140625,1243.2999267578125,1375.2484130859375,46784030909,Ethereum
2021-01-21,1121.5709228515625,1382.6844482421875,1098.4761962890625,1382.6844482421875,45932464754,Ethereum
2021-01-22,1236.51220703125,1271.6876220703125,1046.5965576171875,1118.8890380859375,43918338506,Ethereum
2021-01-23,1230.9906005859375,1272.151123046875,1200.893310546875,1235.2679443359375,27253895441,Ethereum
2021-01-24,1391.609375,1395.111328125,1225.2740478515625,1231.2105712890625,36418163554,Ethereum
2021-01-25,1324.414794921875,1467.784912109375,1304.9739990234375,1390.639892578125,43565777745,Ethereum
2021-01-26,1357.05810546875,1376.0850830078125,1253.34033203125,1323.74169921875,41572917750,Ethereum
2021-01-27,1253.1871337890625,1368.0740966796875,1215.311279296875,1358.3333740234375,39394416990,Ethereum
2021-01-28,1332.4921875,1356.2886962890625,1226.1739501953125,1251.27978515625,34637234789,Ethereum
2021-01-29,1382.5228271484375,1428.981201171875,1292.2401123046875,1369.0867919921875,53611955259,Ethereum
2021-01-30,1376.115478515625,1402.3997802734375,1328.529052734375,1382.23193359375,30616574234,Ethereum
2021-01-31,1314.9862060546875,1378.916015625,1288.5015869140625,1376.8236083984375,25198853581,Ethereum
2021-02-01,1369.04052734375,1373.8458251953125,1274.3577880859375,1314.855224609375,29210670920,Ethereum
2021-02-02,1515.1937255859375,1542.990966796875,1362.771240234375,1369.505126953125,45437142801,Ethereum
2021-02-03,1660.9095458984375,1660.9095458984375,1510.01025390625,1514.7696533203125,41874566399,Ethereum
2021-02-04,1594.7626953125,1689.1866455078125,1561.853515625,1661.170166015625,44396871836,Ethereum
2021-02-05,1718.65087890625,1756.510986328125,1594.7933349609375,1594.7933349609375,40108628454,Ethereum
2021-02-06,1677.8468017578125,1738.314453125,1649.0687255859375,1717.7974853515625,39873420648,Ethereum
2021-02-07,1614.227783203125,1690.03662109375,1501.750244140625,1677.605712890625,39889440151,Ethereum
2021-02-08,1746.6168212890625,1770.5908203125,1571.5799560546875,1613.6422119140625,48012285956,Ethereum
2021-02-09,1768.0350341796875,1815.963623046875,1711.62060546875,1746.9261474609375,44180727529,Ethereum
2021-02-10,1744.243408203125,1826.69677734375,1686.5423583984375,1768.039794921875,41916084617,Ethereum
2021-02-11,1783.7979736328125,1806.5390625,1708.67919921875,1743.7142333984375,36021495262,Ethereum
2021-02-12,1843.5325927734375,1861.35693359375,1744.1689453125,1783.4891357421875,37905036865,Ethereum
2021-02-13,1814.10986328125,1871.603515625,1770.612060546875,1843.98681640625,35359490535,Ethereum
2021-02-14,1805.0841064453125,1848.154052734375,1789.9141845703125,1814.372314453125,31439114900,Ethereum
2021-02-15,1779.791015625,1833.83056640625,1683.9066162109375,1804.6767578125,38955610883,Ethereum
2021-02-16,1781.0675048828125,1824.5186767578125,1729.6419677734375,1778.945556640625,34269369268,Ethereum
2021-02-17,1848.458251953125,1853.6676025390625,1736.705810546875,1781.35009765625,35955412703,Ethereum
2021-02-18,1937.44921875,1949.9034423828125,1848.206298828125,1848.206298828125,28255902969,Ethereum
2021-02-19,1960.164794921875,1969.5469970703125,1896.6844482421875,1938.85986328125,26268814253,Ethereum
2021-02-20,1919.5340576171875,2036.2864990234375,1830.531494140625,1959.9029541015625,34696091102,Ethereum
2021-02-21,1935.60107421875,1974.2596435546875,1890.3681640625,1918.673095703125,23626547717,Ethereum
2021-02-22,1781.992919921875,1936.4537353515625,1580.6265869140625,1935.557861328125,42409646036,Ethereum
2021-02-23,1570.2039794921875,1781.4090576171875,1378.8409423828125,1781.4090576171875,52029864713,Ethereum
2021-02-24,1626.57568359375,1710.9837646484375,1511.0189208984375,1571.4764404296875,31329000537,Ethereum
2021-02-25,1475.7037353515625,1670.22412109375,1465.0589599609375,1625.3939208984375,24481681873,Ethereum
2021-02-26,1446.03369140625,1559.0289306640625,1407.979248046875,1478.6533203125,31435997881,Ethereum
2021-02-27,1459.97314453125,1524.932373046875,1433.7869873046875,1446.929443359375,20742103233,Ethereum
2021-02-28,1416.0489501953125,1468.3914794921875,1300.47216796875,1459.8604736328125,27637026080,Ethereum
2021-03-01,1564.7076416015625,1567.694580078125,1416.4161376953125,1417.151123046875,24032838645,Ethereum
2021-03-02,1492.6087646484375,1597.610107421875,1461.325439453125,1564.0634765625,22523669722,Ethereum
2021-03-03,1575.8531494140625,1650.360595703125,1481.90576171875,1491.451171875,22674780680,Ethereum
2021-03-04,1541.914306640625,1622.953857421875,1511.1033935546875,1574.623779296875,22906118718,Ethereum
2021-03-05,1533.2750244140625,1547.878173828125,1450.891357421875,1541.541748046875,21067146937,Ethereum
2021-03-06,1654.7415771484375,1669.1065673828125,1519.14111328125,1532.372802734375,22746262366,Ethereum
2021-03-07,1723.15380859375,1730.9241943359375,1636.564453125,1655.3924560546875,23809935410,Ethereum
2021-03-08,1834.7279052734375,1835.192138671875,1670.9420166015625,1724.229248046875,27630991158,Ethereum
2021-03-09,1868.048828125,1868.048828125,1804.266357421875,1835.1480712890625,23461244507,Ethereum
2021-03-10,1799.166259765625,1873.80322265625,1766.490478515625,1868.489013671875,25154173185,Ethereum
2021-03-11,1826.1949462890625,1843.81884765625,1734.6170654296875,1798.033935546875,24013132909,Ethereum
2021-03-12,1772.1024169921875,1839.497314453125,1728.98095703125,1826.5467529296875,22435821312,Ethereum
2021-03-13,1924.6854248046875,1937.6455078125,1733.639892578125,1772.1663818359375,25014689475,Ethereum
2021-03-14,1854.5643310546875,1930.77978515625,1845.1199951171875,1923.86376953125,19344589211,Ethereum
2021-03-15,1791.7022705078125,1889.1966552734375,1749.6063232421875,1854.086669921875,26244738810,Ethereum
2021-03-16,1806.9718017578125,1817.0601806640625,1720.05322265625,1792.413818359375,23828509590,Ethereum
2021-03-17,1823.4493408203125,1839.8189697265625,1749.179931640625,1807.05615234375,24512917348,Ethereum
2021-03-18,1782.8551025390625,1848.6461181640625,1705.716064453125,1823.158447265625,23263845504,Ethereum
2021-03-19,1817.6241455078125,1841.196044921875,1746.473388671875,1782.5687255859375,21249297710,Ethereum
2021-03-20,1812.6346435546875,1874.708984375,1811.7286376953125,1817.522705078125,22677674970,Ethereum
2021-03-21,1788.217041015625,1823.35302734375,1764.1392822265625,1812.6065673828125,22977404620,Ethereum
2021-03-22,1691.333984375,1811.96826171875,1674.2998046875,1788.3621826171875,23599296129,Ethereum
2021-03-23,1678.650146484375,1725.1087646484375,1662.5399169921875,1690.871826171875,21998237965,Ethereum
2021-03-24,1593.4134521484375,1740.42822265625,1570.7879638671875,1678.0025634765625,31228051473,Ethereum
2021-03-25,1595.3592529296875,1625.9114990234375,1560.3704833984375,1593.123291015625,29650328701,Ethereum
2021-03-26,1702.842041015625,1702.9228515625,1594.7366943359375,1595.2100830078125,22548516548,Ethereum
2021-03-27,1716.49462890625,1732.8243408203125,1674.3193359375,1703.0361328125,18102277710,Ethereum
2021-03-28,1691.35595703125,1728.5841064453125,1672.660400390625,1716.4056396484375,16599472938,Ethereum
2021-03-29,1819.6849365234375,1837.18798828125,1683.716552734375,1691.26318359375,22796570548,Ethereum
2021-03-30,1846.03369140625,1860.9747314453125,1793.92236328125,1819.46630859375,22512781703,Ethereum
2021-03-31,1918.362060546875,1947.8377685546875,1793.002197265625,1846.0982666015625,30226902621,Ethereum
2021-04-01,1977.27685546875,1989.0550537109375,1912.178466796875,1919.1572265625,30914259795,Ethereum
2021-04-02,2143.2255859375,2152.451904296875,1960.6787109375,1976.9327392578125,34862511022,Ethereum
2021-04-03,2028.4224853515625,2144.96240234375,2028.4224853515625,2142.89599609375,32011518871,Ethereum
2021-04-04,2093.122802734375,2110.353515625,2007.11181640625,2027.6712646484375,26006501902,Ethereum
2021-04-05,2107.88720703125,2140.9853515625,2032.3876953125,2093.2607421875,28889391170,Ethereum
2021-04-06,2118.37890625,2151.223388671875,2057.609130859375,2109.4931640625,29222865881,Ethereum
2021-04-07,1971.0772705078125,2133.1875,1945.442138671875,2117.728515625,36116271935,Ethereum
2021-04-08,2088.57373046875,2091.516357421875,1959.0794677734375,1969.1331787109375,25312956529,Ethereum
2021-04-09,2072.10888671875,2102.873779296875,2055.163330078125,2088.772216796875,19812472092,Ethereum
2021-04-10,2135.942138671875,2196.996337890625,2062.78759765625,2071.111572265625,24986243611,Ethereum
2021-04-11,2157.656982421875,2165.19140625,2119.86572265625,2136.156982421875,19692836132,Ethereum
2021-04-12,2139.353271484375,2199.71875,2110.368896484375,2157.36181640625,21727936609,Ethereum
2021-04-13,2299.187744140625,2318.42333984375,2138.5595703125,2139.3642578125,29456642939,Ethereum
2021-04-14,2435.10498046875,2449.6875,2284.563720703125,2299.347900390625,35592822986,Ethereum
2021-04-15,2519.1162109375,2544.267333984375,2409.924072265625,2436.03466796875,32325606817,Ethereum
2021-04-16,2431.946533203125,2547.5556640625,2318.675048828125,2516.601806640625,36196928256,Ethereum
2021-04-17,2344.89501953125,2497.38525390625,2333.682861328125,2429.98095703125,32349808978,Ethereum
2021-04-18,2237.136962890625,2365.46044921875,2011.766845703125,2346.452392578125,50696368718,Ethereum
2021-04-19,2166.188720703125,2276.77685546875,2086.688720703125,2238.03271484375,34060654971,Ethereum
2021-04-20,2330.2109375,2345.8349609375,2060.143798828125,2161.939453125,39433483315,Ethereum
2021-04-21,2364.751708984375,2467.20068359375,2238.366943359375,2331.16015625,38899067643,Ethereum
2021-04-22,2403.53515625,2641.094970703125,2315.960205078125,2357.87109375,53575904724,Ethereum
2021-04-23,2363.586181640625,2439.537109375,2117.03955078125,2401.25634765625,55413933925,Ethereum
2021-04-24,2211.625732421875,2367.740966796875,2163.693115234375,2367.19921875,31854226936,Ethereum
2021-04-25,2316.0595703125,2354.086669921875,2172.51513671875,2214.413818359375,31814355546,Ethereum
2021-04-26,2534.481689453125,2536.33740234375,2308.315185546875,2319.47802734375,35208325408,Ethereum
2021-04-27,2662.865234375,2676.392822265625,2485.375,2534.03125,32275969215,Ethereum
2021-04-28,2746.380126953125,2757.477294921875,2564.08154296875,2664.685546875,34269031076,Ethereum
2021-04-29,2756.876953125,2797.972412109375,2672.106689453125,2748.649658203125,32578127990,Ethereum
2021-04-30,2773.20703125,2796.054931640625,2728.169921875,2757.734130859375,29777179889,Ethereum
2021-05-01,2945.892822265625,2951.44091796875,2755.908447265625,2772.83837890625,28726205272,Ethereum
2021-05-02,2952.05615234375,2984.891845703125,2860.526123046875,2945.56005859375,28032013047,Ethereum
2021-05-03,3431.086181640625,3450.037841796875,2951.17578125,2951.17578125,49174290212,Ethereum
2021-05-04,3253.62939453125,3523.5859375,3180.74267578125,3431.131591796875,62402045158,Ethereum
2021-05-05,3522.783203125,3541.462646484375,3213.1015625,3240.5546875,48334198383,Ethereum
2021-05-06,3490.88037109375,3598.89599609375,3386.239990234375,3524.930908203125,44300394788,Ethereum
2021-05-07,3484.72900390625,3573.2900390625,3370.261962890625,3490.105224609375,39607240515,Ethereum
2021-05-08,3902.647705078125,3950.1650390625,3453.7685546875,3481.988037109375,50208491286,Ethereum
2021-05-09,3928.8447265625,3981.259033203125,3743.989013671875,3911.463134765625,50568290278,Ethereum
2021-05-10,3952.2939453125,4197.47314453125,3684.45166015625,3924.413330078125,62691789007,Ethereum
2021-05-11,4168.701171875,4178.208984375,3783.889404296875,3948.27197265625,52679737865,Ethereum
2021-05-12,3785.8486328125,4362.3505859375,3785.8486328125,4174.6357421875,69023382175,Ethereum
2021-05-13,3715.1484375,4032.5634765625,3549.4072265625,3828.91845703125,78398214539,Ethereum
2021-05-14,4079.057373046875,4171.01708984375,3703.39990234375,3720.122314453125,48174271215,Ethereum
2021-05-15,3638.1220703125,4129.185546875,3638.1220703125,4075.95166015625,42422321751,Ethereum
2021-05-16,3587.506103515625,3878.89599609375,3350.95166015625,3641.830810546875,47359478734,Ethereum
2021-05-17,3282.397705078125,3587.765625,3129.0087890625,3581.343017578125,54061732774,Ethereum
2021-05-18,3380.070068359375,3562.465087890625,3246.404052734375,3276.872314453125,40416525218,Ethereum
2021-05-19,2460.67919921875,3437.935791015625,1952.460205078125,3382.6572265625,84482912776,Ethereum
2021-05-20,2784.294189453125,2993.145263671875,2170.22900390625,2439.638671875,67610826680,Ethereum
2021-05-21,2430.621337890625,2938.205078125,2113.34716796875,2772.34130859375,53774070802,Ethereum
2021-05-22,2295.70556640625,2483.983154296875,2168.124267578125,2436.0146484375,42089937660,Ethereum
2021-05-23,2109.579833984375,2384.41162109375,1737.46875,2298.3671875,56005721977,Ethereum
2021-05-24,2643.591064453125,2672.595703125,2090.6396484375,2099.93603515625,53697121740,Ethereum
2021-05-25,2706.62890625,2750.534912109375,2394.35546875,2649.033203125,49558333256,Ethereum
2021-05-26,2888.69873046875,2911.735595703125,2652.094482421875,2707.052734375,42499766020,Ethereum
2021-05-27,2736.488525390625,2888.75244140625,2642.60791015625,2888.75244140625,33373635283,Ethereum
2021-05-28,2419.90625,2761.36328125,2336.361328125,2742.468994140625,39999114805,Ethereum
2021-05-29,2279.51416015625,2566.9384765625,2208.490966796875,2414.067138671875,33773720220,Ethereum
2021-05-30,2390.305419921875,2472.187744140625,2188.83447265625,2278.288818359375,25876619428,Ethereum
2021-05-31,2714.9453125,2715.85498046875,2279.505126953125,2387.198486328125,31007383150,Ethereum
2021-06-01,2633.518310546875,2739.737548828125,2531.16064453125,2707.560546875,27363223090,Ethereum
2021-06-02,2706.125,2801.392333984375,2555.4013671875,2634.4560546875,27723267359,Ethereum
2021-06-03,2855.12646484375,2891.2548828125,2667.684326171875,2708.376220703125,30038207402,Ethereum
2021-06-04,2688.195068359375,2857.16552734375,2562.637451171875,2857.16552734375,34173841611,Ethereum
2021-06-05,2630.576904296875,2817.48486328125,2558.233642578125,2691.619384765625,30496672724,Ethereum
2021-06-06,2715.0927734375,2743.441162109375,2616.162353515625,2629.748779296875,25311639414,Ethereum
2021-06-07,2590.26318359375,2845.18505859375,2583.9951171875,2713.04736328125,30600111277,Ethereum
2021-06-08,2517.438720703125,2620.84619140625,2315.546630859375,2594.602294921875,41909736778,Ethereum
2021-06-09,2608.26708984375,2625.070556640625,2412.19775390625,2510.19921875,36075832186,Ethereum
2021-06-10,2471.5185546875,2619.957763671875,2435.401611328125,2611.142578125,28753626390,Ethereum
2021-06-11,2353.768798828125,2495.414794921875,2326.86962890625,2472.85888671875,24832564195,Ethereum
2021-06-12,2372.484375,2447.227783203125,2265.758056640625,2354.752197265625,25724364410,Ethereum
2021-06-13,2508.3916015625,2547.367919921875,2312.64013671875,2372.690185546875,27092945370,Ethereum
2021-06-14,2537.89111328125,2606.432861328125,2469.38818359375,2508.7705078125,26964576331,Ethereum
2021-06-15,2610.936767578125,2639.229248046875,2515.153076171875,2587.7626953125,29005279219,Ethereum
2021-06-16,2367.66357421875,2554.62890625,2354.3505859375,2544.86474609375,24101926180,Ethereum
2021-06-17,2372.001953125,2457.175537109375,2312.301513671875,2367.306396484375,21871633186,Ethereum
2021-06-18,2231.733154296875,2377.195068359375,2147.308349609375,2374.5869140625,22752818388,Ethereum
2021-06-19,2178.4990234375,2278.4150390625,2168.885009765625,2235.1591796875,18765854896,Ethereum
2021-06-20,2246.364501953125,2275.3828125,2049.962646484375,2171.337890625,22535930423,Ethereum
2021-06-21,1888.447509765625,2259.464111328125,1867.1854248046875,2245.31787109375,33745173825,Ethereum
2021-06-22,1874.9500732421875,1993.1597900390625,1707.6005859375,1886.6676025390625,35547251725,Ethereum
2021-06-23,1989.736328125,2043.5303955078125,1827.571533203125,1878.625,28408659206,Ethereum
2021-06-24,1988.456298828125,2032.33935546875,1887.4320068359375,1968.9573974609375,20272845769,Ethereum
2021-06-25,1813.21728515625,2017.759521484375,1794.400390625,1989.2158203125,22774334998,Ethereum
2021-06-26,1829.2392578125,1850.1798095703125,1719.5594482421875,1810.88427734375,20637542361,Ethereum
2021-06-27,1978.8946533203125,1979.9581298828125,1811.245849609375,1830.9969482421875,19885474742,Ethereum
2021-06-28,2079.657470703125,2139.805419921875,1963.615478515625,1981.386474609375,25514602841,Ethereum
2021-06-29,2160.768310546875,2242.23876953125,2076.240234375,2083.44873046875,24815124419,Ethereum
2021-06-30,2274.547607421875,2282.989013671875,2090.7607421875,2164.21630859375,25828056268,Ethereum
2021-07-01,2113.60546875,2274.3974609375,2081.0810546875,2274.3974609375,29061701793,Ethereum
2021-07-02,2150.040283203125,2155.596435546875,2021.8248291015625,2109.892578125,31796212554,Ethereum
2021-07-03,2226.1142578125,2237.567138671875,2117.590087890625,2150.8349609375,17433361641,Ethereum
2021-07-04,2321.72412109375,2384.286865234375,2190.837646484375,2226.55029296875,18787107473,Ethereum
2021-07-05,2198.58251953125,2321.9228515625,2163.04150390625,2321.9228515625,20103794829,Ethereum
2021-07-06,2324.679443359375,2346.294921875,2197.91943359375,2197.91943359375,20891861314,Ethereum
2021-07-07,2315.161865234375,2403.7734375,2298.02685546875,2323.20849609375,22398345285,Ethereum
2021-07-08,2120.0263671875,2324.0068359375,2089.414306640625,2317.94921875,23188123689,Ethereum
2021-07-09,2146.6923828125,2185.376220703125,2051.066650390625,2115.573974609375,23029574602,Ethereum
2021-07-10,2111.403564453125,2190.1240234375,2081.923583984375,2146.999755859375,17581542471,Ethereum
2021-07-11,2139.664794921875,2172.6533203125,2083.8037109375,2110.875732421875,14705386138,Ethereum
2021-07-12,2036.7210693359375,2167.710205078125,2011.0189208984375,2140.5068359375,17768129077,Ethereum
2021-07-13,1940.083984375,2040.693603515625,1922.577880859375,2034.098388671875,16621628658,Ethereum
2021-07-14,1994.331298828125,2015.107421875,1869.22314453125,1941.1678466796875,17342819679,Ethereum
2021-07-15,1911.1756591796875,2037.7425537109375,1883.272216796875,1994.7120361328125,15688092552,Ethereum
2021-07-16,1880.3829345703125,1959.6962890625,1853.59033203125,1916.598388671875,14884569147,Ethereum
2021-07-17,1898.8251953125,1917.597900390625,1855.5908203125,1876.88134765625,13364282076,Ethereum
2021-07-18,1895.5521240234375,1988.33642578125,1883.0125732421875,1900.1943359375,13791868728,Ethereum
2021-07-19,1817.296630859375,1916.1180419921875,1807.909912109375,1893.0535888671875,14157735481,Ethereum
2021-07-20,1787.5107421875,1836.998046875,1722.05078125,1819.08203125,17368597636,Ethereum
2021-07-21,1990.9708251953125,2025.680419921875,1759.0233154296875,1786.2762451171875,21253359756,Ethereum
2021-07-22,2025.2027587890625,2044.116455078125,1954.2978515625,1994.8228759765625,17495480331,Ethereum
2021-07-23,2124.776611328125,2129.441162109375,2000.436279296875,2025.105712890625,16200392492,Ethereum
2021-07-24,2189.21875,2197.6494140625,2107.323486328125,2123.961181640625,16057446601,Ethereum
2021-07-25,2191.373779296875,2194.438232421875,2108.829833984375,2187.1455078125,14566483636,Ethereum
2021-07-26,2233.36669921875,2428.817138671875,2177.32958984375,2191.309814453125,29614324233,Ethereum
2021-07-27,2298.33349609375,2316.9501953125,2154.731201171875,2230.197021484375,23067480378,Ethereum
2021-07-28,2296.54541015625,2341.77783203125,2250.9140625,2302.081298828125,18991302378,Ethereum
2021-07-29,2380.956787109375,2396.451904296875,2273.40478515625,2299.011962890625,16313373113,Ethereum
2021-07-30,2466.96142578125,2469.704833984375,2322.337158203125,2382.545166015625,20212848934,Ethereum
2021-07-31,2536.2099609375,2551.1611328125,2423.816162109375,2461.57568359375,18001710283,Ethereum
2021-08-01,2561.85205078125,2695.429443359375,2520.931884765625,2530.462890625,22697987055,Ethereum
2021-08-02,2610.1533203125,2665.73095703125,2511.375244140625,2557.774658203125,22162754104,Ethereum
2021-08-03,2502.349609375,2630.314208984375,2449.353515625,2609.4130859375,22696753413,Ethereum
2021-08-04,2724.619873046875,2764.443603515625,2463.469482421875,2508.544921875,25038698173,Ethereum
2021-08-05,2827.328857421875,2840.4306640625,2540.68408203125,2725.669677734375,31057928075,Ethereum
2021-08-06,2890.941650390625,2944.9033203125,2727.792724609375,2827.50341796875,26528577879,Ethereum
2021-08-07,3157.23876953125,3170.229736328125,2868.53564453125,2891.70751953125,33081467129,Ethereum
2021-08-08,3013.732666015625,3184.60400390625,2951.747314453125,3161.232666015625,28433638008,Ethereum
2021-08-09,3167.856201171875,3185.701171875,2900.926025390625,3012.8857421875,31983260936,Ethereum
2021-08-10,3141.691162109375,3228.940673828125,3059.22900390625,3163.050048828125,27605221710,Ethereum
2021-08-11,3164.2451171875,3269.20947265625,3122.91650390625,3142.830322265625,26729035052,Ethereum
2021-08-12,3043.414306640625,3236.314697265625,2984.1669921875,3164.17578125,25403699845,Ethereum
2021-08-13,3322.211669921875,3324.671630859375,3037.676025390625,3049.001220703125,23868866254,Ethereum
2021-08-14,3265.443359375,3329.281005859375,3214.519775390625,3322.7626953125,19860862133,Ethereum
2021-08-15,3310.504150390625,3320.084228515625,3117.791748046875,3266.276123046875,22166205051,Ethereum
2021-08-16,3156.509521484375,3333.994873046875,3139.778564453125,3309.422119140625,23080039949,Ethereum
2021-08-17,3014.845947265625,3288.812744140625,2996.46826171875,3149.38037109375,25509056745,Ethereum
2021-08-18,3020.08984375,3124.97607421875,2959.0283203125,3011.963623046875,21539248425,Ethereum
2021-08-19,3182.7021484375,3184.435546875,2963.150146484375,3019.126953125,19546290360,Ethereum
2021-08-20,3286.935302734375,3298.24658203125,3178.103759765625,3182.16259765625,20885619828,Ethereum
2021-08-21,3226.083984375,3307.3515625,3209.8662109375,3286.931640625,18113977628,Ethereum
2021-08-22,3242.115478515625,3272.733154296875,3142.007080078125,3226.227294921875,15983278460,Ethereum
2021-08-23,3319.25732421875,3373.38427734375,3235.851318359375,3241.357421875,20511110509,Ethereum
2021-08-24,3172.456298828125,3358.688232421875,3154.121337890625,3324.85546875,20131028906,Ethereum
2021-08-25,3224.915283203125,3248.727294921875,3086.114990234375,3174.269775390625,18902728235,Ethereum
2021-08-26,3100.325439453125,3249.6552734375,3060.228759765625,3228.747314453125,17405668117,Ethereum
2021-08-27,3270.600830078125,3281.840576171875,3064.485107421875,3096.406005859375,18489602004,Ethereum
2021-08-28,3244.4033203125,3284.845947265625,3217.403564453125,3275.1044921875,13709633698,Ethereum
2021-08-29,3227.002685546875,3283.235595703125,3158.84033203125,3246.77099609375,13296586731,Ethereum
2021-08-30,3224.374267578125,3346.5810546875,3151.444580078125,3227.192626953125,19306924485,Ethereum
2021-08-31,3433.732666015625,3466.9921875,3195.216552734375,3227.758056640625,27280502987,Ethereum
2021-09-01,3834.828125,3836.867431640625,3387.408447265625,3430.762451171875,30070890104,Ethereum
2021-09-02,3790.989990234375,3830.71142578125,3726.75048828125,3825.02783203125,24387397330,Ethereum
2021-09-03,3940.61474609375,4022.46923828125,3712.67822265625,3787.486572265625,26207765094,Ethereum
2021-09-04,3887.828369140625,3969.44873046875,3837.93115234375,3937.91015625,20806963328,Ethereum
2021-09-05,3952.133544921875,3979.1865234375,3838.4873046875,3886.3310546875,18371468576,Ethereum
2021-09-06,3928.37939453125,3968.426513671875,3868.994384765625,3951.520751953125,18674691198,Ethereum
2021-09-07,3426.394287109375,3945.314208984375,3062.222412109375,3926.527587890625,39131346397,Ethereum
2021-09-08,3497.315185546875,3559.121337890625,3224.764892578125,3428.378173828125,31738430771,Ethereum
2021-09-09,3427.340087890625,3562.99267578125,3400.51708984375,3452.54833984375,24118055831,Ethereum
2021-09-10,3211.505859375,3512.5712890625,3157.05908203125,3425.56494140625,22355974097,Ethereum
2021-09-11,3270.278076171875,3346.5263671875,3208.9619140625,3209.030517578125,18627122934,Ethereum
2021-09-12,3410.134521484375,3462.46826171875,3235.109375,3270.291748046875,16810411424,Ethereum
2021-09-13,3285.51171875,3426.502197265625,3121.51416015625,3407.471923828125,22721552948,Ethereum
2021-09-14,3429.169677734375,3429.169677734375,3273.630859375,3286.31640625,19125420848,Ethereum
2021-09-15,3615.28271484375,3615.28271484375,3365.9130859375,3431.21728515625,17548551804,Ethereum
2021-09-16,3571.294921875,3673.310791015625,3489.8056640625,3613.07373046875,20093903064,Ethereum
2021-09-17,3398.538818359375,3589.30517578125,3356.449951171875,3569.568115234375,17722363229,Ethereum
2021-09-18,3432.018310546875,3540.8076171875,3371.892333984375,3397.4228515625,15995220233,Ethereum
2021-09-19,3329.447998046875,3448.322021484375,3286.17236328125,3433.287841796875,14257609743,Ethereum
2021-09-20,2958.993408203125,3343.325439453125,2940.839111328125,3329.670654296875,27371684581,Ethereum
2021-09-21,2764.43115234375,3101.697509765625,2676.407470703125,2977.310546875,30405062665,Ethereum
2021-09-22,3077.867919921875,3089.0830078125,2741.440673828125,2763.209228515625,23742102645,Ethereum
2021-09-23,3155.523681640625,3173.544677734375,3038.097900390625,3077.974365234375,18516291047,Ethereum
2021-09-24,2931.669189453125,3159.64404296875,2747.337646484375,3154.56201171875,25595422789,Ethereum
2021-09-25,2925.565673828125,2968.99462890625,2818.970458984375,2930.884765625,18932786754,Ethereum
2021-09-26,3062.265380859375,3114.857421875,2744.5830078125,2926.343017578125,21172766310,Ethereum
2021-09-27,2934.138916015625,3163.6650390625,2932.69287109375,3065.837890625,19164053681,Ethereum
2021-09-28,2807.296630859375,2970.7705078125,2793.360595703125,2928.96337890625,16895079070,Ethereum
2021-09-29,2853.143310546875,2946.88134765625,2786.98828125,2809.297607421875,15763456158,Ethereum
2021-09-30,3001.678955078125,3046.51953125,2840.28955078125,2852.558837890625,17661065099,Ethereum
2021-10-01,3307.51611328125,3329.853515625,2978.654296875,3001.12939453125,22307625573,Ethereum
2021-10-02,3391.6943359375,3464.83740234375,3260.027587890625,3308.870361328125,19202671704,Ethereum
2021-10-03,3418.358642578125,3484.605712890625,3348.1201171875,3390.767578125,15516566862,Ethereum
2021-10-04,3380.089111328125,3434.775390625,3283.44873046875,3418.7763671875,17747154101,Ethereum
2021-10-05,3518.5185546875,3541.45166015625,3365.817626953125,3381.784423828125,16632591670,Ethereum
2021-10-06,3580.56201171875,3622.55126953125,3354.4697265625,3516.5703125,21855226591,Ethereum
2021-10-07,3587.974853515625,3650.01318359375,3479.9091796875,3576.814453125,19090322927,Ethereum
2021-10-08,3563.75927734375,3667.95751953125,3547.828125,3587.832763671875,16222029488,Ethereum
2021-10-09,3575.716796875,3628.2373046875,3544.640380859375,3559.997802734375,12707036942,Ethereum
2021-10-10,3425.852783203125,3603.244873046875,3414.970947265625,3575.0205078125,16171746693,Ethereum
2021-10-11,3545.35400390625,3622.28955078125,3385.76171875,3419.726806640625,18579189588,Ethereum
2021-10-12,3492.5732421875,3546.477783203125,3407.338134765625,3546.477783203125,18109578443,Ethereum
2021-10-13,3606.20166015625,3607.74169921875,3417.60205078125,3492.753662109375,16211275589,Ethereum
2021-10-14,3786.01416015625,3819.258544921875,3590.275146484375,3604.958984375,19443499909,Ethereum
2021-10-15,3862.634765625,3895.46630859375,3735.363525390625,3790.154296875,20966841512,Ethereum
2021-10-16,3830.382080078125,3962.453125,3805.885986328125,3865.66650390625,16578095629,Ethereum
2021-10-17,3847.1044921875,3914.89794921875,3660.723388671875,3829.85888671875,15908090346,Ethereum
2021-10-18,3748.76025390625,3888.209228515625,3686.75048828125,3847.72998046875,17386204158,Ethereum
2021-10-19,3877.65087890625,3883.9287109375,3736.7802734375,3747.162841796875,15998757133,Ethereum
2021-10-20,4155.9921875,4167.47216796875,3833.2880859375,3877.73095703125,20338319988,Ethereum
2021-10-21,4054.32275390625,4366.08837890625,4032.48388671875,4161.71337890625,28220661820,Ethereum
2021-10-22,3970.181884765625,4162.9755859375,3908.34033203125,4055.6865234375,19432937968,Ethereum
2021-10-23,4171.66357421875,4171.66357421875,3944.6318359375,3971.3564453125,14781537792,Ethereum
2021-10-24,4087.903076171875,4185.7294921875,3967.120361328125,4171.85595703125,14978083638,Ethereum
2021-10-25,4217.876953125,4236.6669921875,4072.03466796875,4084.42578125,15995727040,Ethereum
2021-10-26,4131.10205078125,4289.13134765625,4106.82373046875,4217.337890625,17157714562,Ethereum
2021-10-27,3930.25732421875,4299.15283203125,3930.25732421875,4132.17333984375,26219530404,Ethereum
2021-10-28,4287.31884765625,4293.15087890625,3905.7060546875,3924.8154296875,25958154575,Ethereum
2021-10-29,4414.74658203125,4455.7353515625,4271.70751953125,4288.6865234375,22967641914,Ethereum
2021-10-30,4325.650390625,4426.8486328125,4252.494140625,4414.24365234375,14615490626,Ethereum
2021-10-31,4288.07421875,4394.44970703125,4179.01611328125,4322.744140625,17498160238,Ethereum
2021-11-01,4324.626953125,4377.322265625,4160.966796875,4288.21728515625,17985288261,Ethereum
2021-11-02,4584.798828125,4599.9482421875,4288.6865234375,4322.5009765625,20794448222,Ethereum
2021-11-03,4607.19384765625,4664.91015625,4462.97607421875,4589.6845703125,21220463155,Ethereum
2021-11-04,4537.32421875,4606.51611328125,4426.62255859375,4604.6787109375,18415244464,Ethereum
2021-11-05,4486.2431640625,4570.89599609375,4447.4873046875,4537.42333984375,15086003586,Ethereum
2021-11-06,4521.5810546875,4530.9970703125,4334.9736328125,4482.64794921875,14429076700,Ethereum
2021-11-07,4620.5546875,4640.921875,4510.984375,4523.98193359375,13541376033,Ethereum
2021-11-08,4812.08740234375,4822.36328125,4619.6494140625,4619.6494140625,19290896267,Ethereum
2021-11-09,4735.06884765625,4837.58935546875,4718.0390625,4810.0712890625,20834172627,Ethereum
2021-11-10,4636.17431640625,4859.5029296875,4485.09326171875,4733.36279296875,22748160545,Ethereum
2021-11-11,4730.38427734375,4778.05908203125,4580.990234375,4635.45361328125,17933201129,Ethereum
2021-11-12,4667.115234375,4808.73876953125,4510.92041015625,4724.306640625,18316060208,Ethereum
2021-11-13,4651.46044921875,4702.115234375,4582.1806640625,4666.71923828125,14457436261,Ethereum
2021-11-14,4626.35888671875,4689.8427734375,4516.935546875,4648.6328125,12172962219,Ethereum
2021-11-15,4557.50390625,4764.63623046875,4546.59912109375,4627.0908203125,16275851299,Ethereum
2021-11-16,4216.365234375,4891.70458984375,4144.3349609375,4570.47802734375,27417502801,Ethereum
2021-11-17,4287.59375,4300.306640625,4107.1259765625,4213.91064453125,22183461850,Ethereum
2021-11-18,4000.65087890625,4343.55712890625,3959.227783203125,4287.80224609375,21383250893,Ethereum
2021-11-19,4298.306640625,4311.7138671875,3982.91748046875,3995.7294921875,20626269711,Ethereum
2021-11-20,4409.93115234375,4434.38818359375,4209.24267578125,4298.3505859375,15448261277,Ethereum
2021-11-21,4269.73291015625,4422.49169921875,4255.455078125,4412.1953125,14094831413,Ethereum
2021-11-22,4088.457763671875,4302.02294921875,4033.572265625,4266.50927734375,19752218877,Ethereum
2021-11-23,4340.763671875,4385.4833984375,4069.7666015625,4089.680419921875,22133497059,Ethereum
2021-11-24,4239.9814453125,4376.8759765625,4176.18359375,4340.0361328125,21838037128,Ethereum
2021-11-25,4274.7431640625,4550.51806640625,4249.7744140625,4271.39453125,18705358318,Ethereum
2021-11-26,4030.908935546875,4550.84228515625,3933.506591796875,4522.208984375,26281795488,Ethereum
2021-11-27,4096.912109375,4187.68408203125,4033.513916015625,4042.9990234375,16515693874,Ethereum
2021-11-28,4294.45361328125,4297.91650390625,3989.969970703125,4101.64892578125,15953126340,Ethereum
2021-11-29,4445.10498046875,4460.8486328125,4284.5048828125,4296.94677734375,19086475837,Ethereum
2021-11-30,4631.47900390625,4753.26611328125,4358.07421875,4447.76806640625,28626354111,Ethereum
2021-12-01,4586.990234375,4780.732421875,4530.2724609375,4623.6796875,27634826695,Ethereum
2021-12-02,4511.30224609375,4628.919921875,4441.5078125,4586.3330078125,21502671027,Ethereum
2021-12-03,4220.7060546875,4647.2890625,4100.1455078125,4514.35595703125,25879591528,Ethereum
2021-12-04,4119.58740234375,4242.7255859375,3525.494140625,4227.76220703125,38478999182,Ethereum
2021-12-05,4198.32275390625,4246.92333984375,4040.217529296875,4119.62890625,25533062707,Ethereum
2021-12-06,4358.7373046875,4375.5205078125,3930.806640625,4199.0,28229518513,Ethereum
2021-12-07,4315.0615234375,4428.58935546875,4264.32373046875,4358.5869140625,22366213354,Ethereum
2021-12-08,4439.35791015625,4453.1123046875,4234.53759765625,4311.67431640625,18704315119,Ethereum
2021-12-09,4119.81591796875,4482.31396484375,4078.84423828125,4433.02490234375,22296131874,Ethereum
2021-12-10,3908.49609375,4227.11181640625,3897.767578125,4113.58837890625,28014595631,Ethereum
2021-12-11,4084.452392578125,4095.6484375,3846.054443359375,3909.667724609375,19131502454,Ethereum
2021-12-12,4134.453125,4173.60888671875,3993.055908203125,4084.811279296875,14057603914,Ethereum
2021-12-13,3784.226806640625,4145.955078125,3680.609130859375,4136.35986328125,23999841386,Ethereum
2021-12-14,3745.4404296875,3866.6337890625,3700.104736328125,3782.82275390625,23836759957,Ethereum
2021-12-15,4018.388671875,4086.372802734375,3664.719970703125,3862.25146484375,26411188833,Ethereum
2021-12-16,3962.4697265625,4110.36865234375,3956.05712890625,4020.4150390625,19825531254,Ethereum
2021-12-17,3879.486572265625,3992.79248046875,3711.424560546875,3959.012451171875,23143541098,Ethereum
2021-12-18,3960.860107421875,3993.829833984375,3774.614990234375,3880.29150390625,19530895889,Ethereum
2021-12-19,3922.592529296875,4018.658447265625,3894.398681640625,3960.872314453125,16167785597,Ethereum
2021-12-20,3933.844482421875,3980.0986328125,3759.4033203125,3923.69580078125,21589690675,Ethereum
2021-12-21,4020.260009765625,4058.8212890625,3918.837890625,3938.4638671875,16388555198,Ethereum
2021-12-22,3982.099609375,4073.79150390625,3947.690185546875,4018.69580078125,13921756199,Ethereum
2021-12-23,4108.015625,4149.02685546875,3897.234375,3981.961669921875,18007273742,Ethereum
2021-12-24,4047.98291015625,4134.1064453125,4029.064453125,4111.34521484375,12769090623,Ethereum
2021-12-25,4093.281005859375,4138.56494140625,4027.927001953125,4049.781982421875,10894785525,Ethereum
2021-12-26,4067.328125,4105.02392578125,4013.0263671875,4094.151611328125,11197244172,Ethereum
2021-12-27,4037.547607421875,4126.00146484375,4033.492431640625,4064.746337890625,11424360002,Ethereum
2021-12-28,3800.89306640625,4037.5380859375,3769.280029296875,4037.5380859375,17299472803,Ethereum
2021-12-29,3628.53173828125,3827.98193359375,3612.7958984375,3797.436279296875,15722555672,Ethereum
2021-12-30,3713.85205078125,3767.559814453125,3595.204833984375,3632.2197265625,12925377999,Ethereum
2021-12-31,3682.6328125,3807.288818359375,3636.869873046875,3713.43017578125,14157285268,Ethereum
2022-01-01,3769.697021484375,3769.91796875,3682.28662109375,3683.047119140625,9776191466,Ethereum
2022-01-02,3829.56494140625,3836.161865234375,3727.357421875,3769.29833984375,9881471548,Ethereum
2022-01-03,3761.38037109375,3836.19873046875,3698.047607421875,3829.53564453125,12080777893,Ethereum
2022-01-04,3794.056640625,3876.78515625,3723.349853515625,3761.361572265625,14030925983,Ethereum
2022-01-05,3550.386962890625,3842.059814453125,3456.745361328125,3794.26904296875,18061338502,Ethereum
2022-01-06,3418.408203125,3549.708984375,3335.376708984375,3549.708984375,24293791313,Ethereum
2022-01-07,3193.21044921875,3420.4619140625,3117.38134765625,3417.837890625,24494179209,Ethereum
2022-01-08,3091.97265625,3240.304443359375,3020.880859375,3193.50244140625,16037732700,Ethereum
2022-01-09,3157.75146484375,3206.790771484375,3075.911376953125,3091.6962890625,12334683863,Ethereum
2022-01-10,3083.097900390625,3177.21337890625,2947.68359375,3157.570556640625,19535744145,Ethereum
2022-01-11,3238.111572265625,3247.511962890625,3061.140625,3082.990966796875,15211447193,Ethereum
2022-01-12,3372.25830078125,3401.219970703125,3216.718017578125,3238.449951171875,16662871689,Ethereum
2022-01-13,3248.28857421875,3396.9697265625,3247.91748046875,3372.10498046875,15294466275,Ethereum
2022-01-14,3310.00146484375,3330.76611328125,3203.82373046875,3248.648681640625,13562957230,Ethereum
2022-01-15,3330.53076171875,3364.537841796875,3278.6708984375,3309.84423828125,9619999078,Ethereum
2022-01-16,3350.921875,3376.401123046875,3291.563720703125,3330.38720703125,9505934874,Ethereum
2022-01-17,3212.304931640625,3355.8193359375,3157.22412109375,3350.947265625,12344309617,Ethereum
2022-01-18,3164.025146484375,3236.01611328125,3096.12353515625,3212.28759765625,13024154091,Ethereum
2022-01-19,3095.825927734375,3171.158447265625,3055.21240234375,3163.850341796875,13187424144,Ethereum
2022-01-20,3001.1201171875,3265.3369140625,3000.908203125,3095.271728515625,10645922764,Ethereum
2022-01-21,2557.931640625,3029.0810546875,2496.81298828125,3002.956787109375,26796291874,Ethereum
2022-01-22,2405.18115234375,2615.247314453125,2330.247314453125,2561.145263671875,27369692036,Ethereum
2022-01-23,2535.0390625,2542.144775390625,2381.51513671875,2406.92431640625,16481489511,Ethereum
2022-01-24,2440.352294921875,2537.20849609375,2172.30126953125,2535.89111328125,28220804648,Ethereum
2022-01-25,2455.93505859375,2498.507080078125,2359.384765625,2440.3935546875,16179776932,Ethereum
2022-01-26,2468.0302734375,2705.7841796875,2417.68310546875,2455.5791015625,21229909340,Ethereum
2022-01-27,2423.001220703125,2510.45166015625,2328.4521484375,2467.1884765625,16126522783,Ethereum
2022-01-28,2547.092041015625,2548.778564453125,2367.833740234375,2421.64697265625,14666227351,Ethereum
2022-01-29,2597.084716796875,2627.609375,2526.98974609375,2546.590576171875,11172062661,Ethereum
2022-01-30,2603.466552734375,2631.408447265625,2550.4609375,2598.56494140625,9501221177,Ethereum
2022-01-31,2688.27880859375,2697.7353515625,2489.072265625,2603.263427734375,13778234614,Ethereum
2022-02-01,2792.1171875,2802.3154296875,2682.621826171875,2687.89892578125,13194846235,Ethereum
2022-02-02,2682.85400390625,2802.212158203125,2630.120361328125,2791.958984375,13876301217,Ethereum
2022-02-03,2679.16259765625,2712.482666015625,2587.783447265625,2682.22607421875,12755505065,Ethereum
2022-02-04,2983.5869140625,2983.5869140625,2675.44384765625,2681.0576171875,18987223729,Ethereum
2022-02-05,3014.648193359375,3054.130126953125,2966.781005859375,2984.446044921875,13102093957,Ethereum
2022-02-06,3057.47607421875,3061.26123046875,2965.429931640625,3014.959716796875,9466018022,Ethereum
2022-02-07,3142.470703125,3182.5283203125,3002.927001953125,3057.422119140625,15197063785,Ethereum
2022-02-08,3122.608642578125,3219.47265625,3038.3779296875,3143.008544921875,17136080906,Ethereum
2022-02-09,3239.45703125,3263.15576171875,3063.16015625,3121.1826171875,13951308490,Ethereum
2022-02-10,3077.482177734375,3271.316162109375,3070.378173828125,3240.113037109375,18629485080,Ethereum
2022-02-11,2927.383544921875,3127.45068359375,2888.707763671875,3077.4130859375,16043881065,Ethereum
2022-02-12,2917.36279296875,2980.079345703125,2870.177001953125,2927.386474609375,11254355757,Ethereum
2022-02-13,2883.46337890625,2947.776611328125,2845.397705078125,2916.78955078125,9054963563,Ethereum
2022-02-14,2933.47900390625,2957.963623046875,2840.257568359375,2880.187744140625,12164552172,Ethereum
2022-02-15,3179.877197265625,3185.520751953125,2917.857177734375,2933.72900390625,13921257873,Ethereum
2022-02-16,3127.830078125,3181.616943359375,3055.168212890625,3180.44677734375,12352406833,Ethereum
2022-02-17,2881.48193359375,3154.615234375,2861.85205078125,3126.8583984375,15860206214,Ethereum
2022-02-18,2785.7275390625,2937.30859375,2761.643310546875,2884.340576171875,15748173433,Ethereum
2022-02-19,2763.701171875,2826.347900390625,2707.37841796875,2784.872802734375,9774183169,Ethereum
2022-02-20,2628.6484375,2763.756591796875,2585.9462890625,2763.756591796875,11641437834,Ethereum
2022-02-21,2573.816162109375,2752.45849609375,2568.25439453125,2627.66552734375,18646392740,Ethereum
2022-02-22,2639.29931640625,2648.916748046875,2510.6787109375,2572.898681640625,16360200507,Ethereum
2022-02-23,2590.359619140625,2741.368408203125,2587.412841796875,2639.447021484375,13382637240,Ethereum
2022-02-24,2598.067138671875,2689.047607421875,2308.914794921875,2588.166259765625,29312342666,Ethereum
2022-02-25,2764.53564453125,2821.972412109375,2579.2080078125,2598.436279296875,17208902048,Ethereum
2022-02-26,2781.11181640625,2849.424072265625,2745.009033203125,2764.989501953125,11724648351,Ethereum
2022-02-27,2621.8017578125,2831.12548828125,2581.61572265625,2780.50439453125,16150857254,Ethereum
2022-02-28,2919.201171875,2929.180419921875,2586.38818359375,2621.172119140625,19266124733,Ethereum
2022-03-01,2972.485107421875,3029.651611328125,2868.93896484375,2919.77587890625,18757425786,Ethereum
2022-03-02,2950.118408203125,3026.8681640625,2919.943115234375,2972.471923828125,16636517503,Ethereum
2022-03-03,2834.468994140625,2964.67333984375,2797.3193359375,2950.15673828125,13091199728,Ethereum
2022-03-04,2617.156005859375,2835.17626953125,2587.748291015625,2834.9873046875,14496939024,Ethereum
2022-03-05,2664.8310546875,2679.1025390625,2596.989990234375,2618.4736328125,8072368396,Ethereum
2022-03-06,2555.037353515625,2673.63720703125,2555.037353515625,2664.943603515625,8872976607,Ethereum
2022-03-07,2497.771240234375,2639.943115234375,2455.59375,2555.297607421875,14594098731,Ethereum
2022-03-08,2576.74755859375,2618.166015625,2489.755126953125,2497.721435546875,13922922903,Ethereum
2022-03-09,2729.783447265625,2761.79638671875,2573.6552734375,2577.165283203125,14173665398,Ethereum
2022-03-10,2608.048583984375,2729.116455078125,2566.193115234375,2729.116455078125,13292477213,Ethereum
2022-03-11,2559.56298828125,2664.55859375,2534.688232421875,2608.271240234375,12382419582,Ethereum
2022-03-12,2574.754150390625,2606.438720703125,2559.126953125,2559.66064453125,6532996574,Ethereum
2022-03-13,2518.944580078125,2594.5498046875,2503.88525390625,2573.488037109375,8632000379,Ethereum
2022-03-14,2590.696044921875,2604.034423828125,2505.29931640625,2518.486328125,11244398839,Ethereum
2022-03-15,2620.149658203125,2662.32958984375,2515.765869140625,2590.6689453125,12861105614,Ethereum
2022-03-16,2772.0556640625,2781.30712890625,2610.764404296875,2620.028564453125,17915109769,Ethereum
2022-03-17,2814.8544921875,2826.16064453125,2751.560791015625,2771.964111328125,12685265194,Ethereum
2022-03-18,2945.343017578125,2973.6162109375,2774.855712890625,2814.4345703125,15830879093,Ethereum
2022-03-19,2946.257080078125,2979.987060546875,2910.80224609375,2944.7216796875,11576463120,Ethereum
2022-03-20,2860.459228515625,2956.965576171875,2826.107421875,2946.547607421875,12684727326,Ethereum
2022-03-21,2897.9765625,2954.556640625,2838.25048828125,2860.103271484375,15206116098,Ethereum
2022-03-22,2973.131103515625,3040.3828125,2892.54443359375,2897.774169921875,16830539230,Ethereum
2022-03-23,3031.067138671875,3036.752197265625,2933.306640625,2973.14501953125,16008767658,Ethereum
2022-03-24,3108.06201171875,3118.3876953125,3012.32666015625,3031.060791015625,18070503166,Ethereum
2022-03-25,3106.67138671875,3183.9580078125,3087.49072265625,3108.448974609375,17030503831,Ethereum
2022-03-26,3143.178955078125,3146.825439453125,3091.825439453125,3106.4052734375,8876420740,Ethereum
2022-03-27,3291.57763671875,3291.57763671875,3129.997802734375,3143.795654296875,13431866834,Ethereum
2022-03-28,3336.634521484375,3424.019287109375,3279.027099609375,3292.322509765625,20620450770,Ethereum
2022-03-29,3401.98779296875,3470.186279296875,3335.021240234375,3335.021240234375,19533323636,Ethereum
2022-03-30,3385.157958984375,3435.2861328125,3349.237060546875,3401.526123046875,15302506131,Ethereum
2022-03-31,3281.642822265625,3435.12841796875,3272.9345703125,3385.289306640625,17685495686,Ethereum
2022-04-01,3449.55224609375,3467.555908203125,3223.891357421875,3282.576171875,20982988937,Ethereum
2022-04-02,3445.059326171875,3521.28466796875,3442.000244140625,3449.78857421875,23571556215,Ethereum
2022-04-03,3522.83349609375,3573.960205078125,3421.259765625,3444.810546875,15333808649,Ethereum
2022-04-04,3521.2412109375,3535.148193359375,3422.0009765625,3522.364990234375,18209969743,Ethereum
2022-04-05,3411.79248046875,3546.706787109375,3410.547607421875,3521.23974609375,16681503199,Ethereum
2022-04-06,3171.69189453125,3411.672119140625,3171.205078125,3411.672119140625,25632563639,Ethereum
2022-04-07,3233.274658203125,3263.474609375,3155.5810546875,3172.197265625,16745496605,Ethereum
2022-04-08,3192.073974609375,3301.607421875,3179.142333984375,3233.2724609375,17557050669,Ethereum
2022-04-09,3261.916259765625,3261.963134765625,3187.46923828125,3191.97607421875,9908112156,Ethereum
2022-04-10,3211.866943359375,3303.003173828125,3211.866943359375,3261.29150390625,10427054790,Ethereum
2022-04-11,2981.05224609375,3214.4619140625,2962.756591796875,3209.576904296875,21891804831,Ethereum
2022-04-12,3030.37646484375,3077.45263671875,2957.872314453125,2981.420654296875,20235707410,Ethereum
2022-04-13,3118.34423828125,3123.575439453125,3006.481689453125,3029.8779296875,16088473629,Ethereum
2022-04-14,3019.909423828125,3139.9287109375,2988.435302734375,3117.82177734375,15821419931,Ethereum
2022-04-15,3040.91650390625,3044.287353515625,3001.123291015625,3020.134521484375,11256651536,Ethereum
2022-04-16,3062.310302734375,3074.886962890625,3016.421142578125,3041.123291015625,8766710365,Ethereum
2022-04-17,2993.4033203125,3075.77587890625,2989.0439453125,3061.8818359375,10463091281,Ethereum
2022-04-18,3057.606689453125,3062.52099609375,2893.912841796875,2993.48388671875,18629381299,Ethereum
2022-04-19,3104.1064453125,3125.084228515625,3035.53515625,3057.5703125,14156035096,Ethereum
2022-04-20,3077.745849609375,3157.8857421875,3045.288330078125,3103.93505859375,15547362265,Ethereum
2022-04-21,2987.480712890625,3173.451416015625,2962.410400390625,3077.829345703125,20783591093,Ethereum
2022-04-22,2964.835693359375,3024.8544921875,2942.358642578125,2986.938720703125,16782795477,Ethereum
2022-04-23,2938.114013671875,2975.32275390625,2926.740234375,2964.80224609375,9116955609,Ethereum
2022-04-24,2922.732666015625,2961.882080078125,2922.128662109375,2937.34716796875,9696829579,Ethereum
2022-04-25,3009.3935546875,3018.41552734375,2804.507080078125,2922.990234375,22332690614,Ethereum
2022-04-26,2808.29833984375,3026.4150390625,2786.253173828125,3008.9462890625,19052045399,Ethereum
2022-04-27,2888.9296875,2911.87744140625,2802.2734375,2808.64599609375,17419284041,Ethereum
2022-04-28,2936.94091796875,2973.135009765625,2861.821533203125,2888.849853515625,18443524633,Ethereum
2022-04-29,2815.601806640625,2943.44580078125,2782.435302734375,2936.776611328125,18771041399,Ethereum
2022-04-30,2730.186767578125,2836.82763671875,2727.40625,2815.533447265625,13520941867,Ethereum
2022-05-01,2827.756103515625,2838.704345703125,2728.078857421875,2729.994140625,15332730152,Ethereum
2022-05-02,2857.410400390625,2874.14599609375,2785.52294921875,2827.614013671875,18609741545,Ethereum
2022-05-03,2783.476318359375,2859.193359375,2762.11865234375,2857.15234375,13026093219,Ethereum
2022-05-04,2940.644775390625,2956.686767578125,2779.273681640625,2783.131103515625,18186749944,Ethereum
2022-05-05,2749.213134765625,2948.960693359375,2704.916259765625,2940.2265625,22642925048,Ethereum
2022-05-06,2694.979736328125,2754.837646484375,2645.335205078125,2748.931640625,21027599270,Ethereum
2022-05-07,2636.093017578125,2696.65283203125,2599.5234375,2694.991943359375,13369276367,Ethereum
2022-05-08,2517.4599609375,2638.83056640625,2498.43017578125,2636.121826171875,20802269935,Ethereum
2022-05-09,2245.430419921875,2528.258056640625,2238.062744140625,2518.50830078125,36333567678,Ethereum
2022-05-10,2343.510986328125,2450.76025390625,2206.7568359375,2242.650390625,38202099639,Ethereum
2022-05-11,2072.108642578125,2441.079345703125,2018.8555908203125,2342.754150390625,45743399154,Ethereum
2022-05-12,1961.7015380859375,2170.4580078125,1748.3031005859375,2072.504638671875,42463486402,Ethereum
2022-05-13,2014.418212890625,2139.71337890625,1941.9759521484375,1960.12255859375,24816096567,Ethereum
2022-05-14,2056.27392578125,2063.429931640625,1956.572998046875,2014.2806396484375,15457044616,Ethereum
2022-05-15,2145.706787109375,2147.1943359375,2008.1627197265625,2056.18310546875,14846088335,Ethereum
2022-05-16,2022.7259521484375,2145.8369140625,1988.811767578125,2145.8369140625,21459552191,Ethereum
2022-05-17,2090.4091796875,2113.059814453125,2015.9715576171875,2022.88232421875,18509929297,Ethereum
2022-05-18,1916.6561279296875,2102.32666015625,1916.6561279296875,2090.4599609375,17740965589,Ethereum
2022-05-19,2018.336181640625,2028.38818359375,1907.0205078125,1916.1495361328125,18734247914,Ethereum
2022-05-20,1961.315673828125,2054.7958984375,1926.6767578125,2018.0001220703125,15892482289,Ethereum
2022-05-21,1974.518310546875,1985.39599609375,1944.26513671875,1961.0179443359375,8546822406,Ethereum
2022-05-22,2043.170166015625,2047.19140625,1966.038818359375,1974.670654296875,10941123403,Ethereum
2022-05-23,1972.181884765625,2080.33349609375,1964.3865966796875,2042.3447265625,16434529708,Ethereum
2022-05-24,1978.9827880859375,1991.5355224609375,1920.6881103515625,1972.390869140625,13057109007,Ethereum
2022-05-25,1944.827880859375,2014.3695068359375,1943.9385986328125,1978.677001953125,13364545730,Ethereum
2022-05-26,1803.913330078125,1962.171142578125,1759.1995849609375,1945.0333251953125,23458681818,Ethereum
2022-05-27,1724.9228515625,1814.656494140625,1721.2647705078125,1802.5438232421875,25470760032,Ethereum
2022-05-28,1757.9417724609375,1757.9417724609375,1724.635986328125,1724.635986328125,23214777872,Ethereum
2022-05-29,1812.031005859375,1818.776611328125,1765.9373779296875,1792.1844482421875,10642556101,Ethereum
2022-05-30,1996.4412841796875,2005.2108154296875,1804.4560546875,1811.885986328125,19580808705,Ethereum
2022-05-31,1942.3280029296875,2005.490966796875,1932.35205078125,1996.4080810546875,18363115560,Ethereum
2022-06-01,1823.5693359375,1965.1666259765625,1776.05322265625,1942.0506591796875,21037797760,Ethereum
2022-06-02,1834.1505126953125,1845.31396484375,1789.6641845703125,1822.412109375,17065041354,Ethereum
2022-06-03,1775.07861328125,1840.058837890625,1746.509765625,1834.135009765625,14878001811,Ethereum
2022-06-04,1801.6094970703125,1810.2996826171875,1751.5333251953125,1775.2208251953125,8677951273,Ethereum
2022-06-05,1805.2049560546875,1825.859619140625,1777.13330078125,1801.8189697265625,8850385937,Ethereum
2022-06-06,1859.2896728515625,1915.030517578125,1804.990234375,1805.635986328125,16518471852,Ethereum
2022-06-07,1814.04833984375,1862.9149169921875,1729.41357421875,1859.333740234375,24020076750,Ethereum
2022-06-08,1793.572265625,1830.676025390625,1770.231201171875,1814.1007080078125,18041476023,Ethereum
2022-06-09,1789.8260498046875,1827.2930908203125,1779.8675537109375,1793.5128173828125,12013083393,Ethereum
2022-06-10,1665.042236328125,1797.6077880859375,1663.4339599609375,1789.68994140625,18504740451,Ethereum
2022-06-11,1529.6634521484375,1679.314208984375,1507.0389404296875,1665.2178955078125,21127089064,Ethereum
2022-06-12,1445.216552734375,1539.705078125,1436.1839599609375,1530.189697265625,23465074882,Ethereum
2022-06-13,1204.582763671875,1448.738037109375,1181.9482421875,1443.83544921875,45162788786,Ethereum
2022-06-14,1211.662841796875,1252.4718017578125,1094.701904296875,1204.5552978515625,33327826525,Ethereum
2022-06-15,1233.2064208984375,1236.6275634765625,1025.6842041015625,1211.365966796875,37539999450,Ethereum
2022-06-16,1067.730712890625,1246.140625,1058.7845458984375,1233.603515625,18907671369,Ethereum
2022-06-17,1086.519287109375,1112.4715576171875,1060.86767578125,1067.9876708984375,14591486540,Ethereum
2022-06-18,993.6367797851562,1095.1668701171875,896.1090087890625,1086.3779296875,21655406608,Ethereum
2022-06-19,1127.656494140625,1142.3408203125,943.1163330078125,993.400634765625,21795481981,Ethereum
2022-06-20,1127.6424560546875,1159.9853515625,1066.1131591796875,1127.65625,19739691429,Ethereum
2022-06-21,1124.8245849609375,1185.4324951171875,1112.5726318359375,1127.5118408203125,15632089439,Ethereum
2022-06-22,1051.421875,1126.26171875,1049.7633056640625,1125.3729248046875,15010593493,Ethereum
2022-06-23,1143.38671875,1146.4942626953125,1050.2196044921875,1051.329345703125,14657862919,Ethereum
2022-06-24,1226.8447265625,1238.616943359375,1134.5140380859375,1143.2047119140625,16981552654,Ethereum
2022-06-25,1243.4468994140625,1246.394287109375,1184.56201171875,1226.7247314453125,12481946184,Ethereum
2022-06-26,1199.8316650390625,1272.1312255859375,1199.4063720703125,1242.987548828125,12096607824,Ethereum
2022-06-27,1193.6806640625,1234.1807861328125,1179.79248046875,1199.713134765625,12492225250,Ethereum
2022-06-28,1144.5792236328125,1229.739013671875,1141.15966796875,1193.2540283203125,14023205651,Ethereum
2022-06-29,1098.94384765625,1152.684814453125,1092.09912109375,1144.5244140625,15386286815,Ethereum
2022-06-30,1067.298828125,1103.6904296875,1009.0948486328125,1099.3531494140625,16350755497,Ethereum
2022-07-01,1059.767333984375,1100.223876953125,1040.1507568359375,1068.3167724609375,17499453625,Ethereum
2022-07-02,1066.5128173828125,1073.0526123046875,1033.962158203125,1060.1212158203125,9935603640,Ethereum
2022-07-03,1073.7669677734375,1083.4189453125,1044.005615234375,1066.4674072265625,8557248150,Ethereum
2022-07-04,1151.05908203125,1152.94384765625,1048.3963623046875,1073.7943115234375,13670889311,Ethereum
2022-07-05,1134.541015625,1165.6827392578125,1086.8299560546875,1150.509765625,16195518291,Ethereum
2022-07-06,1186.9739990234375,1193.63671875,1116.24755859375,1134.822265625,15373536703,Ethereum
2022-07-07,1237.5933837890625,1246.8948974609375,1165.6231689453125,1186.9609375,14230795894,Ethereum
2022-07-08,1222.5062255859375,1262.8857421875,1200.6322021484375,1237.580322265625,16315929082,Ethereum
2022-07-09,1216.978271484375,1228.7679443359375,1209.3775634765625,1222.306884765625,8821353104,Ethereum
2022-07-10,1168.401611328125,1216.9044189453125,1157.175537109375,1216.9044189453125,10984558039,Ethereum
2022-07-11,1097.236572265625,1169.19384765625,1095.0028076171875,1168.1390380859375,12064180410,Ethereum
2022-07-12,1038.191650390625,1097.2591552734375,1038.1356201171875,1097.2591552734375,12583282453,Ethereum
2022-07-13,1113.587158203125,1113.587158203125,1019.2203369140625,1038.1866455078125,18302588147,Ethereum
2022-07-14,1191.5262451171875,1202.953369140625,1077.40576171875,1113.5157470703125,16688640823,Ethereum
2022-07-15,1233.129150390625,1275.7781982421875,1182.9031982421875,1191.6748046875,17411448225,Ethereum
2022-07-16,1352.62646484375,1377.944580078125,1195.60595703125,1232.7916259765625,18364013796,Ethereum
2022-07-17,1338.6357421875,1378.41748046875,1329.7633056640625,1353.205078125,16079711737,Ethereum
2022-07-18,1578.7178955078125,1578.7178955078125,1338.8060302734375,1338.8060302734375,27440420623,Ethereum
2022-07-19,1542.9752197265625,1607.0330810546875,1501.7974853515625,1578.3839111328125,27753529276,Ethereum
2022-07-20,1520.20068359375,1612.645751953125,1500.80322265625,1542.954345703125,22942708340,Ethereum
2022-07-21,1576.74951171875,1595.761962890625,1472.1854248046875,1520.37451171875,20009556587,Ethereum
2022-07-22,1537.4051513671875,1641.209228515625,1523.6417236328125,1576.745361328125,18926100582,Ethereum
2022-07-23,1549.2974853515625,1591.632568359375,1495.6781005859375,1536.4573974609375,14998811383,Ethereum
2022-07-24,1599.4766845703125,1654.4287109375,1548.671142578125,1549.2225341796875,17217849557,Ethereum
2022-07-25,1445.3834228515625,1605.3369140625,1445.3834228515625,1599.1572265625,20585056021,Ethereum
2022-07-26,1441.8067626953125,1445.151123046875,1362.95166015625,1445.151123046875,18238563509,Ethereum
2022-07-27,1636.232666015625,1636.7994384765625,1423.618896484375,1443.726806640625,23007524016,Ethereum
2022-07-28,1725.4681396484375,1774.576416015625,1604.8909912109375,1636.23193359375,27231399966,Ethereum
2022-07-29,1727.406982421875,1759.884033203125,1662.7911376953125,1725.6239013671875,23249531113,Ethereum
2022-07-30,1695.969482421875,1738.016845703125,1678.1080322265625,1727.0618896484375,15576977870,Ethereum
2022-07-31,1681.517333984375,1745.8831787109375,1672.61279296875,1695.884765625,14200735370,Ethereum
2022-08-01,1635.19580078125,1700.1708984375,1613.416015625,1681.445556640625,16191371176,Ethereum
2022-08-02,1632.9454345703125,1672.6297607421875,1567.85107421875,1634.6458740234375,20426082309,Ethereum
2022-08-03,1618.87451171875,1678.0982666015625,1595.634521484375,1633.05126953125,16786218830,Ethereum
2022-08-04,1608.205810546875,1658.5115966796875,1585.3265380859375,1618.88671875,14467440626,Ethereum
2022-08-05,1732.254638671875,1732.254638671875,1606.4970703125,1607.52392578125,18546491876,Ethereum
2022-08-06,1691.6580810546875,1744.326416015625,1691.6580810546875,1732.6611328125,11757911705,Ethereum
2022-08-07,1699.350830078125,1724.7891845703125,1672.908447265625,1691.7779541015625,10252090340,Ethereum
2022-08-08,1775.51611328125,1806.886474609375,1697.407958984375,1699.6934814453125,16841424404,Ethereum
2022-08-09,1703.0250244140625,1786.12255859375,1675.849853515625,1776.0712890625,16368619692,Ethereum
2022-08-10,1851.74267578125,1869.400634765625,1665.0904541015625,1702.906494140625,23512477984,Ethereum
2022-08-11,1881.22412109375,1927.939208984375,1851.828369140625,1851.828369140625,23826986482,Ethereum
2022-08-12,1957.2464599609375,1957.552978515625,1860.08349609375,1880.899169921875,17168141904,Ethereum
2022-08-13,1981.3365478515625,2013.7557373046875,1948.59521484375,1957.333984375,16038975216,Ethereum
2022-08-14,1936.802001953125,2022.79150390625,1919.0101318359375,1981.782470703125,14062754456,Ethereum
2022-08-15,1904.2281494140625,2007.2103271484375,1881.8568115234375,1936.760498046875,20349931313,Ethereum
2022-08-16,1878.139404296875,1910.745361328125,1862.2734375,1902.8331298828125,15637578930,Ethereum
2022-08-17,1832.9996337890625,1951.6756591796875,1823.5322265625,1877.934326171875,20308508124,Ethereum
2022-08-18,1847.0078125,1876.376953125,1826.957763671875,1833.715576171875,14999352229,Ethereum
2022-08-19,1612.9873046875,1847.0953369140625,1611.3388671875,1847.0953369140625,25906358731,Ethereum
2022-08-20,1577.0037841796875,1652.21875,1534.298828125,1612.650634765625,18334580263,Ethereum
2022-08-21,1619.3189697265625,1640.9365234375,1569.0465087890625,1576.5435791015625,15849221752,Ethereum
2022-08-22,1622.505859375,1622.77880859375,1535.0147705078125,1619.1668701171875,18557078599,Ethereum
2022-08-23,1662.7698974609375,1666.676513671875,1569.4285888671875,1622.9393310546875,18322041914,Ethereum
2022-08-24,1657.0592041015625,1686.5577392578125,1610.0992431640625,1662.6954345703125,16780932907,Ethereum
2022-08-25,1696.45703125,1718.1832275390625,1656.8560791015625,1657.3365478515625,14818795695,Ethereum
2022-08-26,1507.7828369140625,1698.56103515625,1498.771240234375,1696.3245849609375,26713710143,Ethereum
2022-08-27,1491.39501953125,1517.1500244140625,1454.282958984375,1508.156982421875,18120831899,Ethereum
2022-08-28,1430.54736328125,1505.7919921875,1430.54736328125,1491.206787109375,12823572918,Ethereum
2022-08-29,1553.037353515625,1556.3095703125,1427.7283935546875,1430.439453125,17965837488,Ethereum
2022-08-30,1523.8388671875,1600.461181640625,1480.831787109375,1553.18896484375,21835784470,Ethereum
2022-08-31,1553.6849365234375,1612.35888671875,1524.2864990234375,1524.2864990234375,20591680941,Ethereum
2022-09-01,1586.1767578125,1593.082763671875,1520.1883544921875,1553.75634765625,16434276817,Ethereum
2022-09-02,1577.220458984375,1643.1832275390625,1551.8779296875,1586.0179443359375,17708478709,Ethereum
2022-09-03,1556.8726806640625,1579.454345703125,1541.672119140625,1577.2137451171875,9516825994,Ethereum
2022-09-04,1577.6416015625,1578.00927734375,1543.6988525390625,1556.8958740234375,8884144998,Ethereum
2022-09-05,1617.1832275390625,1621.661376953125,1559.7818603515625,1577.884033203125,13060541168,Ethereum
2022-09-06,1561.74853515625,1680.5953369140625,1561.74853515625,1617.240234375,22946059125,Ethereum
2022-09-07,1629.9063720703125,1651.0511474609375,1500.013671875,1560.90673828125,19560363854,Ethereum
2022-09-08,1635.34765625,1655.0640869140625,1603.0638427734375,1629.80517578125,17621046717,Ethereum
2022-09-09,1719.08544921875,1735.809814453125,1632.8365478515625,1635.187744140625,20242323690,Ethereum
2022-09-10,1776.2037353515625,1784.497802734375,1710.2969970703125,1718.9613037109375,13130928217,Ethereum
2022-09-11,1761.800048828125,1782.7298583984375,1730.164794921875,1775.97607421875,12464301922,Ethereum
2022-09-12,1713.7652587890625,1778.1634521484375,1698.29345703125,1762.0848388671875,17688391310,Ethereum
2022-09-13,1580.7879638671875,1745.779052734375,1564.0318603515625,1713.9625244140625,23066821734,Ethereum
2022-09-14,1634.7550048828125,1642.1572265625,1564.0318603515625,1574.858154296875,17897150206,Ethereum
2022-09-15,1471.6934814453125,1648.9456787109375,1466.139404296875,1635.0830078125,26946275878,Ethereum
2022-09-16,1432.44775390625,1480.564208984375,1415.581298828125,1471.9283447265625,16764804299,Ethereum
2022-09-17,1469.74169921875,1473.0604248046875,1415.0423583984375,1432.87646484375,10798098671,Ethereum
2022-09-18,1335.3291015625,1469.7054443359375,1331.4947509765625,1469.7054443359375,15762284723,Ethereum
2022-09-19,1377.5413818359375,1388.272216796875,1287.4208984375,1335.270751953125,18712714223,Ethereum
2022-09-20,1324.38818359375,1381.9656982421875,1319.201416015625,1377.6190185546875,14722317220,Ethereum
2022-09-21,1252.6077880859375,1384.4769287109375,1229.4267578125,1324.215576171875,20643507800,Ethereum
2022-09-22,1327.68017578125,1336.1578369140625,1240.96826171875,1251.5673828125,18461527259,Ethereum
2022-09-23,1328.259521484375,1353.288330078125,1270.1983642578125,1327.481201171875,18771106339,Ethereum
2022-09-24,1317.9932861328125,1346.2552490234375,1312.6402587890625,1328.24462890625,12098209717,Ethereum
2022-09-25,1294.216796875,1333.371337890625,1275.627685546875,1317.9384765625,11802651633,Ethereum
2022-09-26,1335.3201904296875,1335.5263671875,1282.04931640625,1294.3861083984375,16034549271,Ethereum
2022-09-27,1330.127685546875,1396.8914794921875,1308.991455078125,1335.3370361328125,17870598937,Ethereum
2022-09-28,1337.410888671875,1351.9644775390625,1267.8692626953125,1329.5413818359375,18994979566,Ethereum
2022-09-29,1335.65234375,1348.107666015625,1293.193359375,1337.554443359375,13796915736,Ethereum
2022-09-30,1327.9786376953125,1368.743408203125,1320.3831787109375,1335.646484375,14250100093,Ethereum
2022-10-01,1311.6444091796875,1332.5164794921875,1306.1025390625,1328.1937255859375,6227961237,Ethereum
2022-10-02,1276.093505859375,1316.330078125,1275.3360595703125,1311.75341796875,7578351650,Ethereum
2022-10-03,1323.439208984375,1326.554443359375,1271.15087890625,1276.1634521484375,10153070907,Ethereum
2022-10-04,1362.1265869140625,1364.970947265625,1320.07666015625,1323.2783203125,10139774963,Ethereum
2022-10-05,1352.837158203125,1362.4517822265625,1320.8551025390625,1361.972900390625,9774451820,Ethereum
2022-10-06,1351.70947265625,1380.4049072265625,1349.449951171875,1352.806640625,12033514861,Ethereum
2022-10-07,1332.5169677734375,1359.328125,1321.74609375,1351.83642578125,10061619355,Ethereum
2022-10-08,1315.50048828125,1335.954833984375,1307.072998046875,1332.371337890625,5804676208,Ethereum
2022-10-09,1322.604248046875,1327.6688232421875,1309.3446044921875,1315.460205078125,5486230123,Ethereum
2022-10-10,1291.337646484375,1335.6627197265625,1291.337646484375,1322.61865234375,8794491050,Ethereum
2022-10-11,1279.57568359375,1296.27392578125,1272.7376708984375,1291.109619140625,9274845260,Ethereum
2022-10-12,1294.9063720703125,1303.0751953125,1277.5274658203125,1279.7322998046875,8355638578,Ethereum
2022-10-13,1288.1239013671875,1297.564208984375,1209.2781982421875,1294.9173583984375,17499038202,Ethereum
2022-10-14,1297.422119140625,1339.7447509765625,1285.3782958984375,1288.0487060546875,13113767755,Ethereum
2022-10-15,1274.8717041015625,1300.7459716796875,1268.468505859375,1297.305908203125,6798512624,Ethereum
2022-10-16,1306.296630859375,1312.634521484375,1275.0054931640625,1275.0054931640625,7491625206,Ethereum
2022-10-17,1331.713623046875,1335.6478271484375,1297.447265625,1306.3095703125,9401189650,Ethereum
2022-10-18,1310.447021484375,1339.0859375,1291.66064453125,1331.669921875,10416747806,Ethereum
2022-10-19,1285.7442626953125,1312.4423828125,1283.96533203125,1310.5631103515625,8350692785,Ethereum
2022-10-20,1283.200927734375,1307.8551025390625,1275.323974609375,1285.6602783203125,9009111996,Ethereum
2022-10-21,1299.9464111328125,1305.081298828125,1260.666748046875,1283.1881103515625,10412565245,Ethereum
2022-10-22,1314.2991943359375,1317.10107421875,1295.9468994140625,1299.90234375,7175324564,Ethereum
2022-10-23,1363.447021484375,1367.7607421875,1302.9088134765625,1314.24951171875,9909510925,Ethereum
2022-10-24,1344.99853515625,1368.425537109375,1327.85400390625,1363.4918212890625,13092820173,Ethereum
2022-10-25,1461.6654052734375,1509.9854736328125,1336.9788818359375,1344.7113037109375,25367291294,Ethereum
2022-10-26,1566.566650390625,1584.63671875,1460.4287109375,1461.1331787109375,32705548427,Ethereum
2022-10-27,1514.3748779296875,1574.4034423828125,1510.8167724609375,1566.8414306640625,22813499245,Ethereum
2022-10-28,1555.4779052734375,1568.6339111328125,1493.87109375,1514.3231201171875,19974623205,Ethereum
2022-10-29,1619.698486328125,1652.3822021484375,1549.983642578125,1555.274658203125,21618154775,Ethereum
2022-10-30,1590.7833251953125,1637.037841796875,1579.4852294921875,1619.6978759765625,13930073427,Ethereum
2022-10-31,1572.7144775390625,1630.452880859375,1555.9189453125,1590.4813232421875,19306919714,Ethereum
2022-11-01,1579.70458984375,1606.605712890625,1568.0985107421875,1572.6453857421875,14507311208,Ethereum
2022-11-02,1519.7117919921875,1613.41064453125,1507.2447509765625,1579.4979248046875,23254218281,Ethereum
2022-11-03,1531.541748046875,1556.7596435546875,1517.1016845703125,1519.724853515625,14248351007,Ethereum
2022-11-04,1645.0933837890625,1661.334716796875,1529.2684326171875,1531.3975830078125,20806964347,Ethereum
2022-11-05,1627.968017578125,1660.4864501953125,1625.9642333984375,1645.156494140625,11006973190,Ethereum
2022-11-06,1572.2347412109375,1634.1324462890625,1572.2347412109375,1627.901123046875,11632744705,Ethereum
2022-11-07,1568.59130859375,1604.475341796875,1550.41552734375,1572.0169677734375,15279963349,Ethereum
2022-11-08,1332.8355712890625,1574.7998046875,1259.443115234375,1568.32958984375,42048003440,Ethereum
2022-11-09,1100.1697998046875,1335.7435302734375,1083.28564453125,1333.1224365234375,38864492427,Ethereum
2022-11-10,1299.464599609375,1341.7911376953125,1093.12255859375,1100.107177734375,28581002122,Ethereum
2022-11-11,1287.2210693359375,1302.2952880859375,1211.32958984375,1298.8824462890625,20920539099,Ethereum
2022-11-12,1255.268310546875,1288.15087890625,1242.1522216796875,1287.4383544921875,10964962767,Ethereum
2022-11-13,1221.8192138671875,1271.7125244140625,1208.52099609375,1255.4412841796875,10717455214,Ethereum
2022-11-14,1241.604248046875,1284.2176513671875,1178.4290771484375,1221.8955078125,15028035663,Ethereum
2022-11-15,1251.7362060546875,1283.19873046875,1238.688232421875,1241.677734375,11798011594,Ethereum
2022-11-16,1215.6025390625,1264.486328125,1192.98779296875,1251.808837890625,11939561598,Ethereum
2022-11-17,1200.80859375,1224.9656982421875,1189.1527099609375,1215.8486328125,9723646871,Ethereum
2022-11-18,1212.30029296875,1226.7374267578125,1200.8021240234375,1200.8021240234375,7979913378,Ethereum
2022-11-19,1218.4267578125,1227.8372802734375,1200.4755859375,1212.2154541015625,5978745776,Ethereum
2022-11-20,1142.4666748046875,1224.0777587890625,1137.9332275390625,1218.436279296875,9651002684,Ethereum
2022-11-21,1108.35302734375,1142.395751953125,1084.8572998046875,1142.395751953125,14080099208,Ethereum
2022-11-22,1135.1734619140625,1136.442626953125,1081.13818359375,1107.89599609375,12040670755,Ethereum
2022-11-23,1183.1995849609375,1184.997314453125,1130.0228271484375,1135.4215087890625,11242676044,Ethereum
2022-11-24,1203.983154296875,1211.62744140625,1180.3797607421875,1183.3450927734375,9706372376,Ethereum
2022-11-25,1198.9259033203125,1203.7994384765625,1174.8233642578125,1203.7994384765625,5483308196,Ethereum
2022-11-26,1205.89794921875,1227.0380859375,1198.097900390625,1198.79052734375,5074160558,Ethereum
2022-11-27,1195.126953125,1220.3494873046875,1195.0390625,1205.9052734375,4486976868,Ethereum
2022-11-28,1170.086181640625,1198.7376708984375,1156.0625,1194.9603271484375,7275411870,Ethereum
2022-11-29,1216.9012451171875,1222.1641845703125,1163.4775390625,1169.8743896484375,7639405818,Ethereum
2022-11-30,1295.6885986328125,1302.0386962890625,1215.4979248046875,1216.9287109375,9836925304,Ethereum
2022-12-01,1276.27392578125,1295.9998779296875,1267.70849609375,1295.76953125,6857935276,Ethereum
2022-12-02,1294.3033447265625,1294.3033447265625,1269.2431640625,1276.32861328125,6213645709,Ethereum
2022-12-03,1243.3348388671875,1299.84033203125,1241.431884765625,1294.45654296875,5672609405,Ethereum
2022-12-04,1280.256591796875,1281.4923095703125,1242.9117431640625,1243.21923828125,5174128454,Ethereum
2022-12-05,1259.6767578125,1302.237548828125,1252.472412109375,1279.9989013671875,6120359523,Ethereum
2022-12-06,1271.65380859375,1271.9232177734375,1247.6298828125,1259.854248046875,5089212680,Ethereum
2022-12-07,1232.4375,1272.694091796875,1224.447998046875,1271.5531005859375,5752205180,Ethereum
2022-12-08,1281.1163330078125,1286.229736328125,1226.3585205078125,1232.4517822265625,6227269815,Ethereum
2022-12-09,1264.2847900390625,1290.055419921875,1260.8187255859375,1281.0772705078125,5706183865,Ethereum
2022-12-10,1266.3841552734375,1279.5279541015625,1262.119873046875,1264.37548828125,3282499999,Ethereum
2022-12-11,1263.8685302734375,1281.783203125,1260.6636962890625,1266.4178466796875,3362005848,Ethereum
2022-12-12,1274.6190185546875,1275.6103515625,1243.477783203125,1263.573486328125,5151109364,Ethereum
2022-12-13,1320.5491943359375,1341.4393310546875,1258.472412109375,1274.6624755859375,8812883119,Ethereum
2022-12-14,1309.3287353515625,1346.1744384765625,1305.8333740234375,1320.6885986328125,7830915428,Ethereum
2022-12-15,1266.3538818359375,1311.067138671875,1262.6893310546875,1309.1907958984375,6032859783,Ethereum
2022-12-16,1168.2593994140625,1278.156982421875,1162.1756591796875,1266.4605712890625,9297811507,Ethereum
2022-12-17,1188.1495361328125,1189.0450439453125,1165.4078369140625,1168.0667724609375,5077258586,Ethereum
2022-12-18,1184.7152099609375,1194.2144775390625,1176.185791015625,1188.1285400390625,3350092519,Ethereum
2022-12-19,1167.60986328125,1192.923828125,1160.377197265625,1184.75830078125,4943628091,Ethereum
2022-12-20,1217.70361328125,1224.0926513671875,1165.5994873046875,1167.8826904296875,6684951715,Ethereum
2022-12-21,1213.5999755859375,1218.1922607421875,1206.4400634765625,1217.58642578125,4217182733,Ethereum
2022-12-22,1218.18212890625,1221.98681640625,1187.1278076171875,1213.672607421875,5297471739,Ethereum
2022-12-23,1220.159423828125,1226.998779296875,1215.994873046875,1218.079345703125,4835831923,Ethereum
2022-12-24,1221.1485595703125,1224.91162109375,1216.3387451171875,1220.117919921875,2626153345,Ethereum
2022-12-25,1218.9620361328125,1223.517822265625,1203.7196044921875,1221.1715087890625,3942720070,Ethereum
2022-12-26,1226.974365234375,1226.974365234375,1214.3359375,1218.920166015625,3282098400,Ethereum
2022-12-27,1212.7916259765625,1230.4180908203125,1205.8956298828125,1226.987060546875,4091530737,Ethereum
2022-12-28,1189.986083984375,1213.12890625,1185.7021484375,1212.736572265625,4991669631,Ethereum
2022-12-29,1201.5953369140625,1204.1416015625,1188.3602294921875,1190.0101318359375,4132233940,Ethereum
2022-12-30,1199.2327880859375,1202.03466796875,1187.4625244140625,1201.569580078125,4055668253,Ethereum
2022-12-31,1196.771240234375,1205.088623046875,1194.2037353515625,1199.360107421875,3018513333,Ethereum
2023-01-01,1200.96484375,1203.475341796875,1192.8853759765625,1196.713623046875,2399674550,Ethereum
2023-01-02,1214.6566162109375,1219.860595703125,1195.2149658203125,1201.103271484375,3765758498,Ethereum
2023-01-03,1214.77880859375,1219.0953369140625,1207.4915771484375,1214.7440185546875,3392972131,Ethereum
2023-01-04,1256.526611328125,1264.8074951171875,1213.1688232421875,1214.7186279296875,6404416893,Ethereum
2023-01-05,1250.4385986328125,1258.571533203125,1245.173095703125,1256.484619140625,4001786456,Ethereum
2023-01-06,1269.3790283203125,1273.2203369140625,1240.947509765625,1250.458984375,4977252792,Ethereum
2023-01-07,1264.2703857421875,1270.5982666015625,1262.2711181640625,1269.4197998046875,2565213548,Ethereum
2023-01-08,1287.3594970703125,1287.3594970703125,1260.226806640625,1264.181884765625,3495088905,Ethereum
2023-01-09,1321.5389404296875,1342.1441650390625,1286.6807861328125,1287.4508056640625,7990438824,Ethereum
2023-01-10,1336.5860595703125,1342.7572021484375,1318.5272216796875,1321.3955078125,5830173253,Ethereum
2023-01-11,1387.9327392578125,1387.9327392578125,1323.5831298828125,1336.48681640625,6314904311,Ethereum
2023-01-12,1417.9384765625,1432.28125,1378.422119140625,1405.3514404296875,12230193038,Ethereum
2023-01-13,1451.6148681640625,1461.6727294921875,1404.02392578125,1417.9461669921875,7684148212,Ethereum
2023-01-14,1550.7069091796875,1563.7391357421875,1450.9884033203125,1451.428466796875,15444626014,Ethereum
2023-01-15,1552.4794921875,1556.9508056640625,1520.893798828125,1550.7315673828125,6774614499,Ethereum
2023-01-16,1576.83349609375,1594.039794921875,1529.5736083984375,1552.519287109375,8454485431,Ethereum
2023-01-17,1567.8460693359375,1594.0009765625,1553.3359375,1577.107421875,7599462786,Ethereum
2023-01-18,1515.5069580078125,1602.106689453125,1509.4228515625,1567.698974609375,10354880595,Ethereum
2023-01-19,1552.5565185546875,1557.9703369140625,1514.3800048828125,1515.2496337890625,6432638856,Ethereum
2023-01-20,1659.754150390625,1659.8857421875,1544.9178466796875,1552.3736572265625,8528894754,Ethereum
2023-01-21,1627.1181640625,1674.1793212890625,1626.81298828125,1659.7060546875,8859250310,Ethereum
2023-01-22,1628.382080078125,1658.0234375,1612.085693359375,1627.365966796875,7517988734,Ethereum
2023-01-23,1628.2510986328125,1641.2181396484375,1607.903076171875,1628.55078125,8264507375,Ethereum
2023-01-24,1556.604248046875,1639.723876953125,1551.3897705078125,1627.8482666015625,8180274691,Ethereum
2023-01-25,1611.7110595703125,1632.24169921875,1530.7978515625,1556.8074951171875,10598973448,Ethereum
2023-01-26,1603.10595703125,1626.1982421875,1586.59814453125,1611.0809326171875,8395315241,Ethereum
2023-01-27,1598.156494140625,1617.0008544921875,1565.2449951171875,1603.080078125,8124465373,Ethereum
2023-01-28,1572.43505859375,1604.7041015625,1565.39013671875,1598.1253662109375,5803653357,Ethereum
2023-01-29,1646.1556396484375,1653.7249755859375,1568.98486328125,1572.6295166015625,8801292300,Ethereum
2023-01-30,1567.3265380859375,1646.651611328125,1546.6607666015625,1646.147705078125,9180418120,Ethereum
2023-01-31,1586.535400390625,1598.517578125,1563.8043212890625,1567.419921875,6585191019,Ethereum
2023-02-01,1641.792724609375,1644.7275390625,1566.8572998046875,1586.4881591796875,8116969489,Ethereum
2023-02-02,1643.2415771484375,1704.4581298828125,1641.3226318359375,1641.365966796875,10558081069,Ethereum
2023-02-03,1664.74560546875,1670.6968994140625,1634.223388671875,1642.9046630859375,8169519805,Ethereum
2023-02-04,1667.0592041015625,1690.099609375,1648.189208984375,1664.4722900390625,5843302512,Ethereum
2023-02-05,1631.6458740234375,1671.770263671875,1616.391845703125,1667.16650390625,6926696531,Ethereum
2023-02-06,1616.2470703125,1653.7154541015625,1611.319091796875,1631.645263671875,6919871886,Ethereum
2023-02-07,1672.0035400390625,1673.7978515625,1614.863037109375,1616.0096435546875,8030277434,Ethereum
2023-02-08,1650.716796875,1688.5272216796875,1635.2650146484375,1671.9052734375,7806089579,Ethereum
2023-02-09,1546.438232421875,1655.23486328125,1537.1822509765625,1651.082275390625,10524969124,Ethereum
2023-02-10,1514.869140625,1553.32568359375,1504.83447265625,1546.5965576171875,8397387897,Ethereum
2023-02-11,1539.9267578125,1541.334716796875,1510.14697265625,1514.94189453125,5064007416,Ethereum
2023-02-12,1515.03369140625,1545.55419921875,1501.4620361328125,1539.7760009765625,5319698775,Ethereum
2023-02-13,1507.1658935546875,1524.7314453125,1470.02392578125,1514.9169921875,9363855114,Ethereum
2023-02-14,1556.8751220703125,1562.0343017578125,1497.1944580078125,1506.9920654296875,9249575045,Ethereum
2023-02-15,1673.7459716796875,1674.289794921875,1545.689697265625,1556.76513671875,10015035156,Ethereum
2023-02-16,1640.067626953125,1732.8011474609375,1638.1455078125,1673.867431640625,12704861676,Ethereum
2023-02-17,1694.7833251953125,1716.7818603515625,1636.173828125,1640.2801513671875,9802443159,Ethereum
2023-02-18,1691.8194580078125,1705.30908203125,1683.670166015625,1694.7418212890625,5491437195,Ethereum
2023-02-19,1681.4361572265625,1718.9476318359375,1673.9066162109375,1691.68017578125,6959144003,Ethereum
2023-02-20,1702.6751708984375,1716.4893798828125,1659.2950439453125,1682.3370361328125,7703604237,Ethereum
2023-02-21,1658.036376953125,1714.28564453125,1642.396728515625,1702.7978515625,8721608198,Ethereum
2023-02-22,1643.231689453125,1663.996826171875,1604.8033447265625,1658.1409912109375,9189387004,Ethereum
2023-02-23,1651.0738525390625,1674.6015625,1632.566162109375,1643.298583984375,9013236167,Ethereum
2023-02-24,1608.3731689453125,1661.09130859375,1583.1478271484375,1650.8951416015625,8909129423,Ethereum
2023-02-25,1594.9149169921875,1608.8651123046875,1567.6317138671875,1608.6583251953125,5657686235,Ethereum
2023-02-26,1640.817138671875,1645.2734375,1590.39306640625,1594.7611083984375,5727967432,Ethereum
2023-02-27,1634.326416015625,1662.57568359375,1615.387939453125,1640.763671875,7239824677,Ethereum
2023-02-28,1605.8951416015625,1644.435791015625,1602.4281005859375,1634.50244140625,6323676957,Ethereum
2023-03-01,1663.4337158203125,1663.4337158203125,1601.548583984375,1606.0404052734375,7701847224,Ethereum
2023-03-02,1647.3193359375,1672.0511474609375,1622.5999755859375,1663.549072265625,7080950926,Ethereum
2023-03-03,1569.1676025390625,1648.475341796875,1552.4515380859375,1647.5577392578125,9922240199,Ethereum
2023-03-04,1566.9239501953125,1575.63720703125,1551.73681640625,1569.278076171875,4389045367,Ethereum
2023-03-05,1564.46875,1584.2088623046875,1559.9541015625,1567.1793212890625,5020886238,Ethereum
2023-03-06,1567.398681640625,1579.456298828125,1557.363525390625,1564.3831787109375,5245153345,Ethereum
2023-03-07,1561.93310546875,1579.1622314453125,1543.1275634765625,1567.4246826171875,6854058349,Ethereum
2023-03-08,1534.0882568359375,1568.17529296875,1534.0882568359375,1561.9779052734375,7130327525,Ethereum
2023-03-09,1438.6607666015625,1544.1083984375,1423.2647705078125,1534.0316162109375,9457897583,Ethereum
2023-03-10,1429.1580810546875,1438.7601318359375,1378.525390625,1438.7601318359375,12665194936,Ethereum
2023-03-11,1482.61669921875,1484.136962890625,1428.72314453125,1429.100830078125,14917080154,Ethereum
2023-03-12,1590.29296875,1607.152587890625,1461.6109619140625,1482.431884765625,11480965122,Ethereum
2023-03-13,1680.3089599609375,1699.9117431640625,1572.07470703125,1590.8311767578125,15711468959,Ethereum
2023-03-14,1703.507080078125,1779.9178466796875,1665.90234375,1680.2952880859375,16159781303,Ethereum
2023-03-15,1656.1805419921875,1721.0792236328125,1616.63037109375,1705.18994140625,12715339905,Ethereum
2023-03-16,1677.2154541015625,1693.1392822265625,1639.26171875,1656.33203125,9364980166,Ethereum
2023-03-17,1792.485107421875,1799.343994140625,1667.1318359375,1677.2967529296875,12467445117,Ethereum
2023-03-18,1761.65966796875,1840.3575439453125,1751.2628173828125,1793.5924072265625,10317822213,Ethereum
2023-03-19,1785.5765380859375,1843.8441162109375,1762.9632568359375,1762.9632568359375,9170565472,Ethereum
2023-03-20,1735.3212890625,1807.7252197265625,1728.103759765625,1785.416259765625,10978325507,Ethereum
2023-03-21,1806.7607421875,1836.28857421875,1725.00732421875,1735.617919921875,10758627746,Ethereum
2023-03-22,1737.717041015625,1821.458251953125,1717.76513671875,1804.95703125,12484103560,Ethereum
2023-03-23,1816.4051513671875,1853.8880615234375,1732.524658203125,1737.140869140625,11012966854,Ethereum
2023-03-24,1752.0447998046875,1819.935302734375,1730.3494873046875,1815.81982421875,10913669383,Ethereum
2023-03-25,1743.7647705078125,1762.674560546875,1716.6519775390625,1751.469482421875,6614309912,Ethereum
2023-03-26,1775.6767578125,1797.8802490234375,1741.182861328125,1743.8421630859375,6990313307,Ethereum
2023-03-27,1715.4608154296875,1781.3792724609375,1690.5166015625,1775.4813232421875,8585750760,Ethereum
2023-03-28,1772.78564453125,1791.1109619140625,1702.564697265625,1715.327392578125,8346890042,Ethereum
2023-03-29,1793.0018310546875,1825.6009521484375,1772.89990234375,1772.89990234375,9136176952,Ethereum
2023-03-30,1792.7371826171875,1827.2802734375,1766.2489013671875,1793.345947265625,9724496987,Ethereum
2023-03-31,1822.0220947265625,1844.6773681640625,1783.1422119140625,1793.6201171875,9149379763,Ethereum
2023-04-01,1813.860595703125,1840.173095703125,1811.1185302734375,1821.704345703125,5556443606,Ethereum
2023-04-02,1795.7081298828125,1824.328857421875,1774.8724365234375,1821.192138671875,6199721188,Ethereum
2023-04-03,1810.297119140625,1839.1578369140625,1765.5189208984375,1794.9224853515625,9643826401,Ethereum
2023-04-04,1871.005126953125,1886.5946044921875,1802.9554443359375,1810.14208984375,10398322335,Ethereum
2023-04-05,1909.114013671875,1937.49755859375,1865.94189453125,1870.965087890625,10319231689,Ethereum
2023-04-06,1872.922607421875,1909.271728515625,1857.0850830078125,1909.1435546875,8263191830,Ethereum
2023-04-07,1865.6361083984375,1882.2991943359375,1845.993896484375,1872.734130859375,8356130492,Ethereum
2023-04-08,1849.4981689453125,1879.1077880859375,1848.87548828125,1864.6790771484375,5016362733,Ethereum
2023-04-09,1859.3878173828125,1873.057373046875,1828.7000732421875,1849.6722412109375,6361497715,Ethereum
2023-04-10,1911.20751953125,1917.3001708984375,1848.1641845703125,1859.7412109375,8380134275,Ethereum
2023-04-11,1892.189697265625,1936.728271484375,1886.5341796875,1911.3758544921875,8877222956,Ethereum
2023-04-12,1920.68212890625,1929.8812255859375,1860.036865234375,1891.94970703125,11010714187,Ethereum
2023-04-13,2012.6346435546875,2022.150146484375,1901.8603515625,1917.6983642578125,12546950499,Ethereum
2023-04-14,2101.635498046875,2126.316650390625,2011.5032958984375,2013.9306640625,16298099411,Ethereum
2023-04-15,2092.466796875,2111.075439453125,2076.5107421875,2101.616455078125,8036468153,Ethereum
2023-04-16,2120.005859375,2137.445068359375,2076.83203125,2092.281005859375,7898126856,Ethereum
2023-04-17,2076.242919921875,2120.113525390625,2063.03857421875,2120.001220703125,9648882546,Ethereum
2023-04-18,2104.537353515625,2121.531494140625,2057.65380859375,2075.855224609375,9134015143,Ethereum
2023-04-19,1936.4034423828125,2104.857177734375,1928.5828857421875,2103.9462890625,13779745451,Ethereum
2023-04-20,1943.09765625,1979.5733642578125,1918.1328125,1936.41796875,11324135406,Ethereum
2023-04-21,1849.9998779296875,1955.649169921875,1827.7889404296875,1943.409912109375,12044274581,Ethereum
2023-04-22,1874.2286376953125,1886.7816162109375,1845.8492431640625,1849.2864990234375,6970642726,Ethereum
2023-04-23,1862.06201171875,1882.229736328125,1838.992431640625,1874.1715087890625,6607451862,Ethereum
2023-04-24,1842.7574462890625,1888.1937255859375,1811.7921142578125,1862.0853271484375,8438191338,Ethereum
2023-04-25,1866.753662109375,1877.4849853515625,1805.3228759765625,1842.204345703125,8677255481,Ethereum
2023-04-26,1866.564208984375,1962.567626953125,1792.4638671875,1866.14892578125,14356524696,Ethereum
2023-04-27,1908.786376953125,1936.9451904296875,1863.14794921875,1866.6932373046875,14008145806,Ethereum
2023-04-28,1892.5128173828125,1923.19921875,1876.2918701171875,1909.2730712890625,7691759733,Ethereum
2023-04-29,1908.9169921875,1916.9737548828125,1887.990478515625,1892.5650634765625,4796651246,Ethereum
2023-04-30,1876.92431640625,1938.41796875,1876.92431640625,1908.7413330078125,6539641957,Ethereum
2023-05-01,1831.954833984375,1886.2064208984375,1809.1932373046875,1868.89111328125,8625783201,Ethereum
2023-05-02,1870.789306640625,1879.759521484375,1824.3270263671875,1831.7265625,7536785767,Ethereum
2023-05-03,1904.65185546875,1915.504150390625,1845.871826171875,1870.6871337890625,8306390869,Ethereum
2023-05-04,1877.7041015625,1915.8717041015625,1868.6297607421875,1905.1689453125,6578438233,Ethereum
2023-05-05,1995.0609130859375,1998.41357421875,1876.9466552734375,1877.8331298828125,9498261360,Ethereum
2023-05-06,1900.2218017578125,2017.5594482421875,1870.6055908203125,1995.4791259765625,9623243037,Ethereum
2023-05-07,1873.076416015625,1933.9984130859375,1873.076416015625,1899.9176025390625,6883942236,Ethereum
2023-05-08,1849.042724609375,1886.162109375,1818.4505615234375,1872.47509765625,9895102899,Ethereum
2023-05-09,1848.6031494140625,1860.66748046875,1832.906982421875,1849.06103515625,6129516088,Ethereum
2023-05-10,1842.4014892578125,1886.80029296875,1795.6688232421875,1848.2135009765625,9945549603,Ethereum
2023-05-11,1796.4906005859375,1842.4920654296875,1774.132568359375,1842.4920654296875,8353828312,Ethereum
2023-05-12,1808.019775390625,1812.4249267578125,1742.40380859375,1795.1766357421875,9047198660,Ethereum
2023-05-13,1796.1148681640625,1816.0584716796875,1788.4755859375,1808.375,4647630864,Ethereum
2023-05-14,1800.5009765625,1823.49072265625,1793.228759765625,1796.10791015625,4711210241,Ethereum
2023-05-15,1817.5499267578125,1845.6954345703125,1787.536376953125,1800.3712158203125,6748889346,Ethereum
2023-05-16,1824.1214599609375,1830.3515625,1797.84375,1816.82421875,5595959668,Ethereum
2023-05-17,1821.859619140625,1835.5545654296875,1786.6719970703125,1824.068359375,6352161579,Ethereum
2023-05-18,1801.728515625,1831.4503173828125,1774.195068359375,1822.0682373046875,5673124255,Ethereum
2023-05-19,1812.5894775390625,1826.1942138671875,1797.4344482421875,1800.994384765625,4796110259,Ethereum
2023-05-20,1820.47802734375,1829.0096435546875,1808.0467529296875,1812.76611328125,2951655969,Ethereum
2023-05-21,1804.5313720703125,1827.9219970703125,1799.9468994140625,1820.1380615234375,3386768865,Ethereum
2023-05-22,1817.5347900390625,1826.696533203125,1793.2239990234375,1804.8419189453125,4534841049,Ethereum
2023-05-23,1854.380615234375,1869.343994140625,1816.2879638671875,1817.7811279296875,6820047160,Ethereum
2023-05-24,1800.0999755859375,1854.2996826171875,1780.925537109375,1854.2996826171875,7101647419,Ethereum
2023-05-25,1805.9537353515625,1815.9947509765625,1763.3651123046875,1799.84521484375,6321689859,Ethereum
2023-05-26,1828.689697265625,1837.8658447265625,1798.406005859375,1805.7254638671875,5451414258,Ethereum
2023-05-27,1831.1182861328125,1836.1845703125,1817.4920654296875,1828.57568359375,3216737652,Ethereum
2023-05-28,1910.9141845703125,1915.7232666015625,1825.46728515625,1831.0986328125,6359610561,Ethereum
2023-05-29,1893.078125,1926.4217529296875,1879.0775146484375,1909.2974853515625,5884674572,Ethereum
2023-05-30,1901.026611328125,1916.574951171875,1883.9346923828125,1893.0931396484375,5363439784,Ethereum
2023-05-31,1874.1304931640625,1907.035400390625,1852.0947265625,1901.0982666015625,5984512548,Ethereum
2023-06-01,1862.201416015625,1887.705322265625,1846.2274169921875,1873.9146728515625,5640027197,Ethereum
2023-06-02,1907.256591796875,1910.2784423828125,1851.9647216796875,1862.4237060546875,6097746022,Ethereum
2023-06-03,1892.4124755859375,1908.822265625,1885.4854736328125,1907.4207763671875,3472274607,Ethereum
2023-06-04,1890.5135498046875,1912.2056884765625,1885.65185546875,1892.398193359375,3747042696,Ethereum
2023-06-05,1811.828369140625,1890.6405029296875,1780.2115478515625,1890.4176025390625,9246593033,Ethereum
2023-06-06,1884.494873046875,1896.22265625,1801.4052734375,1810.5814208984375,8704411776,Ethereum
2023-06-07,1832.39599609375,1893.80908203125,1822.3031005859375,1884.3729248046875,7919894455,Ethereum
2023-06-08,1846.3018798828125,1861.1361083984375,1830.1650390625,1832.5135498046875,4536041931,Ethereum
2023-06-09,1840.2252197265625,1854.824951171875,1828.5445556640625,1846.077880859375,4610831509,Ethereum
2023-06-10,1752.384765625,1844.78564453125,1721.443115234375,1840.3919677734375,10788500406,Ethereum
2023-06-11,1753.415283203125,1776.84716796875,1741.1104736328125,1752.527587890625,4559112981,Ethereum
2023-06-12,1742.5286865234375,1757.6597900390625,1722.9063720703125,1753.075439453125,6031384958,Ethereum
2023-06-13,1739.03759765625,1761.9554443359375,1727.7498779296875,1742.39013671875,6214125203,Ethereum
2023-06-14,1650.519287109375,1749.1632080078125,1637.187744140625,1739.2501220703125,7462905534,Ethereum
2023-06-15,1665.519775390625,1676.4066162109375,1624.1383056640625,1650.4981689453125,7328564880,Ethereum
2023-06-16,1716.6688232421875,1727.28955078125,1653.1708984375,1665.41064453125,6281023479,Ethereum
2023-06-17,1727.2041015625,1766.76318359375,1714.15087890625,1716.6717529296875,4875187477,Ethereum
2023-06-18,1720.5775146484375,1746.5091552734375,1718.1114501953125,1727.1937255859375,3820038842,Ethereum
2023-06-19,1737.659423828125,1745.1346435546875,1705.8134765625,1720.50537109375,5210480121,Ethereum
2023-06-20,1792.1199951171875,1793.31396484375,1715.342529296875,1736.8797607421875,7171072578,Ethereum
2023-06-21,1891.0072021484375,1898.6689453125,1788.4892578125,1791.9949951171875,11731457711,Ethereum
2023-06-22,1872.9429931640625,1932.0655517578125,1867.8765869140625,1889.79443359375,8477657143,Ethereum
2023-06-23,1892.862060546875,1932.5316162109375,1865.1920166015625,1872.540771484375,8290615074,Ethereum
2023-06-24,1876.0596923828125,1905.2274169921875,1867.8115234375,1893.77197265625,5026191704,Ethereum
2023-06-25,1900.506103515625,1929.0791015625,1870.85009765625,1875.84912109375,6937581709,Ethereum
2023-06-26,1859.432861328125,1905.3604736328125,1840.215087890625,1900.05029296875,8619702292,Ethereum
2023-06-27,1889.703369140625,1911.3111572265625,1856.83837890625,1859.34619140625,7686042202,Ethereum
2023-06-28,1827.97119140625,1890.208984375,1822.102783203125,1889.906494140625,7135265016,Ethereum
2023-06-29,1852.227294921875,1876.5302734375,1828.059326171875,1828.059326171875,5677228612,Ethereum
2023-06-30,1933.18896484375,1945.2742919921875,1831.281005859375,1852.0084228515625,12895131248,Ethereum
2023-07-01,1924.56591796875,1942.7015380859375,1910.8486328125,1933.3238525390625,5136809625,Ethereum
2023-07-02,1937.4383544921875,1958.1607666015625,1895.906982421875,1924.4481201171875,6343966490,Ethereum
2023-07-03,1955.38916015625,1974.7750244140625,1934.6888427734375,1937.8837890625,7858509087,Ethereum
2023-07-04,1936.633544921875,1966.3653564453125,1932.611328125,1955.524169921875,5683423776,Ethereum
2023-07-05,1910.5880126953125,1942.4324951171875,1897.124755859375,1936.7967529296875,6034088075,Ethereum
2023-07-06,1848.636474609375,1956.0123291015625,1847.8507080078125,1910.4171142578125,8905008384,Ethereum
2023-07-07,1870.6025390625,1876.9632568359375,1832.025390625,1847.5125732421875,6468885150,Ethereum
2023-07-08,1865.53955078125,1872.5015869140625,1844.6417236328125,1871.0020751953125,4299007854,Ethereum
2023-07-09,1863.009765625,1878.6689453125,1857.748291015625,1865.594970703125,4392863807,Ethereum
2023-07-10,1880.556396484375,1905.4608154296875,1848.7772216796875,1863.240234375,6336468234,Ethereum
2023-07-11,1878.3360595703125,1889.3817138671875,1863.2186279296875,1880.6549072265625,4905225892,Ethereum
2023-07-12,1872.11376953125,1901.1484375,1865.7100830078125,1878.322021484375,6379007000,Ethereum
2023-07-13,2006.511474609375,2011.88525390625,1864.49609375,1872.040283203125,11114853969,Ethereum
2023-07-14,1939.3470458984375,2026.2049560546875,1901.3612060546875,2005.6861572265625,10627449471,Ethereum
2023-07-15,1931.466552734375,1946.0191650390625,1928.1873779296875,1939.129638671875,4380084234,Ethereum
2023-07-16,1923.681884765625,1942.0308837890625,1917.2940673828125,1931.64501953125,4329306566,Ethereum
2023-07-17,1911.6461181640625,1936.1776123046875,1875.120361328125,1923.6943359375,6678090758,Ethereum
2023-07-18,1897.5992431640625,1916.4683837890625,1878.718505859375,1911.697021484375,5814708445,Ethereum
2023-07-19,1889.0079345703125,1919.264404296875,1883.067138671875,1897.7972412109375,6018487800,Ethereum
2023-07-20,1890.9691162109375,1919.264404296875,1879.734375,1889.07373046875,7366830684,Ethereum
2023-07-21,1892.080078125,1905.38623046875,1885.2962646484375,1891.581298828125,4668158260,Ethereum
2023-07-22,1864.912353515625,1897.0880126953125,1855.0927734375,1891.955078125,4101305643,Ethereum
2023-07-23,1889.191650390625,1904.4832763671875,1859.56884765625,1866.09423828125,4480604100,Ethereum
2023-07-24,1850.0020751953125,1889.761962890625,1836.8524169921875,1888.8095703125,6344373569,Ethereum
2023-07-25,1857.741943359375,1867.3232421875,1845.9815673828125,1850.0279541015625,4163381707,Ethereum
2023-07-26,1872.159912109375,1886.97412109375,1849.4368896484375,1857.696533203125,5781548155,Ethereum
2023-07-27,1860.357177734375,1885.591552734375,1855.321533203125,1872.0863037109375,4291339248,Ethereum
2023-07-28,1874.744873046875,1881.457275390625,1857.0489501953125,1860.7025146484375,3800973336,Ethereum
2023-07-29,1881.06884765625,1885.529296875,1870.3338623046875,1874.5604248046875,2497302218,Ethereum
2023-07-30,1861.643798828125,1884.1441650390625,1851.72802734375,1880.87158203125,4003005547,Ethereum
2023-07-31,1856.162353515625,1875.62939453125,1851.9154052734375,1861.7552490234375,4391613314,Ethereum
2023-08-01,1871.7921142578125,1873.0299072265625,1817.9207763671875,1856.190185546875,7634860636,Ethereum
2023-08-02,1839.0897216796875,1877.511474609375,1822.3482666015625,1873.4681396484375,6448512422,Ethereum
2023-08-03,1835.136474609375,1856.4075927734375,1825.3477783203125,1838.89794921875,4710581074,Ethereum
2023-08-04,1827.712890625,1847.9122314453125,1817.413818359375,1834.8905029296875,4861242484,Ethereum
2023-08-05,1834.9879150390625,1836.46484375,1824.8079833984375,1827.798583984375,2866049749,Ethereum
2023-08-06,1827.4620361328125,1836.2489013671875,1824.9866943359375,1834.84521484375,2963395076,Ethereum
2023-08-07,1826.9388427734375,1842.5225830078125,1804.7166748046875,1827.239501953125,5837881974,Ethereum
2023-08-08,1855.807373046875,1873.84716796875,1824.4300537109375,1826.9310302734375,5812855406,Ethereum
2023-08-09,1854.297607421875,1869.736572265625,1845.48974609375,1855.7794189453125,5870081833,Ethereum
2023-08-10,1850.75341796875,1863.3109130859375,1845.4422607421875,1854.3482666015625,3760304518,Ethereum
2023-08-11,1847.1243896484375,1855.0660400390625,1839.5692138671875,1850.74169921875,3353025102,Ethereum
2023-08-12,1848.889892578125,1852.281005859375,1845.71923828125,1847.1719970703125,2291124840,Ethereum
2023-08-13,1839.2801513671875,1859.9163818359375,1834.8043212890625,1849.0538330078125,3054625661,Ethereum
2023-08-14,1844.185791015625,1853.8363037109375,1834.8004150390625,1839.323486328125,4083364724,Ethereum
2023-08-15,1826.9327392578125,1845.547607421875,1816.3250732421875,1844.1641845703125,4483923893,Ethereum
2023-08-16,1805.6590576171875,1829.3612060546875,1798.9666748046875,1827.036376953125,4976573383,Ethereum
2023-08-17,1684.9334716796875,1807.71484375,1551.7132568359375,1805.5673828125,14208462072,Ethereum
2023-08-18,1660.945068359375,1698.124267578125,1644.930908203125,1682.0384521484375,9645084584,Ethereum
2023-08-19,1669.471923828125,1693.2281494140625,1654.0758056640625,1660.8443603515625,4871231360,Ethereum
2023-08-20,1684.85205078125,1692.3287353515625,1662.9014892578125,1669.5877685546875,4105056995,Ethereum
2023-08-21,1667.26904296875,1685.0826416015625,1651.9598388671875,1685.0223388671875,5077248383,Ethereum
2023-08-22,1633.892578125,1668.638671875,1596.384033203125,1667.279296875,7244623133,Ethereum
2023-08-23,1679.2744140625,1696.593994140625,1629.5810546875,1634.4017333984375,7191868448,Ethereum
2023-08-24,1659.944580078125,1682.48974609375,1641.6270751953125,1679.248291015625,5104531920,Ethereum
2023-08-25,1652.93505859375,1671.970703125,1635.9674072265625,1660.2698974609375,5396997823,Ethereum
2023-08-26,1646.3067626953125,1654.7777099609375,1643.712646484375,1652.92724609375,2423247747,Ethereum
2023-08-27,1657.5130615234375,1659.26708984375,1645.90283203125,1646.27197265625,2624065031,Ethereum
2023-08-28,1652.4573974609375,1659.3287353515625,1627.44677734375,1657.4398193359375,4855588534,Ethereum
2023-08-29,1729.7257080078125,1742.6373291015625,1639.576171875,1652.274169921875,11304916729,Ethereum
2023-08-30,1705.1121826171875,1730.564697265625,1697.147216796875,1729.6766357421875,5023904190,Ethereum
2023-08-31,1645.63916015625,1720.011962890625,1634.8509521484375,1705.364501953125,6593153505,Ethereum
2023-09-01,1628.4912109375,1653.53173828125,1603.0341796875,1645.581298828125,6104510092,Ethereum
2023-09-02,1637.025390625,1644.0306396484375,1627.97607421875,1628.5596923828125,2943590996,Ethereum
2023-09-03,1636.11767578125,1645.6451416015625,1626.0892333984375,1637.0435791015625,3151878318,Ethereum
2023-09-04,1629.6552734375,1642.6531982421875,1618.523681640625,1635.7247314453125,3887968912,Ethereum
2023-09-05,1633.62939453125,1645.9483642578125,1610.1412353515625,1629.9110107421875,4417491902,Ethereum
2023-09-06,1632.2523193359375,1656.9327392578125,1611.147705078125,1633.912109375,4987397046,Ethereum
2023-09-07,1647.5982666015625,1657.3037109375,1623.220458984375,1632.2628173828125,4907290296,Ethereum
2023-09-08,1636.1378173828125,1657.1363525390625,1617.7965087890625,1647.8076171875,4598495496,Ethereum
2023-09-09,1635.162353515625,1636.8707275390625,1629.660888671875,1636.0504150390625,2081625742,Ethereum
2023-09-10,1616.828857421875,1635.43310546875,1604.04052734375,1635.211669921875,4339499949,Ethereum
2023-09-11,1551.6376953125,1618.3057861328125,1533.4267578125,1616.769775390625,7693700923,Ethereum
2023-09-12,1592.429443359375,1619.114013671875,1549.4937744140625,1551.497802734375,6813819740,Ethereum
2023-09-13,1607.988525390625,1615.05029296875,1582.217529296875,1592.892333984375,4979469106,Ethereum
2023-09-14,1626.974365234375,1640.522705078125,1607.7353515625,1608.0316162109375,5538958553,Ethereum
2023-09-15,1641.640380859375,1652.1131591796875,1613.2486572265625,1626.8701171875,4348584771,Ethereum
2023-09-16,1635.2216796875,1649.9886474609375,1632.577880859375,1641.4464111328125,2819575929,Ethereum
2023-09-17,1622.896728515625,1635.512939453125,1616.779296875,1635.2010498046875,3032716258,Ethereum
2023-09-18,1637.3470458984375,1669.015380859375,1609.9573974609375,1623.0819091796875,5916674789,Ethereum
2023-09-19,1643.544677734375,1659.53173828125,1628.4132080078125,1637.31201171875,4405868861,Ethereum
2023-09-20,1622.890625,1649.619140625,1610.4207763671875,1643.495361328125,5156431986,Ethereum
2023-09-21,1584.3070068359375,1625.20458984375,1573.3057861328125,1622.591796875,5191732312,Ethereum
2023-09-22,1593.268310546875,1601.5377197265625,1579.101318359375,1584.0025634765625,3460791634,Ethereum
2023-09-23,1593.8577880859375,1598.001708984375,1588.3289794921875,1593.213134765625,2101436678,Ethereum
2023-09-24,1580.8533935546875,1600.207275390625,1576.7833251953125,1593.82568359375,3086456944,Ethereum
2023-09-25,1588.3228759765625,1595.8441162109375,1565.0255126953125,1580.7474365234375,4394930984,Ethereum
2023-09-26,1593.417236328125,1598.0977783203125,1580.16552734375,1588.023193359375,3544861160,Ethereum
2023-09-27,1597.4912109375,1631.9107666015625,1585.368896484375,1593.1082763671875,5533036096,Ethereum
2023-09-28,1652.8826904296875,1666.024169921875,1597.294677734375,1597.6719970703125,6658092168,Ethereum
2023-09-29,1667.94384765625,1687.28125,1648.656494140625,1652.9998779296875,5529687537,Ethereum
2023-09-30,1671.161865234375,1692.5311279296875,1666.5638427734375,1667.83447265625,3155292192,Ethereum
2023-10-01,1733.8104248046875,1750.595703125,1670.0821533203125,1671.1614990234375,5054880180,Ethereum
2023-10-02,1663.6275634765625,1743.5635986328125,1646.07763671875,1732.9840087890625,8420552922,Ethereum
2023-10-03,1656.6856689453125,1670.3563232421875,1644.4964599609375,1662.88720703125,4742827302,Ethereum
2023-10-04,1647.838134765625,1657.2535400390625,1629.4266357421875,1656.7359619140625,5127524863,Ethereum
2023-10-05,1611.4764404296875,1654.3790283203125,1609.8499755859375,1647.7882080078125,5403759057,Ethereum
2023-10-06,1645.83154296875,1659.60986328125,1611.36572265625,1611.36572265625,4941208729,Ethereum
2023-10-07,1634.51123046875,1648.1837158203125,1631.158203125,1645.8109130859375,2578994988,Ethereum
2023-10-08,1633.548583984375,1641.182373046875,1618.189208984375,1634.6573486328125,3315554175,Ethereum
2023-10-09,1579.806640625,1635.4478759765625,1553.0069580078125,1633.454833984375,7020801716,Ethereum
2023-10-10,1567.7130126953125,1593.7413330078125,1553.03173828125,1580.112060546875,5254966125,Ethereum
2023-10-11,1566.2547607421875,1578.2235107421875,1548.98046875,1567.6807861328125,5416504273,Ethereum
2023-10-12,1539.6124267578125,1566.878173828125,1523.237548828125,1566.35595703125,5003930677,Ethereum
2023-10-13,1552.0894775390625,1571.7506103515625,1537.921142578125,1539.432861328125,4575141511,Ethereum
2023-10-14,1555.2568359375,1560.3250732421875,1545.73876953125,1552.2637939453125,2429214718,Ethereum
2023-10-15,1558.06982421875,1565.7608642578125,1550.5545654296875,1555.0760498046875,2923337883,Ethereum
2023-10-16,1600.5343017578125,1628.15625,1555.9896240234375,1558.3134765625,8846928526,Ethereum
2023-10-17,1565.4395751953125,1601.294677734375,1554.4029541015625,1600.6356201171875,5032686973,Ethereum
2023-10-18,1563.7498779296875,1584.7269287109375,1556.736328125,1565.3828125,4354138855,Ethereum
2023-10-19,1567.45703125,1573.7376708984375,1543.5850830078125,1563.9581298828125,5035110867,Ethereum
2023-10-20,1604.6668701171875,1628.6090087890625,1562.3028564453125,1567.5709228515625,6747486127,Ethereum
2023-10-21,1629.304443359375,1641.2418212890625,1593.447998046875,1604.822265625,4212179634,Ethereum
2023-10-22,1663.429931640625,1667.6666259765625,1623.9847412109375,1629.2977294921875,5248406817,Ethereum
2023-10-23,1765.3826904296875,1794.0704345703125,1663.447998046875,1674.8492431640625,14362295879,Ethereum
2023-10-24,1784.4375,1852.6844482421875,1758.6900634765625,1766.0146484375,15888690475,Ethereum
2023-10-25,1787.3975830078125,1814.4847412109375,1762.1470947265625,1784.905029296875,9439066475,Ethereum
2023-10-26,1804.039306640625,1865.09521484375,1764.0130615234375,1787.48193359375,11196672635,Ethereum
2023-10-27,1780.0452880859375,1804.1358642578125,1751.4400634765625,1803.794921875,7493399771,Ethereum
2023-10-28,1776.6181640625,1800.6053466796875,1773.4366455078125,1780.084228515625,4226112731,Ethereum
2023-10-29,1795.5460205078125,1810.4886474609375,1766.052978515625,1776.56396484375,4358528382,Ethereum
2023-10-30,1810.088623046875,1829.24951171875,1779.364501953125,1795.589111328125,7534051038,Ethereum
2023-10-31,1816.458984375,1819.97265625,1784.567626953125,1810.131591796875,6477922747,Ethereum
2023-11-01,1847.0897216796875,1858.3128662109375,1786.4095458984375,1815.8720703125,10628825648,Ethereum
2023-11-02,1800.6209716796875,1873.885009765625,1790.11474609375,1847.2598876953125,9004197724,Ethereum
2023-11-03,1832.795166015625,1835.072509765625,1779.635498046875,1800.91650390625,7622864055,Ethereum
2023-11-04,1857.6986083984375,1867.2613525390625,1825.736572265625,1833.368896484375,4845080427,Ethereum
2023-11-05,1894.15771484375,1911.608642578125,1848.6201171875,1857.3956298828125,8867152645,Ethereum
2023-11-06,1899.83740234375,1914.5826416015625,1871.9730224609375,1894.027099609375,8104122602,Ethereum
2023-11-07,1888.124267578125,1907.5614013671875,1852.7908935546875,1900.5997314453125,9203228152,Ethereum
2023-11-08,1889.3223876953125,1904.5462646484375,1874.545654296875,1887.1190185546875,6751627017,Ethereum
2023-11-09,2120.56103515625,2130.88525390625,1884.204345703125,1888.9403076171875,24709695029,Ethereum
2023-11-10,2078.289794921875,2134.69140625,2068.13427734375,2121.0673828125,14740624457,Ethereum
2023-11-11,2052.7138671875,2089.530517578125,2035.0821533203125,2078.058349609375,10228351203,Ethereum
2023-11-12,2045.18701171875,2066.00341796875,2019.028076171875,2053.11865234375,7951011698,Ethereum
2023-11-13,2055.265380859375,2116.0107421875,2031.9542236328125,2045.3544921875,14322027970,Ethereum
2023-11-14,1979.0526123046875,2065.06689453125,1939.2803955078125,2054.765380859375,13087862495,Ethereum
2023-11-15,2060.408447265625,2061.99169921875,1968.774658203125,1979.47265625,12626326991,Ethereum
2023-11-16,1960.881591796875,2088.662353515625,1940.57421875,2059.9658203125,14651619483,Ethereum
2023-11-17,1961.28076171875,1990.050537109375,1910.4454345703125,1961.8675537109375,11881648738,Ethereum
2023-11-18,1963.2850341796875,1971.4622802734375,1921.0623779296875,1961.6712646484375,8064677046,Ethereum
2023-11-19,2013.2044677734375,2015.6339111328125,1944.90087890625,1963.1800537109375,7716048818,Ethereum
2023-11-20,2022.2391357421875,2066.409912109375,1996.0443115234375,2011.8533935546875,12866464824,Ethereum
2023-11-21,1937.0667724609375,2035.035888671875,1937.0667724609375,2022.21728515625,13653500841,Ethereum
2023-11-22,2064.42529296875,2089.51416015625,1933.1629638671875,1933.5831298828125,13372200584,Ethereum
2023-11-23,2062.210693359375,2088.031982421875,2041.4642333984375,2063.905517578125,7828437946,Ethereum
2023-11-24,2081.152099609375,2132.481201171875,2060.9990234375,2062.411865234375,12141148820,Ethereum
2023-11-25,2084.4130859375,2091.3427734375,2067.917236328125,2081.296142578125,5362623390,Ethereum
2023-11-26,2063.2861328125,2094.095947265625,2038.6004638671875,2084.177490234375,8054814154,Ethereum
2023-11-27,2027.4173583984375,2070.606201171875,1988.120361328125,2062.390869140625,10574810069,Ethereum
2023-11-28,2049.338134765625,2074.9541015625,1996.814697265625,2027.5172119140625,9910633038,Ethereum
2023-11-29,2029.92919921875,2071.994384765625,2020.756591796875,2049.186767578125,8945151861,Ethereum
2023-11-30,2052.55615234375,2054.4443359375,2022.4617919921875,2029.3583984375,8107789163,Ethereum
2023-12-01,2087.139892578125,2109.319091796875,2046.5570068359375,2052.0966796875,10866891430,Ethereum
2023-12-02,2165.7041015625,2182.81787109375,2087.407958984375,2087.66357421875,9130124831,Ethereum
2023-12-03,2193.691650390625,2213.17578125,2151.720947265625,2165.895751953125,8278465782,Ethereum
2023-12-04,2243.2158203125,2273.06982421875,2193.00732421875,2193.663330078125,16149367134,Ethereum
2023-12-05,2293.841796875,2306.5703125,2191.17626953125,2243.092529296875,15383072559,Ethereum
2023-12-06,2231.661376953125,2310.713134765625,2225.0810546875,2293.628173828125,12790612571,Ethereum
2023-12-07,2357.57958984375,2380.729736328125,2225.050537109375,2233.2177734375,14766891042,Ethereum
2023-12-08,2358.73193359375,2387.514404296875,2340.92041015625,2357.169189453125,12543458699,Ethereum
2023-12-09,2341.17529296875,2401.760498046875,2331.666015625,2358.68603515625,10613312823,Ethereum
2023-12-10,2352.462646484375,2376.749755859375,2323.40576171875,2341.440185546875,7369608905,Ethereum
2023-12-11,2224.578857421875,2354.9140625,2160.358154296875,2352.49658203125,17989249470,Ethereum
2023-12-12,2202.0380859375,2242.55126953125,2166.77001953125,2224.39111328125,11391132228,Ethereum
2023-12-13,2260.648681640625,2283.09912109375,2150.75439453125,2202.600341796875,12576395493,Ethereum
2023-12-14,2316.5791015625,2331.6015625,2239.3662109375,2260.736083984375,12608711052,Ethereum
2023-12-15,2219.33740234375,2316.892822265625,2214.26318359375,2316.1103515625,10259157898,Ethereum
2023-12-16,2226.926513671875,2260.809814453125,2213.55078125,2220.41552734375,6866555430,Ethereum
2023-12-17,2196.481201171875,2244.366455078125,2195.76171875,2226.892578125,7410453853,Ethereum
2023-12-18,2217.2734375,2222.019287109375,2120.12744140625,2195.341796875,10366536490,Ethereum
2023-12-19,2177.87255859375,2253.348876953125,2139.723388671875,2218.240966796875,10619179629,Ethereum
2023-12-20,2201.911376953125,2263.3291015625,2161.21875,2177.239501953125,12652290807,Ethereum
2023-12-21,2239.54248046875,2278.12158203125,2184.856689453125,2201.7900390625,12616530536,Ethereum
2023-12-22,2326.52490234375,2341.947509765625,2233.53271484375,2239.59814453125,16137246310,Ethereum
2023-12-23,2309.04638671875,2332.072021484375,2270.428955078125,2326.7158203125,7995772945,Ethereum
2023-12-24,2265.692138671875,2325.705078125,2249.984375,2309.626708984375,9450799236,Ethereum
2023-12-25,2272.561767578125,2303.551025390625,2254.574462890625,2265.340576171875,8036302656,Ethereum
2023-12-26,2231.46533203125,2274.557373046875,2180.225341796875,2272.21875,10668581464,Ethereum
2023-12-27,2378.739990234375,2392.608642578125,2215.140380859375,2231.39306640625,14161342927,Ethereum
2023-12-28,2347.566162109375,2445.017578125,2338.703857421875,2380.20068359375,15660799060,Ethereum
2023-12-29,2300.690673828125,2386.004638671875,2262.975830078125,2346.84375,12536968996,Ethereum
2023-12-30,2292.0654296875,2322.021484375,2270.011962890625,2300.399658203125,6888195427,Ethereum
2023-12-31,2281.47119140625,2318.512939453125,2261.394287109375,2291.9453125,6871481744,Ethereum
2024-01-01,2352.327880859375,2352.327880859375,2267.01806640625,2282.870361328125,6906765990,Ethereum
2024-01-02,2355.83642578125,2431.21240234375,2348.892333984375,2352.593505859375,12910543630,Ethereum
2024-01-03,2210.761962890625,2385.11767578125,2113.92529296875,2355.9814453125,19332933581,Ethereum
2024-01-04,2269.0380859375,2294.608154296875,2204.86572265625,2210.529052734375,11044564896,Ethereum
2024-01-05,2268.647216796875,2276.7646484375,2209.537109375,2269.409423828125,10860953290,Ethereum
2024-01-06,2241.624755859375,2271.359375,2219.781982421875,2269.5400390625,5970741680,Ethereum
2024-01-07,2222.865966796875,2257.1279296875,2211.5625,2242.0126953125,6490053615,Ethereum
2024-01-08,2333.03271484375,2358.815673828125,2171.99365234375,2222.857666015625,13830287095,Ethereum
2024-01-09,2344.8271484375,2369.6416015625,2243.21923828125,2332.8681640625,14891130716,Ethereum
2024-01-10,2582.103515625,2626.976806640625,2341.943115234375,2344.923583984375,29042100476,Ethereum
2024-01-11,2619.619140625,2687.779052734375,2567.99365234375,2584.171630859375,22575246883,Ethereum
2024-01-12,2524.460205078125,2710.421875,2460.925537109375,2619.177001953125,23623839263,Ethereum
2024-01-13,2576.597900390625,2589.079833984375,2498.594482421875,2522.933837890625,12250316867,Ethereum
2024-01-14,2472.2412109375,2578.332275390625,2470.42431640625,2578.003662109375,9405587417,Ethereum
2024-01-15,2511.36376953125,2550.76904296875,2470.82080078125,2471.6669921875,9700630000,Ethereum
2024-01-16,2587.691162109375,2613.56689453125,2500.00390625,2510.627197265625,11063317095,Ethereum
2024-01-17,2528.369384765625,2592.737060546875,2508.432861328125,2587.044677734375,10441017520,Ethereum
2024-01-18,2467.018798828125,2546.263916015625,2426.135498046875,2528.59326171875,11900028080,Ethereum
2024-01-19,2489.49853515625,2501.30517578125,2414.7109375,2468.68896484375,11405278376,Ethereum
2024-01-20,2469.589111328125,2489.84765625,2456.095703125,2489.84765625,5297826161,Ethereum
2024-01-21,2453.9130859375,2479.760498046875,2452.377685546875,2469.798583984375,4578471955,Ethereum
2024-01-22,2310.826416015625,2463.447265625,2303.502685546875,2454.9873046875,13923771728,Ethereum
2024-01-23,2240.68603515625,2348.03125,2167.282470703125,2310.95166015625,16182147521,Ethereum
2024-01-24,2233.561767578125,2261.384521484375,2197.65673828125,2241.749755859375,10134722960,Ethereum
2024-01-25,2217.710205078125,2240.380859375,2173.6865234375,2233.969970703125,9302247037,Ethereum
2024-01-26,2267.19970703125,2280.3837890625,2196.14013671875,2217.44189453125,9975117607,Ethereum
2024-01-27,2267.885986328125,2282.54443359375,2252.38525390625,2267.3193359375,5144367230,Ethereum
2024-01-28,2257.208740234375,2306.898681640625,2242.683837890625,2268.19287109375,7296214994,Ethereum
2024-01-29,2317.064208984375,2320.02734375,2237.711669921875,2256.995361328125,8948195551,Ethereum
2024-01-30,2344.49365234375,2388.87060546875,2298.281982421875,2317.435791015625,10173440062,Ethereum
2024-01-31,2282.54443359375,2349.611328125,2264.443603515625,2343.558837890625,10807883277,Ethereum
2024-02-01,2303.82470703125,2309.842529296875,2243.57177734375,2282.17529296875,8895583113,Ethereum
2024-02-02,2308.0380859375,2323.053466796875,2282.230224609375,2303.7060546875,7186143091,Ethereum
2024-02-03,2296.038330078125,2327.346923828125,2293.5380859375,2307.980224609375,4647754021,Ethereum
2024-02-04,2289.546142578125,2309.01123046875,2272.304931640625,2296.116943359375,5438100035,Ethereum
2024-02-05,2298.888916015625,2334.6767578125,2270.06787109375,2289.20556640625,7277068110,Ethereum
2024-02-06,2372.201904296875,2389.826171875,2296.78857421875,2298.955078125,9520885493,Ethereum
2024-02-07,2423.7451171875,2442.63623046875,2353.7060546875,2372.2626953125,9660628536,Ethereum
2024-02-08,2419.906494140625,2459.556640625,2414.74951171875,2424.080078125,9941841732,Ethereum
2024-02-09,2487.515625,2522.724609375,2419.36279296875,2419.773681640625,13634203177,Ethereum
2024-02-10,2501.228271484375,2516.7197265625,2475.857666015625,2487.650390625,6474444159,Ethereum
2024-02-11,2507.570556640625,2537.67919921875,2495.21435546875,2501.1298828125,7347245813,Ethereum
2024-02-12,2658.115966796875,2663.8427734375,2473.81201171875,2507.578857421875,13022696866,Ethereum
2024-02-13,2642.185302734375,2686.455078125,2599.16943359375,2659.586181640625,18271237044,Ethereum
2024-02-14,2777.90234375,2786.8935546875,2621.025390625,2641.685302734375,21448973822,Ethereum
2024-02-15,2824.37890625,2865.845458984375,2764.010498046875,2777.601318359375,23734481937,Ethereum
2024-02-16,2803.69140625,2858.450439453125,2760.3310546875,2825.480712890625,17057114638,Ethereum
2024-02-17,2786.672607421875,2805.128662109375,2724.386962890625,2803.73583984375,17932379943,Ethereum
2024-02-18,2878.998046875,2892.843505859375,2767.9130859375,2786.709716796875,23355830478,Ethereum
2024-02-19,2943.57470703125,2983.37060546875,2860.263671875,2881.296875,15163110589,Ethereum
2024-02-20,3013.503662109375,3031.5244140625,2879.9033203125,2944.1064453125,20341598470,Ethereum
2024-02-21,2970.35546875,3017.1904296875,2875.41845703125,3015.6533203125,18897136867,Ethereum
2024-02-22,2971.00732421875,3030.666015625,2907.109375,2969.599853515625,18058908246,Ethereum
2024-02-23,2921.658203125,2991.32958984375,2906.583740234375,2970.1396484375,12822717059,Ethereum
2024-02-24,2992.385986328125,3003.195068359375,2907.70068359375,2921.962890625,10701688842,Ethereum
2024-02-25,3112.697265625,3117.428955078125,2984.39306640625,2992.36669921875,14620450464,Ethereum
2024-02-26,3178.99365234375,3197.375,3037.95458984375,3112.529052734375,17504464351,Ethereum
2024-02-27,3244.519287109375,3287.9580078125,3167.83056640625,3178.405029296875,21090315368,Ethereum
2024-02-28,3385.703857421875,3485.450927734375,3201.575927734375,3243.893310546875,32885894265,Ethereum
2024-02-29,3341.919677734375,3518.96923828125,3303.9052734375,3386.802734375,28469171094,Ethereum
2024-03-01,3435.053955078125,3452.626220703125,3341.85107421875,3341.9658203125,16880101987,Ethereum
2024-03-02,3422.0498046875,3459.747314453125,3398.89892578125,3436.1591796875,12024340617,Ethereum
2024-03-03,3490.99365234375,3491.16845703125,3372.214111328125,3422.875244140625,13643324467,Ethereum
2024-03-04,3630.433837890625,3641.459228515625,3446.017578125,3489.340087890625,26772963830,Ethereum
2024-03-05,3554.964599609375,3828.15966796875,3224.119384765625,3631.928955078125,47706899137,Ethereum
2024-03-06,3819.226318359375,3901.434326171875,3502.802490234375,3554.06787109375,34938642613,Ethereum
2024-03-07,3874.34765625,3939.593994140625,3738.685302734375,3818.31103515625,22457177587,Ethereum
2024-03-08,3892.06103515625,3998.826416015625,3828.36328125,3874.830810546875,26135487051,Ethereum
2024-03-09,3915.4189453125,3950.396484375,3880.658935546875,3892.119140625,11926623780,Ethereum
2024-03-10,3881.193115234375,3968.7236328125,3800.564453125,3915.590576171875,15783924355,Ethereum
2024-03-11,4066.445068359375,4087.050048828125,3745.125244140625,3881.23779296875,28806262507,Ethereum
2024-03-12,3980.273193359375,4092.2841796875,3831.889892578125,4066.6904296875,26917010932,Ethereum
2024-03-13,4006.45703125,4083.00732421875,3936.627197265625,3980.26513671875,22028114691,Ethereum
2024-03-14,3883.140380859375,4011.102783203125,3721.78857421875,4005.7451171875,25434810823,Ethereum
2024-03-15,3735.22021484375,3928.775634765625,3571.774658203125,3882.85693359375,33505075433,Ethereum
2024-03-16,3522.860107421875,3780.89453125,3468.079345703125,3736.10498046875,20199855932,Ethereum
2024-03-17,3642.4130859375,3676.263427734375,3414.17236328125,3523.02978515625,19938757095,Ethereum
2024-03-18,3517.985107421875,3642.4970703125,3456.09130859375,3642.298828125,21162220224,Ethereum
2024-03-19,3157.6181640625,3546.582275390625,3149.286865234375,3518.34765625,34166976701,Ethereum
2024-03-20,3513.39306640625,3534.826416015625,3059.65478515625,3158.396728515625,36605316331,Ethereum
2024-03-21,3492.9912109375,3586.905029296875,3412.22265625,3514.017578125,22213647922,Ethereum
2024-03-22,3333.68798828125,3541.898193359375,3254.96923828125,3492.89794921875,20574952329,Ethereum
2024-03-23,3336.593994140625,3433.758056640625,3273.115478515625,3335.592529296875,13242137554,Ethereum
2024-03-24,3454.636474609375,3470.344482421875,3301.27734375,3336.666015625,12156660941,Ethereum
2024-03-25,3590.8837890625,3657.118896484375,3421.79052734375,3454.8857421875,18603921705,Ethereum
2024-03-26,3587.5048828125,3678.789794921875,3545.4287109375,3591.085205078125,18505553577,Ethereum
2024-03-27,3500.115234375,3664.383056640625,3460.3935546875,3587.313720703125,18753082145,Ethereum
2024-03-28,3561.2939453125,3609.705322265625,3465.332275390625,3500.216064453125,16419674157,Ethereum
2024-03-29,3511.80615234375,3583.701416015625,3475.7255859375,3561.01171875,12712701619,Ethereum
2024-03-30,3507.9443359375,3566.08447265625,3489.902099609375,3511.82763671875,9389066783,Ethereum
2024-03-31,3647.8564453125,3655.218994140625,3507.24267578125,3507.95166015625,10499881424,Ethereum
2024-04-01,3505.030029296875,3648.129150390625,3418.6953125,3647.819580078125,16002098681,Ethereum
2024-04-02,3277.234619140625,3506.962890625,3215.985107421875,3504.818359375,22076539151,Ethereum
2024-04-03,3311.44189453125,3368.111572265625,3205.649169921875,3277.32421875,16010734587,Ethereum
2024-04-04,3330.04052734375,3443.20751953125,3253.3193359375,3311.495361328125,14476330517,Ethereum
2024-04-05,3318.88525390625,3345.66650390625,3214.244140625,3330.005859375,15214447092,Ethereum
2024-04-06,3354.183837890625,3397.592529296875,3308.9833984375,3318.86474609375,8956926798,Ethereum
2024-04-07,3453.49462890625,3458.50830078125,3346.11474609375,3354.2138671875,9931108526,Ethereum
2024-04-08,3695.292724609375,3727.616455078125,3409.51171875,3453.498779296875,19055143129,Ethereum
2024-04-09,3505.163330078125,3724.92236328125,3455.107666015625,3695.341796875,18279773833,Ethereum
2024-04-10,3543.737060546875,3561.516357421875,3415.180419921875,3505.156005859375,16872482726,Ethereum
2024-04-11,3505.247802734375,3616.1943359375,3477.171142578125,3543.4521484375,14076734489,Ethereum
2024-04-12,3243.034912109375,3552.589111328125,3103.43017578125,3505.329833984375,22104869556,Ethereum
2024-04-13,3004.900390625,3299.663818359375,2862.3935546875,3242.94091796875,29930408174,Ethereum
2024-04-14,3156.94189453125,3174.66650390625,2914.4228515625,3005.547607421875,25486284994,Ethereum
2024-04-15,3101.600341796875,3277.5615234375,3026.538818359375,3156.830078125,21925843181,Ethereum
2024-04-16,3084.920166015625,3127.160888671875,2997.754638671875,3101.140625,19441391169,Ethereum
2024-04-17,2984.7275390625,3123.669677734375,2918.5537109375,3084.923583984375,17711869375,Ethereum
2024-04-18,3066.027587890625,3094.842041015625,2956.12744140625,2984.705322265625,15183777035,Ethereum
2024-04-19,3059.278564453125,3127.114990234375,2868.7958984375,3065.953125,20399982867,Ethereum
2024-04-20,3157.627197265625,3170.6728515625,3021.784912109375,3059.47802734375,9918642130,Ethereum
2024-04-21,3147.28857421875,3197.50634765625,3119.552001953125,3157.571044921875,9394387894,Ethereum
2024-04-22,3201.652099609375,3236.6591796875,3131.367431640625,3147.66357421875,12063858733,Ethereum
2024-04-23,3219.91162109375,3264.41943359375,3154.58984375,3201.588623046875,11054442653,Ethereum
2024-04-24,3139.80517578125,3292.921630859375,3105.982177734375,3219.95703125,14000234760,Ethereum
2024-04-25,3156.509521484375,3190.976318359375,3074.8046875,3139.624267578125,13989030260,Ethereum
2024-04-26,3130.164794921875,3166.188720703125,3103.10400390625,3156.384033203125,10622333862,Ethereum
2024-04-27,3252.168212890625,3279.451171875,3071.340087890625,3129.72705078125,11820785577,Ethereum
2024-04-28,3262.774658203125,3351.176513671875,3249.149169921875,3252.24560546875,11379192678,Ethereum
2024-04-29,3215.428955078125,3285.46875,3116.199951171875,3262.3408203125,15032246816,Ethereum
2024-04-30,3012.286865234375,3249.37841796875,2918.228759765625,3215.381103515625,18266894653,Ethereum
2024-05-01,2969.78466796875,3020.17333984375,2815.92333984375,3011.015625,20005057445,Ethereum
2024-05-02,2988.16845703125,3015.05029296875,2894.329833984375,2969.79443359375,13163903903,Ethereum
2024-05-03,3103.5419921875,3127.1552734375,2960.18212890625,2988.134521484375,12862183229,Ethereum
2024-05-04,3117.576416015625,3167.541259765625,3096.267578125,3103.61962890625,8283229638,Ethereum
2024-05-05,3137.2490234375,3170.05517578125,3075.586181640625,3117.636962890625,8783447639,Ethereum
2024-05-06,3062.728759765625,3220.15234375,3048.238525390625,3137.51025390625,13008587255,Ethereum
2024-05-07,3006.5771484375,3129.081298828125,3003.013671875,3062.7509765625,11743187337,Ethereum
2024-05-08,2973.6572265625,3037.196044921875,2938.47265625,3006.315673828125,11791662158,Ethereum
2024-05-09,3036.0205078125,3057.958251953125,2951.223876953125,2973.9716796875,10861947179,Ethereum
2024-05-10,2909.791259765625,3052.7294921875,2881.000732421875,3036.231201171875,12278653601,Ethereum
2024-05-11,2911.60205078125,2942.1787109375,2888.083251953125,2909.845458984375,6795916454,Ethereum
2024-05-12,2928.701904296875,2953.04736328125,2902.201904296875,2911.658203125,5908941395,Ethereum
2024-05-13,2949.359619140625,2994.869140625,2865.134521484375,2928.81396484375,13352264795,Ethereum
2024-05-14,2881.157958984375,2959.546630859375,2863.5458984375,2949.213134765625,12444516140,Ethereum
2024-05-15,3037.056640625,3041.602294921875,2864.7353515625,2881.224609375,14666902956,Ethereum
2024-05-16,2945.131103515625,3041.80712890625,2925.08740234375,3036.01416015625,13035465176,Ethereum
2024-05-17,3094.11865234375,3120.3017578125,2934.112548828125,2945.136962890625,14449438097,Ethereum
2024-05-18,3122.948974609375,3146.79052734375,3087.704345703125,3094.553466796875,9407051320,Ethereum
2024-05-19,3071.843017578125,3137.1484375,3056.75439453125,3122.82470703125,8747800800,Ethereum
2024-05-20,3663.85546875,3690.805908203125,3050.2978515625,3071.85888671875,31228143948,Ethereum
2024-05-21,3789.312744140625,3837.372802734375,3628.096435546875,3663.01123046875,37643853967,Ethereum
2024-05-22,3737.2177734375,3810.948486328125,3655.0751953125,3789.372802734375,25155809461,Ethereum
2024-05-23,3776.92724609375,3943.553955078125,3552.642578125,3737.178466796875,45623656317,Ethereum
2024-05-24,3726.9345703125,3825.12255859375,3631.990234375,3776.992431640625,22257061429,Ethereum
2024-05-25,3749.236572265625,3776.006591796875,3710.5283203125,3726.9755859375,10000027764,Ethereum
2024-05-26,3825.8974609375,3879.470703125,3732.02294921875,3749.179931640625,14650794791,Ethereum
2024-05-27,3892.0068359375,3973.556396484375,3821.930419921875,3826.127197265625,18949181813,Ethereum
2024-05-28,3840.25634765625,3924.895751953125,3771.2138671875,3892.096923828125,19846044324,Ethereum
2024-05-29,3763.196533203125,3880.6484375,3742.041259765625,3840.235107421875,17411416736,Ethereum
2024-05-30,3746.849609375,3823.643310546875,3702.263671875,3763.357666015625,15065849797,Ethereum
2024-05-31,3760.026611328125,3843.857666015625,3723.835205078125,3746.861572265625,15290700646,Ethereum
2024-06-01,3813.198974609375,3829.294677734375,3749.840087890625,3759.88427734375,8661024535,Ethereum
2024-06-02,3780.89599609375,3834.911865234375,3752.41455078125,3813.275634765625,11126903059,Ethereum
2024-06-03,3766.38916015625,3848.60302734375,3758.919921875,3780.854248046875,14082454300,Ethereum
2024-06-04,3812.515869140625,3831.364990234375,3738.13427734375,3766.476318359375,13331489271,Ethereum
2024-06-05,3864.260986328125,3887.48583984375,3778.65576171875,3812.560791015625,15480034434,Ethereum
2024-06-06,3811.60595703125,3878.05224609375,3761.775390625,3864.263427734375,13606583873,Ethereum
2024-06-07,3678.629150390625,3838.4521484375,3615.2802734375,3811.666015625,18220286186,Ethereum
2024-06-08,3680.949951171875,3707.497314453125,3669.637939453125,3677.400390625,9096091805,Ethereum
2024-06-09,3705.90380859375,3719.36767578125,3668.12353515625,3680.93603515625,7910768788,Ethereum
2024-06-10,3666.717529296875,3711.4287109375,3648.16455078125,3705.877197265625,10377300126,Ethereum
2024-06-11,3498.33056640625,3669.890869140625,3434.7490234375,3666.35888671875,19184721538,Ethereum
2024-06-12,3559.61767578125,3652.4921875,3463.784912109375,3497.89697265625,17142905351,Ethereum
2024-06-13,3469.28125,3559.725341796875,3431.33349609375,3559.725341796875,14472382154,Ethereum
2024-06-14,3480.27197265625,3528.602294921875,3366.223876953125,3467.969970703125,15793876596,Ethereum
2024-06-15,3565.549560546875,3589.887451171875,3473.45263671875,3479.78564453125,12733651076,Ethereum
2024-06-16,3620.5634765625,3648.093017578125,3541.534423828125,3566.761962890625,9878388158,Ethereum
2024-06-17,3511.37890625,3634.285400390625,3468.14892578125,3622.383544921875,17838856988,Ethereum
2024-06-18,3483.681396484375,3514.17724609375,3371.59033203125,3510.565185546875,21022514455,Ethereum
2024-06-19,3559.347412109375,3583.320068359375,3466.48095703125,3482.350830078125,15275373778,Ethereum
2024-06-20,3511.0869140625,3623.886474609375,3485.4599609375,3559.347412109375,16115123753,Ethereum
2024-06-21,3516.07568359375,3542.957275390625,3447.935546875,3511.268310546875,15933353456,Ethereum
2024-06-22,3494.8134765625,3519.49755859375,3477.169921875,3516.55126953125,7423703673,Ethereum
2024-06-23,3418.61181640625,3519.324951171875,3408.5830078125,3494.953857421875,9418141333,Ethereum
2024-06-24,3350.25634765625,3430.698974609375,3244.241455078125,3418.783203125,23137744903,Ethereum
2024-06-25,3395.029052734375,3422.21337890625,3335.556884765625,3350.5556640625,13235546063,Ethereum
2024-06-26,3369.477294921875,3421.509521484375,3328.390625,3394.373291015625,11694054195,Ethereum
2024-06-27,3444.800537109375,3470.923095703125,3362.2646484375,3368.88623046875,11771834016,Ethereum
2024-06-28,3373.635986328125,3482.95751953125,3363.4375,3445.498779296875,12861158844,Ethereum
2024-06-29,3372.9677734375,3401.730224609375,3369.552734375,3373.68994140625,6584792001,Ethereum
2024-06-30,3432.88916015625,3453.21142578125,3352.284423828125,3373.07568359375,8396416013,Ethereum
2024-07-01,3440.341552734375,3513.310791015625,3425.3232421875,3432.607421875,12281551839,Ethereum
2024-07-02,3416.354736328125,3459.761474609375,3399.026123046875,3439.38134765625,9421757718,Ethereum
2024-07-03,3292.916748046875,3426.332275390625,3254.521240234375,3416.2548828125,16121324440,Ethereum
2024-07-04,3054.52197265625,3309.20361328125,3054.52197265625,3291.81787109375,20252514386,Ethereum
2024-07-05,2981.5986328125,3106.152587890625,2826.014404296875,3057.833251953125,31131942647,Ethereum
2024-07-06,3069.3779296875,3080.107421875,2957.395751953125,2981.988037109375,11586293705,Ethereum
2024-07-07,2929.38720703125,3072.814453125,2923.959228515625,3067.405029296875,10857947538,Ethereum
2024-07-08,3018.73193359375,3090.66455078125,2826.481689453125,2929.861572265625,22627377457,Ethereum
2024-07-09,3064.032958984375,3105.800537109375,3005.522216796875,3018.80322265625,15269945822,Ethereum
2024-07-10,3102.21875,3148.407470703125,3026.6083984375,3066.13720703125,14578679176,Ethereum
2024-07-11,3100.330810546875,3208.9384765625,3057.21923828125,3101.335205078125,15230095766,Ethereum
2024-07-12,3134.15869140625,3154.6015625,3048.508056640625,3099.989990234375,12751638331,Ethereum
2024-07-13,3177.19873046875,3199.989501953125,3115.080322265625,3134.550537109375,8565105946,Ethereum
2024-07-14,3244.0791015625,3266.487548828125,3166.43115234375,3176.741455078125,10517709666,Ethereum
2024-07-15,3489.552734375,3494.098388671875,3235.776123046875,3246.131591796875,18305490390,Ethereum
2024-07-16,3443.513427734375,3498.218994140625,3351.77978515625,3486.14404296875,20446664416,Ethereum
2024-07-17,3388.75244140625,3516.104248046875,3379.099609375,3446.73681640625,16739123962,Ethereum
2024-07-18,3426.258544921875,3488.715576171875,3374.990478515625,3388.030029296875,15035622003,Ethereum
2024-07-19,3505.73486328125,3540.58837890625,3377.877685546875,3425.90869140625,17705629736,Ethereum
2024-07-20,3519.29541015625,3539.904296875,3482.489013671875,3505.721435546875,10360198325,Ethereum
2024-07-21,3536.60546875,3546.619140625,3415.44384765625,3519.426513671875,13845913681,Ethereum
2024-07-22,3440.419921875,3560.075439453125,3425.795654296875,3536.627197265625,18723199034,Ethereum
2024-07-23,3481.995849609375,3539.53173828125,3395.4208984375,3440.768310546875,24468405650,Ethereum
2024-07-24,3336.33935546875,3487.653076171875,3304.039306640625,3482.15185546875,16040945448,Ethereum
2024-07-25,3174.42724609375,3341.4384765625,3088.764404296875,3336.3623046875,25293745810,Ethereum
2024-07-26,3275.951416015625,3285.760986328125,3172.777099609375,3174.051025390625,15993893521,Ethereum
2024-07-27,3247.60791015625,3327.426513671875,3195.356689453125,3275.8916015625,15198233287,Ethereum
2024-07-28,3271.464599609375,3283.152099609375,3201.76318359375,3247.50732421875,8959236446,Ethereum
2024-07-29,3320.539306640625,3396.625732421875,3257.715576171875,3271.453369140625,18334852719,Ethereum
2024-07-30,3278.667724609375,3365.322509765625,3235.760009765625,3320.63525390625,14045773047,Ethereum
2024-07-31,3231.295654296875,3347.636474609375,3216.07177734375,3278.6865234375,16135380637,Ethereum
2024-08-01,3201.564453125,3241.77734375,3078.5439453125,3231.248779296875,20217639556,Ethereum
2024-08-02,2986.01318359375,3214.527099609375,2965.73388671875,3201.599365234375,21400241741,Ethereum
2024-08-03,2903.3857421875,3015.296142578125,2861.177490234375,2985.950927734375,17844091431,Ethereum
2024-08-04,2686.39892578125,2931.4716796875,2639.566650390625,2903.088623046875,21139601426,Ethereum
2024-08-05,2417.206298828125,2695.88671875,2122.546142578125,2686.027587890625,67668132244,Ethereum
2024-08-06,2458.723876953125,2553.5810546875,2416.527099609375,2417.269775390625,26041995921,Ethereum
2024-08-07,2336.58935546875,2551.560791015625,2312.168701171875,2458.989013671875,24264218606,Ethereum
2024-08-08,2683.352783203125,2721.95458984375,2322.529541015625,2336.9150390625,23468291180,Ethereum
2024-08-09,2599.5986328125,2706.451171875,2555.2294921875,2683.719970703125,17907141655,Ethereum
2024-08-10,2610.02294921875,2642.92578125,2580.661865234375,2599.582275390625,9361014219,Ethereum
2024-08-11,2553.252197265625,2718.797607421875,2544.1748046875,2609.9697265625,13595441987,Ethereum
2024-08-12,2724.431884765625,2749.135009765625,2513.39404296875,2553.49658203125,21653090666,Ethereum
2024-08-13,2703.671875,2737.990478515625,2613.80126953125,2724.303466796875,16383053029,Ethereum
2024-08-14,2662.914794921875,2775.281005859375,2636.705322265625,2703.5869140625,15825365408,Ethereum
2024-08-15,2570.087646484375,2675.314453125,2518.670654296875,2662.885498046875,16345801912,Ethereum
2024-08-16,2593.1865234375,2629.383544921875,2553.071533203125,2570.085205078125,13275561555,Ethereum
2024-08-17,2614.546875,2626.6728515625,2588.78515625,2593.1669921875,6676568717,Ethereum
2024-08-18,2613.357177734375,2684.031005859375,2596.735107421875,2614.109619140625,9207267415,Ethereum
2024-08-19,2637.306396484375,2648.284423828125,2566.401123046875,2612.718505859375,11968963282,Ethereum
2024-08-20,2573.10693359375,2695.913818359375,2556.74755859375,2637.306396484375,13249483464,Ethereum
2024-08-21,2631.3955078125,2662.953369140625,2538.65771484375,2573.10888671875,12766015263,Ethereum
2024-08-22,2622.951416015625,2644.82373046875,2587.110595703125,2630.8642578125,10723280428,Ethereum
2024-08-23,2764.447021484375,2799.329833984375,2622.5810546875,2622.916015625,16857181970,Ethereum
2024-08-24,2769.3896484375,2820.0205078125,2737.776611328125,2765.4814453125,11765811307,Ethereum
2024-08-25,2749.15771484375,2793.012939453125,2736.0888671875,2769.09814453125,9375535539,Ethereum
2024-08-26,2681.340576171875,2763.004150390625,2668.88671875,2749.24755859375,12282035835,Ethereum
2024-08-27,2458.7265625,2700.15283203125,2401.175048828125,2681.622802734375,18028996056,Ethereum
2024-08-28,2528.41552734375,2553.820068359375,2422.293701171875,2458.90478515625,20359545410,Ethereum
2024-08-29,2528.792724609375,2595.97705078125,2507.50244140625,2528.3623046875,13946434277,Ethereum
2024-08-30,2525.822021484375,2539.915283203125,2432.83447265625,2528.732177734375,15526218255,Ethereum
2024-08-31,2513.393798828125,2532.389892578125,2493.70556640625,2525.859130859375,6646876013,Ethereum
2024-09-01,2427.90234375,2515.46728515625,2401.88916015625,2513.42431640625,11800443265,Ethereum
2024-09-02,2538.187255859375,2563.0859375,2426.095947265625,2427.973388671875,12520444224,Ethereum
2024-09-03,2420.603759765625,2552.802734375,2419.875244140625,2538.16064453125,11406800197,Ethereum
2024-09-04,2448.97705078125,2488.91650390625,2313.26513671875,2420.1923828125,16709600747,Ethereum
2024-09-05,2367.737548828125,2465.38525390625,2348.86328125,2448.98681640625,13632325040,Ethereum
2024-09-06,2223.87646484375,2406.511962890625,2150.86328125,2367.700927734375,25825618367,Ethereum
2024-09-07,2274.107177734375,2310.19482421875,2222.100830078125,2223.92919921875,11124608320,Ethereum
2024-09-08,2297.29296875,2332.359375,2243.911376953125,2274.437744140625,10718443487,Ethereum
2024-09-09,2358.482177734375,2379.78662109375,2274.115478515625,2297.896240234375,15887712451,Ethereum
2024-09-10,2389.5810546875,2398.50390625,2323.07177734375,2358.497802734375,12795818970,Ethereum
2024-09-11,2339.841552734375,2389.71826171875,2279.0537109375,2389.603759765625,15355180967,Ethereum
2024-09-12,2361.78173828125,2390.186767578125,2316.15771484375,2339.8408203125,12162634681,Ethereum
2024-09-13,2441.607177734375,2462.802978515625,2338.14404296875,2361.740966796875,13759640866,Ethereum
2024-09-14,2418.595703125,2442.632080078125,2386.979736328125,2441.580810546875,8170291680,Ethereum
2024-09-15,2320.897216796875,2430.38330078125,2286.628173828125,2418.26611328125,10155470375,Ethereum
2024-09-16,2295.28369140625,2334.789794921875,2253.715087890625,2320.89453125,16819033263,Ethereum
2024-09-17,2341.707763671875,2392.149169921875,2263.79296875,2295.284423828125,15356783863,Ethereum
2024-09-18,2369.72900390625,2369.72900390625,2278.66455078125,2341.73291015625,18159056422,Ethereum
2024-09-19,2464.752197265625,2492.20458984375,2369.374755859375,2369.374755859375,18437147349,Ethereum
2024-09-20,2561.072021484375,2571.99267578125,2439.3779296875,2464.7822265625,19112788620,Ethereum
2024-09-21,2615.857177734375,2621.62255859375,2530.837890625,2560.879638671875,10797825021,Ethereum
2024-09-22,2582.862548828125,2632.039306640625,2528.522216796875,2615.84814453125,13180663011,Ethereum
2024-09-23,2648.54638671875,2701.677734375,2541.910400390625,2582.77490234375,19912841456,Ethereum
2024-09-24,2654.35498046875,2671.27587890625,2593.152099609375,2648.482177734375,16658812503,Ethereum
2024-09-25,2579.388671875,2672.4619140625,2557.724365234375,2654.361572265625,14119729962,Ethereum
2024-09-26,2632.199951171875,2665.99267578125,2559.954345703125,2579.217529296875,17336033595,Ethereum
2024-09-27,2695.900634765625,2728.067626953125,2616.950927734375,2632.241943359375,17023020294,Ethereum
2024-09-28,2677.5390625,2704.9287109375,2652.25048828125,2695.81591796875,10252590559,Ethereum
2024-09-29,2659.346923828125,2683.44580078125,2635.5849609375,2677.628662109375,11126215671,Ethereum
2024-09-30,2603.062744140625,2662.489013671875,2576.97607421875,2659.292724609375,17826446789,Ethereum
2024-10-01,2448.921142578125,2657.615478515625,2415.07861328125,2603.26416015625,25482371785,Ethereum
2024-10-02,2365.231689453125,2498.121337890625,2354.539306640625,2448.877197265625,20148256472,Ethereum
2024-10-03,2349.791259765625,2402.862548828125,2311.02783203125,2365.213623046875,18051447791,Ethereum
2024-10-04,2414.7939453125,2440.242431640625,2339.870849609375,2349.73291015625,14879264082,Ethereum
2024-10-05,2415.6318359375,2427.517578125,2390.844482421875,2414.84716796875,8152969183,Ethereum
2024-10-06,2439.957763671875,2456.630615234375,2407.099365234375,2415.53173828125,8458690205,Ethereum
2024-10-07,2421.796630859375,2520.40625,2405.13427734375,2439.94482421875,17414044416,Ethereum
2024-10-08,2439.8408203125,2464.12744140625,2400.5107421875,2421.98095703125,14067361080,Ethereum
2024-10-09,2368.283447265625,2470.9130859375,2350.946533203125,2439.840087890625,14954047093,Ethereum
2024-10-10,2383.85791015625,2417.2880859375,2329.78466796875,2368.273193359375,15327769940,Ethereum
2024-10-11,2436.513427734375,2470.395751953125,2380.504638671875,2383.940185546875,13489061564,Ethereum
2024-10-12,2476.523193359375,2488.23779296875,2434.202880859375,2436.515625,9372169184,Ethereum
2024-10-13,2467.677001953125,2484.12939453125,2436.9697265625,2476.520263671875,9189490605,Ethereum
2024-10-14,2628.89990234375,2652.8818359375,2443.552978515625,2467.6474609375,21434687898,Ethereum
2024-10-15,2606.02197265625,2685.166748046875,2537.94091796875,2629.017578125,22003780898,Ethereum
2024-10-16,2611.10205078125,2644.854248046875,2589.60693359375,2606.01953125,17012396419,Ethereum
2024-10-17,2604.2734375,2646.8740234375,2577.305908203125,2611.192138671875,15150712321,Ethereum
2024-10-18,2641.55224609375,2674.371826171875,2595.958984375,2604.814453125,17043738652,Ethereum
2024-10-19,2648.656982421875,2661.872802734375,2631.656982421875,2641.48828125,8557834553,Ethereum
2024-10-20,2746.364013671875,2756.436767578125,2635.94580078125,2648.665771484375,14559296242,Ethereum
2024-10-21,2665.712158203125,2765.549560546875,2655.29443359375,2746.3056640625,17328615363,Ethereum
2024-10-22,2620.197509765625,2669.7900390625,2605.61865234375,2665.65673828125,15541911074,Ethereum
2024-10-23,2509.098876953125,2624.450439453125,2457.169921875,2620.088623046875,17876984551,Ethereum
2024-10-24,2534.49853515625,2559.1513671875,2506.722900390625,2523.60693359375,16128627601,Ethereum
2024-10-25,2435.93408203125,2563.734130859375,2381.45068359375,2534.454833984375,22560233078,Ethereum
2024-10-26,2479.603271484375,2503.23046875,2427.46142578125,2436.050048828125,13597102184,Ethereum
2024-10-27,2505.940673828125,2523.17138671875,2462.27197265625,2479.93701171875,9801434566,Ethereum
2024-10-28,2565.34814453125,2587.43017578125,2470.268310546875,2505.590576171875,18971841402,Ethereum
2024-10-29,2637.95751953125,2680.054443359375,2560.15380859375,2565.41796875,22185845095,Ethereum
2024-10-30,2657.37255859375,2720.271484375,2600.609619140625,2637.64013671875,22382690746,Ethereum
2024-10-31,2515.79931640625,2667.5595703125,2501.572265625,2657.213134765625,19760409505,Ethereum
2024-11-01,2511.885498046875,2583.777099609375,2467.8193359375,2515.870361328125,20215438328,Ethereum
2024-11-02,2491.068603515625,2522.360595703125,2471.95556640625,2512.208251953125,9639457439,Ethereum
2024-11-03,2456.42529296875,2495.4365234375,2411.3984375,2491.094482421875,15667779706,Ethereum
2024-11-04,2397.0263671875,2488.350341796875,2359.578125,2456.09521484375,17110200696,Ethereum
2024-11-05,2422.650634765625,2478.618896484375,2380.601318359375,2397.036376953125,17894057485,Ethereum
2024-11-06,2724.169189453125,2743.964111328125,2421.81298828125,2422.539306640625,41887574364,Ethereum
2024-11-07,2895.58544921875,2918.744384765625,2701.5908203125,2724.005859375,35352318438,Ethereum
2024-11-08,2962.296630859375,2983.744873046875,2889.484375,2895.597900390625,32303261101,Ethereum
2024-11-09,3131.14453125,3156.3662109375,2957.182373046875,2962.791015625,29210133088,Ethereum
2024-11-10,3191.331298828125,3249.9140625,3073.248779296875,3130.729248046875,47418730187,Ethereum
2024-11-11,3374.81298828125,3389.529296875,3109.76953125,3191.656982421875,55417771668,Ethereum
2024-11-12,3246.25732421875,3444.154052734375,3211.198486328125,3375.15478515625,56686078066,Ethereum
2024-11-13,3192.595947265625,3337.877197265625,3121.666015625,3244.543212890625,52010205682,Ethereum
2024-11-14,3058.94873046875,3240.270751953125,3032.971923828125,3192.5205078125,35743352141,Ethereum
2024-11-15,3103.04052734375,3130.703857421875,3016.14404296875,3059.526123046875,32701369872,Ethereum
2024-11-16,3133.27392578125,3218.089599609375,3073.286376953125,3089.739990234375,26650658846,Ethereum
2024-11-17,3075.66162109375,3160.152587890625,3039.246826171875,3133.306640625,28348163224,Ethereum
2024-11-18,3207.8564453125,3225.130615234375,3052.4912109375,3075.722900390625,35445557613,Ethereum
2024-11-19,3111.384033203125,3222.00439453125,3070.36279296875,3208.25048828125,29823634432,Ethereum
2024-11-20,3072.18798828125,3159.949462890625,3032.603271484375,3111.116943359375,29785491216,Ethereum
2024-11-21,3361.053955078125,3388.54296875,3035.8466796875,3072.05517578125,51619069348,Ethereum
2024-11-22,3331.600830078125,3428.46044921875,3262.808837890625,3360.654296875,36775716442,Ethereum
2024-11-23,3396.223388671875,3499.370849609375,3317.65478515625,3331.6455078125,38835184688,Ethereum
2024-11-24,3363.659912109375,3451.80224609375,3288.430908203125,3396.99951171875,27901454185,Ethereum
2024-11-25,3413.5439453125,3545.27880859375,3304.093994140625,3364.6015625,51544793988,Ethereum
2024-11-26,3326.517333984375,3461.29296875,3255.54296875,3412.950927734375,39902959158,Ethereum
2024-11-27,3657.249267578125,3687.009033203125,3303.56787109375,3326.029052734375,43383987191,Ethereum
2024-11-28,3579.8115234375,3664.878173828125,3531.87060546875,3656.609619140625,32362724276,Ethereum
2024-11-29,3593.494384765625,3647.264404296875,3538.44677734375,3579.91064453125,27622629486,Ethereum
2024-11-30,3705.705322265625,3739.934814453125,3572.254150390625,3593.59814453125,30670867436,Ethereum
2024-12-01,3711.1650390625,3747.455322265625,3663.234130859375,3706.619873046875,28018113530,Ethereum
2024-12-02,3644.198486328125,3761.343017578125,3557.252197265625,3710.495361328125,47284967570,Ethereum
2024-12-03,3620.711669921875,3670.2197265625,3504.226318359375,3643.7421875,36839829742,Ethereum
2024-12-04,3841.3310546875,3895.17431640625,3617.74462890625,3620.03759765625,56799745752,Ethereum
2024-12-05,3811.00830078125,3956.54150390625,3683.4208984375,3840.844482421875,60568296606,Ethereum
2024-12-06,4005.810546875,4093.172119140625,3782.681396484375,3792.20849609375,52853668566,Ethereum
2024-12-07,4002.692626953125,4029.452880859375,3974.17626953125,4006.02880859375,22574636761,Ethereum
2024-12-08,4005.70458984375,4018.0,3927.85400390625,4007.690673828125,20943378971,Ethereum
2024-12-09,3718.6904296875,4008.77783203125,3525.23291015625,4006.101806640625,57029832059,Ethereum
2024-12-10,3631.833740234375,3780.75341796875,3520.365234375,3719.00048828125,58416417599,Ethereum
2024-12-11,3832.822021484375,3850.765380859375,3567.56640625,3631.276123046875,35968053196,Ethereum
2024-12-12,3883.1015625,3987.005859375,3800.0908203125,3833.172119140625,42971675764,Ethereum
2024-12-13,3911.205322265625,3967.395263671875,3855.023681640625,3883.030029296875,34895127659,Ethereum
2024-12-14,3868.4052734375,3943.278076171875,3826.761962890625,3910.847900390625,28756190559,Ethereum
2024-12-15,3951.941162109375,3971.498046875,3832.0966796875,3868.441162109375,25069616984,Ethereum
2024-12-16,3987.48095703125,4106.95556640625,3882.705322265625,3951.65283203125,46536359669,Ethereum
2024-12-17,3886.76611328125,4040.337890625,3849.28662109375,3987.333984375,35418700472,Ethereum
2024-12-18,3618.791259765625,3902.715576171875,3617.840576171875,3886.886962890625,48946681636,Ethereum
2024-12-19,3417.927978515625,3717.662353515625,3330.87255859375,3619.58203125,58879190250,Ethereum
2024-12-20,3472.553466796875,3496.327392578125,3098.20361328125,3417.93017578125,66383827229,Ethereum
2024-12-21,3337.222412109375,3552.921630859375,3293.505615234375,3472.589111328125,31579389836,Ethereum
2024-12-22,3277.53515625,3398.657470703125,3219.294921875,3336.998779296875,24780768375,Ethereum
2024-12-23,3415.785400390625,3461.52783203125,3217.36865234375,3277.51416015625,34496081389,Ethereum
2024-12-24,3492.0498046875,3535.857666015625,3355.609130859375,3415.738037109375,23083678195,Ethereum
2024-12-25,3493.2353515625,3542.833740234375,3440.09716796875,3491.95751953125,17651873225,Ethereum
2024-12-26,3331.225830078125,3512.6044921875,3302.306396484375,3493.30419921875,22247726776,Ethereum
2024-12-27,3328.9169921875,3436.710693359375,3302.57568359375,3331.0537109375,24091627403,Ethereum
2024-12-28,3397.90234375,3419.920166015625,3318.033935546875,3328.774658203125,14305648523,Ethereum
2024-12-29,3349.513427734375,3406.6484375,3321.664794921875,3397.862548828125,13440907792,Ethereum
2024-12-30,3356.392578125,3428.52734375,3298.804443359375,3349.5859375,26981583962,Ethereum
2024-12-31,3332.53173828125,3444.396728515625,3311.41259765625,3356.394775390625,20845452085,Ethereum
2025-01-01,3353.504150390625,3366.531494140625,3310.255859375,3332.406494140625,14195410493,Ethereum
2025-01-02,3451.392578125,3493.4482421875,3348.35205078125,3353.412109375,22243574698,Ethereum
2025-01-03,3605.009765625,3627.0556640625,3421.83154296875,3451.680908203125,21877299255,Ethereum
2025-01-04,3657.706787109375,3669.19677734375,3574.326904296875,3605.20068359375,16060610759,Ethereum
2025-01-05,3634.103759765625,3673.81298828125,3594.616943359375,3657.7431640625,12830306908,Ethereum
2025-01-06,3688.611328125,3743.941650390625,3611.21435546875,3634.11376953125,23973574043,Ethereum
2025-01-07,3381.577392578125,3701.10693359375,3358.08984375,3688.34130859375,32235312545,Ethereum
2025-01-08,3326.329345703125,3413.682861328125,3209.214599609375,3381.615478515625,34337730882,Ethereum
2025-01-09,3219.4306640625,3355.8623046875,3159.384033203125,3326.359619140625,28815726276,Ethereum
2025-01-10,3267.489990234375,3320.50048828125,3196.1103515625,3219.49658203125,26503845190,Ethereum
2025-01-11,3282.2177734375,3317.654296875,3219.69873046875,3267.5224609375,11772144561,Ethereum
2025-01-12,3265.951171875,3298.018310546875,3224.510498046875,3282.150390625,11647743556,Ethereum
2025-01-13,3135.499755859375,3335.193603515625,2920.5927734375,3266.095458984375,39911742769,Ethereum
2025-01-14,3223.6845703125,3254.75146484375,3126.805908203125,3135.670166015625,22847737224,Ethereum
2025-01-15,3450.53759765625,3473.1015625,3186.139892578125,3223.6845703125,25991614661,Ethereum
2025-01-16,3308.34521484375,3458.1806640625,3265.67578125,3450.30517578125,26395516475,Ethereum
2025-01-17,3474.107177734375,3525.54345703125,3307.31103515625,3308.191162109375,28200207229,Ethereum
2025-01-18,3305.78955078125,3493.06005859375,3228.333740234375,3473.563720703125,32420094038,Ethereum
2025-01-19,3208.96435546875,3444.20654296875,3127.623046875,3305.39794921875,57242875399,Ethereum
2025-01-20,3278.035400390625,3444.28271484375,3147.52294921875,3208.933837890625,52383187336,Ethereum
2025-01-21,3327.40625,3365.778076171875,3202.49267578125,3278.43603515625,32804001146,Ethereum
2025-01-22,3240.224609375,3364.74609375,3223.385986328125,3327.2373046875,22171220981,Ethereum
2025-01-23,3334.714111328125,3346.732421875,3184.06689453125,3240.475341796875,32419520084,Ethereum
2025-01-24,3309.554931640625,3424.89990234375,3277.3232421875,3334.808349609375,25578325671,Ethereum
2025-01-25,3317.26953125,3349.29833984375,3270.273193359375,3309.711669921875,13744316078,Ethereum
2025-01-26,3236.13427734375,3359.3125,3233.922119140625,3317.29150390625,14471528757,Ethereum
2025-01-27,3178.92041015625,3250.396484375,3024.091552734375,3235.855224609375,39412486482,Ethereum
2025-01-28,3077.112548828125,3222.7373046875,3040.09228515625,3179.0869140625,20718206194,Ethereum
2025-01-29,3112.9990234375,3177.98046875,3055.181640625,3076.380126953125,22727786058,Ethereum
2025-01-30,3247.780029296875,3282.986328125,3093.123779296875,3113.289794921875,19958405782,Ethereum
2025-01-31,3298.26513671875,3437.569091796875,3214.935546875,3247.8671875,30128115902,Ethereum
2025-02-01,3118.32861328125,3329.6552734375,3103.9189453125,3298.822265625,19917507079,Ethereum
2025-02-02,2868.69287109375,3161.894287109375,2755.474609375,3118.611572265625,42060930305,Ethereum
2025-02-03,2884.566650390625,2919.477294921875,2159.280517578125,2868.07861328125,92453553253,Ethereum
2025-02-04,2735.05126953125,2888.25,2636.165771484375,2883.818359375,48795275985,Ethereum
2025-02-05,2787.779052734375,2824.400146484375,2701.10498046875,2735.225830078125,31960764447,Ethereum
2025-02-06,2688.40087890625,2857.14208984375,2662.44580078125,2787.65869140625,29500645692,Ethereum
2025-02-07,2622.211181640625,2798.02880859375,2564.96826171875,2688.8974609375,29526663418,Ethereum
2025-02-08,2632.308349609375,2665.484619140625,2591.778564453125,2623.001953125,17059263074,Ethereum
2025-02-09,2628.72119140625,2695.222412109375,2530.435791015625,2632.578125,17517088276,Ethereum
2025-02-10,2661.166748046875,2692.80859375,2564.0185546875,2628.650146484375,19414208113,Ethereum
2025-02-11,2602.781982421875,2724.90234375,2565.397216796875,2661.315673828125,21156550492,Ethereum
2025-02-12,2736.902099609375,2794.867431640625,2551.174560546875,2602.828125,26919387954,Ethereum
2025-02-13,2675.902587890625,2756.443359375,2615.667724609375,2737.028564453125,19481004625,Ethereum
2025-02-14,2726.091552734375,2790.023681640625,2666.26806640625,2675.939453125,17732289901,Ethereum
2025-02-15,2693.559814453125,2738.68115234375,2668.53173828125,2726.07470703125,10803019357,Ethereum
2025-02-16,2663.31591796875,2724.096435546875,2655.297607421875,2693.5625,10593602117,Ethereum
2025-02-17,2743.19970703125,2848.7841796875,2640.18212890625,2663.2294921875,24170425078,Ethereum
2025-02-18,2669.3388671875,2754.6767578125,2606.900390625,2743.02294921875,23004152928,Ethereum
2025-02-19,2715.77099609375,2735.917724609375,2656.375732421875,2669.21337890625,15272401903,Ethereum
2025-02-20,2740.386474609375,2770.030517578125,2708.216064453125,2715.6826171875,15917259320,Ethereum
2025-02-21,2659.655517578125,2842.8271484375,2616.91943359375,2740.022216796875,31441524621,Ethereum
2025-02-22,2764.029296875,2797.057861328125,2653.867431640625,2660.035888671875,16403164397,Ethereum
2025-02-23,2821.310302734375,2850.6103515625,2746.773681640625,2764.031005859375,20493767269,Ethereum
2025-02-24,2513.8212890625,2839.010009765625,2478.8994140625,2820.456298828125,29127380459,Ethereum
2025-02-25,2493.592529296875,2529.669189453125,2326.632080078125,2514.2109375,40044790246,Ethereum
2025-02-26,2331.45263671875,2503.422119140625,2255.054931640625,2493.381591796875,28815111323,Ethereum
2025-02-27,2305.484375,2378.08740234375,2230.4482421875,2331.51025390625,24286213447,Ethereum
2025-02-28,2237.9052734375,2310.94921875,2076.169921875,2305.56005859375,35737904667,Ethereum
2025-03-01,2216.643310546875,2279.873046875,2144.090087890625,2237.942138671875,16135258239,Ethereum
2025-03-02,2519.694580078125,2548.811767578125,2175.321533203125,2216.521728515625,34854193845,Ethereum
2025-03-03,2145.573974609375,2522.316650390625,2097.076171875,2519.531005859375,31473561910,Ethereum
2025-03-04,2170.01513671875,2220.358642578125,1996.767578125,2145.65283203125,33935738380,Ethereum
2025-03-05,2241.977294921875,2272.79736328125,2156.099365234375,2169.98681640625,22105432727,Ethereum
2025-03-06,2202.476806640625,2319.396240234375,2177.677001953125,2241.906494140625,18509069102,Ethereum
2025-03-07,2138.987548828125,2254.232421875,2103.47265625,2202.498291015625,22425792863,Ethereum
2025-03-08,2201.51025390625,2232.3271484375,2107.72802734375,2139.7978515625,10533204814,Ethereum
2025-03-09,2015.5091552734375,2210.313720703125,1991.1934814453125,2201.708740234375,16103964994,Ethereum
2025-03-10,1861.1513671875,2150.706298828125,1812.766845703125,2015.430419921875,35005066442,Ethereum
2025-03-11,1919.844970703125,1961.7977294921875,1760.9417724609375,1859.7777099609375,30898385863,Ethereum
2025-03-12,1908.982666015625,1954.5711669921875,1832.01904296875,1919.664794921875,22898872951,Ethereum
2025-03-13,1862.9696044921875,1919.688232421875,1823.525390625,1909.015380859375,17977225564,Ethereum
2025-03-14,1909.467529296875,1945.0914306640625,1861.10595703125,1862.9979248046875,12122715282,Ethereum
2025-03-15,1937.3946533203125,1955.2384033203125,1904.9656982421875,1909.528076171875,6456484591,Ethereum
2025-03-16,1887.43505859375,1940.474365234375,1863.489013671875,1937.384765625,9292997638,Ethereum
2025-03-17,1927.0029296875,1951.6259765625,1880.484375,1887.44921875,10436892087,Ethereum
2025-03-18,1932.54345703125,1935.1820068359375,1872.5089111328125,1927.0057373046875,10170844746,Ethereum
2025-03-19,2057.7490234375,2068.764404296875,1928.24951171875,1932.5445556640625,20065206266,Ethereum
2025-03-20,1982.099853515625,2067.483642578125,1952.2432861328125,2057.951171875,13217865782,Ethereum
2025-03-21,1964.8475341796875,1994.8914794921875,1937.2115478515625,1981.85302734375,9708125480,Ethereum
2025-03-22,1980.037841796875,2005.0411376953125,1964.27099609375,1964.9404296875,6117036512,Ethereum
2025-03-23,2005.2991943359375,2019.889404296875,1977.7093505859375,1979.983642578125,7522339707,Ethereum
2025-03-24,2077.47900390625,2101.9833984375,1978.7637939453125,2005.7183837890625,14044912402,Ethereum
2025-03-25,2067.76416015625,2096.518310546875,2038.64453125,2078.568115234375,11735658914,Ethereum
2025-03-26,2009.1893310546875,2078.369140625,1982.412353515625,2067.5087890625,13178523590,Ethereum
2025-03-27,2002.357421875,2037.3961181640625,1987.7177734375,2008.9405517578125,11593274543,Ethereum
2025-03-28,1895.5029296875,2015.454345703125,1863.0106201171875,2002.4105224609375,18160526498,Ethereum
2025-03-29,1827.3203125,1911.90087890625,1799.2008056640625,1895.5496826171875,12194771785,Ethereum
2025-03-30,1806.2186279296875,1847.570556640625,1769.4127197265625,1827.31103515625,9854857162,Ethereum
2025-03-31,1823.47998046875,1852.5513916015625,1778.6922607421875,1806.3165283203125,15765030938,Ethereum
2025-04-01,1905.491455078125,1926.302978515625,1820.350341796875,1823.5623779296875,15001220420,Ethereum
2025-04-02,1795.313232421875,1951.1802978515625,1782.76025390625,1905.484619140625,22593742104,Ethereum
2025-04-03,1815.63720703125,1844.071044921875,1751.380859375,1794.97607421875,16450974373,Ethereum
2025-04-04,1815.335205078125,1833.956787109375,1760.588623046875,1815.60986328125,18061720814,Ethereum
2025-04-05,1805.9732666015625,1826.298583984375,1767.5135498046875,1815.344970703125,6374712479,Ethereum
2025-04-06,1576.72802734375,1815.5748291015625,1539.43798828125,1805.9630126953125,22154445576,Ethereum
2025-04-07,1555.240966796875,1634.0411376953125,1415.37353515625,1576.9498291015625,46073959047,Ethereum
2025-04-08,1472.5531005859375,1617.33984375,1447.610107421875,1554.93212890625,21315312919,Ethereum
2025-04-09,1668.0400390625,1687.18798828125,1386.79931640625,1472.6014404296875,39252195855,Ethereum
2025-04-10,1522.518798828125,1669.3941650390625,1474.9141845703125,1668.2017822265625,21379604307,Ethereum
2025-04-11,1567.1497802734375,1587.53857421875,1505.001953125,1522.4730224609375,14871838813,Ethereum
2025-04-12,1643.528564453125,1666.017578125,1546.819580078125,1567.15576171875,12110995013,Ethereum
2025-04-13,1596.685791015625,1648.2867431640625,1564.8388671875,1643.5010986328125,13909890792,Ethereum
2025-04-14,1622.7698974609375,1689.8575439453125,1596.0865478515625,1596.8818359375,16518325094,Ethereum
2025-04-15,1588.6324462890625,1659.836181640625,1585.2291259765625,1622.7718505859375,13175452875,Ethereum
2025-04-16,1578.1053466796875,1610.7821044921875,1540.0338134765625,1589.031005859375,15339621551,Ethereum
2025-04-17,1582.54833984375,1615.306884765625,1564.1956787109375,1578.01416015625,11312160796,Ethereum
2025-04-18,1588.9246826171875,1599.4168701171875,1573.9039306640625,1582.397216796875,7123507323,Ethereum
2025-04-19,1612.9228515625,1629.051513671875,1585.4730224609375,1588.9697265625,7168138700,Ethereum
2025-04-20,1587.5142822265625,1618.436767578125,1566.6915283203125,1612.966064453125,7642784469,Ethereum
2025-04-21,1579.7344970703125,1656.11962890625,1566.1474609375,1587.4609375,15403785611,Ethereum
2025-04-22,1757.3316650390625,1773.63916015625,1542.0003662109375,1579.815185546875,23747917555,Ethereum
2025-04-23,1796.104248046875,1829.7099609375,1746.924072265625,1757.196533203125,22904644756,Ethereum
2025-04-24,1769.8316650390625,1801.69140625,1724.74072265625,1795.9794921875,15207402759,Ethereum
2025-04-25,1786.634521484375,1826.696044921875,1740.3319091796875,1770.003662109375,17459399281,Ethereum
2025-04-26,1821.881103515625,1839.363037109375,1781.473876953125,1786.532958984375,11926379867,Ethereum
2025-04-27,1792.864990234375,1856.44384765625,1785.902099609375,1822.175537109375,11321944113,Ethereum
2025-04-28,1798.851806640625,1827.4822998046875,1747.726806640625,1792.4461669921875,17043640437,Ethereum
2025-04-29,1799.1756591796875,1842.0330810546875,1782.28125,1798.9122314453125,14734257744,Ethereum
2025-04-30,1793.775390625,1816.68994140625,1736.1429443359375,1799.2091064453125,14810431362,Ethereum
2025-05-01,1839.2215576171875,1872.9395751953125,1793.151123046875,1794.041015625,15861442721,Ethereum
2025-05-02,1842.7078857421875,1869.530029296875,1814.73046875,1839.1748046875,13570171872,Ethereum
2025-05-03,1833.8397216796875,1848.246826171875,1812.815673828125,1842.7181396484375,8344452620,Ethereum
2025-05-04,1808.59423828125,1849.99853515625,1804.4951171875,1833.647216796875,8918979887,Ethereum
2025-05-05,1819.697509765625,1832.05078125,1783.3148193359375,1808.7049560546875,11389336489,Ethereum
2025-05-06,1815.0875244140625,1820.796630859375,1753.3154296875,1819.7340087890625,13206516310,Ethereum
2025-05-07,1811.606689453125,1849.658447265625,1788.6873779296875,1815.0189208984375,50540755039,Ethereum
2025-05-08,2206.5146484375,2222.20556640625,1809.4569091796875,1811.54638671875,37777245241,Ethereum
2025-05-09,2345.50732421875,2486.0068359375,2186.054443359375,2206.128173828125,43766026875,Ethereum
2025-05-10,2582.422607421875,2597.54345703125,2320.235107421875,2345.760498046875,30265913403,Ethereum
2025-05-11,2510.23779296875,2603.264404296875,2441.730712890625,2582.71044921875,26496368543,Ethereum
2025-05-12,2496.397705078125,2620.897216796875,2411.594482421875,2510.289306640625,32121858921,Ethereum
2025-05-13,2680.129638671875,2736.89013671875,2418.32568359375,2496.33740234375,33528741590,Ethereum
2025-05-14,2610.063232421875,2721.949951171875,2549.68505859375,2680.26220703125,26602676588,Ethereum
2025-05-15,2546.85693359375,2645.07421875,2482.212890625,2610.02783203125,26637688883,Ethereum
2025-05-16,2536.297607421875,2645.60791015625,2532.027099609375,2547.058349609375,21298907763,Ethereum
2025-05-17,2475.75439453125,2537.78173828125,2449.0693359375,2536.297607421875,18830706230,Ethereum
2025-05-18,2498.233642578125,2585.697021484375,2344.668212890625,2475.76953125,25005164865,Ethereum
2025-05-19,2529.166748046875,2545.461181640625,2353.427001953125,2498.800048828125,27351331811,Ethereum
2025-05-20,2524.173095703125,2585.619873046875,2446.44677734375,2529.135009765625,23453322578,Ethereum
2025-05-21,2552.34716796875,2614.060791015625,2454.537841796875,2524.1591796875,31952904125,Ethereum
2025-05-22,2664.156982421875,2691.102294921875,2546.434814453125,2552.766845703125,26596978352,Ethereum
2025-05-23,2526.44189453125,2731.220703125,2504.87353515625,2664.08203125,30536501878,Ethereum
2025-05-24,2530.646240234375,2575.13134765625,2516.01806640625,2526.387939453125,11380899856,Ethereum
2025-05-25,2551.763916015625,2553.869140625,2467.880126953125,2530.89013671875,14556431364,Ethereum
2025-05-26,2564.138427734375,2598.566650390625,2530.321533203125,2551.380859375,14936610009,Ethereum
2025-05-27,2663.06982421875,2712.28515625,2512.588623046875,2564.140869140625,26264200536,Ethereum
2025-05-28,2682.212890625,2688.7421875,2611.160888671875,2663.01025390625,19087366068,Ethereum
2025-05-29,2632.65478515625,2784.75244140625,2620.982666015625,2681.84326171875,27567479811,Ethereum
2025-05-30,2529.943603515625,2648.2607421875,2510.163818359375,2632.8359375,24599403943,Ethereum
2025-05-31,2529.08740234375,2550.483642578125,2484.215576171875,2529.833984375,13992843765,Ethereum
2025-06-01,2536.266357421875,2547.77294921875,2472.540771484375,2529.0966796875,13287852482,Ethereum
2025-06-02,2607.097412109375,2615.515625,2477.292724609375,2536.184814453125,16744168824,Ethereum
2025-06-03,2593.2802734375,2652.418701171875,2582.25048828125,2607.197509765625,18291179016,Ethereum
2025-06-04,2608.64306640625,2677.970458984375,2585.73779296875,2593.482666015625,18621211035,Ethereum
2025-06-05,2416.28564453125,2640.60400390625,2395.753662109375,2608.607177734375,26194462737,Ethereum
2025-06-06,2477.19482421875,2530.391845703125,2387.608642578125,2416.455078125,19407449565,Ethereum
2025-06-07,2526.50537109375,2543.048828125,2459.13720703125,2477.183349609375,11664303387,Ethereum
2025-06-08,2510.787109375,2547.467041015625,2493.920166015625,2526.193359375,12097170203,Ethereum
2025-06-09,2681.51708984375,2693.806640625,2479.867919921875,2510.838134765625,20605172560,Ethereum
2025-06-10,2813.517578125,2824.80810546875,2658.67724609375,2681.285400390625,35555755055,Ethereum
2025-06-11,2773.529296875,2877.62939453125,2746.4599609375,2813.73974609375,30705408054,Ethereum
2025-06-12,2651.795166015625,2784.2626953125,2619.966552734375,2773.597900390625,25924959613,Ethereum
2025-06-13,2579.486083984375,2651.91552734375,2443.962646484375,2651.91552734375,37986747138,Ethereum
2025-06-14,2533.444091796875,2580.158203125,2491.49072265625,2579.721435546875,14285000473,Ethereum
2025-06-15,2546.837158203125,2558.677734375,2493.20458984375,2533.183349609375,13961893828,Ethereum
2025-06-16,2540.60498046875,2680.087646484375,2517.145263671875,2547.226806640625,22792449577,Ethereum
2025-06-17,2510.761474609375,2617.9013671875,2456.64892578125,2540.314453125,25653232897,Ethereum
2025-06-18,2524.301513671875,2546.62744140625,2469.05029296875,2510.81689453125,19873957905,Ethereum
2025-06-19,2521.653564453125,2546.76953125,2486.101806640625,2524.404052734375,12782730709,Ethereum
2025-06-20,2407.30419921875,2569.0146484375,2371.474365234375,2521.5263671875,22592586688,Ethereum
2025-06-21,2300.49560546875,2448.41162109375,2222.8125,2407.34765625,16108791762,Ethereum
2025-06-22,2228.213134765625,2313.85302734375,2116.681396484375,2298.8427734375,28458151601,Ethereum
2025-06-23,2421.824951171875,2434.23974609375,2191.418212890625,2228.484619140625,26247439429,Ethereum
2025-06-24,2448.0087890625,2481.222900390625,2379.5693359375,2421.83056640625,19539047009,Ethereum
2025-06-25,2419.310302734375,2468.677978515625,2394.607421875,2448.7373046875,17158118625,Ethereum
2025-06-26,2416.146728515625,2519.619873046875,2399.533935546875,2419.15478515625,18300413888,Ethereum
2025-06-27,2423.866943359375,2463.15478515625,2386.324951171875,2416.023193359375,15309834970,Ethereum
2025-06-28,2437.109375,2448.191650390625,2407.76171875,2423.92529296875,8273074809,Ethereum
2025-06-29,2500.9599609375,2523.320556640625,2417.625244140625,2437.11474609375,12500580479,Ethereum
2025-06-30,2486.46435546875,2521.720458984375,2438.054931640625,2500.60546875,16859727663,Ethereum
2025-07-01,2405.792724609375,2500.591796875,2389.81591796875,2486.428466796875,15025451796,Ethereum
2025-07-02,2571.33544921875,2616.78369140625,2378.3935546875,2405.857421875,22792512025,Ethereum
2025-07-03,2591.00732421875,2635.192138671875,2558.58251953125,2570.796630859375,20873559425,Ethereum
2025-07-04,2508.518310546875,2601.11962890625,2475.7548828125,2590.845703125,17222740209,Ethereum
2025-07-05,2517.280029296875,2529.84228515625,2489.00244140625,2508.095947265625,9289382302,Ethereum
2025-07-06,2571.236572265625,2603.064697265625,2505.370849609375,2517.280029296875,13190436110,Ethereum
2025-07-07,2543.01318359375,2589.324951171875,2517.903564453125,2571.395263671875,18440266947,Ethereum
2025-07-08,2615.505859375,2626.66455078125,2525.437744140625,2542.97265625,17537487206,Ethereum
2025-07-09,2770.777587890625,2794.5185546875,2591.947021484375,2615.505859375,27229452849,Ethereum
2025-07-10,2954.84521484375,2995.152099609375,2757.2666015625,2770.7373046875,33929201261,Ethereum
2025-07-11,2957.88623046875,3038.14111328125,2916.95654296875,2954.832763671875,36226558863,Ethereum
2025-07-12,2942.91162109375,2979.780029296875,2907.193603515625,2958.333740234375,16317198254,Ethereum
2025-07-13,2973.35888671875,3016.3935546875,2938.736572265625,2942.853515625,17361753131,Ethereum
2025-07-14,3013.350830078125,3079.985595703125,2965.32373046875,2973.22509765625,36349290556,Ethereum
2025-07-15,3139.8896484375,3142.42724609375,2934.371337890625,3013.29345703125,39013656112,Ethereum
2025-07-16,3371.5068359375,3422.60302734375,3102.477783203125,3139.8896484375,46771354461,Ethereum
2025-07-17,3476.784423828125,3521.685302734375,3315.9990234375,3371.5068359375,47532846793,Ethereum
2025-07-18,3549.016357421875,3674.855224609375,3463.38623046875,3476.1240234375,59198465810,Ethereum
2025-07-19,3595.273681640625,3608.275634765625,3512.97314453125,3548.926025390625,26031719746,Ethereum
2025-07-20,3759.471435546875,3819.398681640625,3582.349609375,3595.240478515625,44600451066,Ethereum
2025-07-21,3763.371337890625,3856.76708984375,3705.353759765625,3758.920654296875,42611467663,Ethereum
2025-07-22,3749.1455078125,3798.100341796875,3624.140380859375,3762.882080078125,45248868820,Ethereum
2025-07-23,3629.70361328125,3765.0263671875,3532.8564453125,3749.238525390625,41283228953,Ethereum
2025-07-24,3708.005615234375,3771.381591796875,3514.999267578125,3629.731689453125,40377960354,Ethereum
2025-07-25,3727.266845703125,3744.820068359375,3579.962890625,3708.005615234375,42264509577,Ethereum
2025-07-26,3741.39599609375,3789.789794921875,3702.774169921875,3727.2373046875,24635287361,Ethereum
2025-07-27,3875.24658203125,3876.93359375,3733.681640625,3741.25732421875,28897450394,Ethereum
2025-07-28,3787.42578125,3940.652099609375,3756.515869140625,3875.255859375,35831336149,Ethereum
2025-07-29,3793.454833984375,3883.997802734375,3716.88330078125,3788.319580078125,35540435995,Ethereum
2025-07-30,3808.20166015625,3832.884033203125,3683.14453125,3793.58251953125,34392494235,Ethereum
2025-07-31,3696.707763671875,3877.47021484375,3685.004150390625,3808.24609375,32839839444,Ethereum
2025-08-01,3488.365966796875,3722.585693359375,3432.3798828125,3696.144287109375,46261558200,Ethereum
2025-08-02,3392.7412109375,3535.558837890625,3370.943115234375,3487.956787109375,30165065282,Ethereum
2025-08-03,3497.379150390625,3520.831298828125,3357.93896484375,3392.744384765625,19363593865,Ethereum
2025-08-04,3718.986083984375,3734.9775390625,3491.554931640625,3497.613037109375,30905749658,Ethereum
2025-08-05,3611.8994140625,3720.656494140625,3547.62109375,3719.81787109375,32778742296,Ethereum
2025-08-06,3683.920654296875,3698.124755859375,3567.095947265625,3612.038818359375,26924415763,Ethereum
2025-08-07,3914.325927734375,3926.204345703125,3650.365966796875,3684.06201171875,38627826066,Ethereum
2025-08-08,4009.848876953125,4068.84765625,3882.443115234375,3914.110595703125,45460293892,Ethereum
2025-08-09,4263.59912109375,4323.76123046875,4007.709228515625,4009.150634765625,45279715746,Ethereum
2025-08-10,4254.2177734375,4332.21044921875,4163.9404296875,4263.552734375,36173931367,Ethereum
2025-08-11,4226.966796875,4362.0927734375,4168.875,4254.2314453125,49989853803,Ethereum
2025-08-12,4590.9248046875,4634.05517578125,4222.3623046875,4227.20703125,57237189036,Ethereum
2025-08-13,4756.27587890625,4784.6689453125,4566.23876953125,4590.65771484375,62550014642,Ethereum
2025-08-14,4548.16650390625,4788.5517578125,4461.28173828125,4756.04345703125,75681632806,Ethereum
2025-08-15,4439.98876953125,4667.72998046875,4375.54541015625,4549.07568359375,55445715824,Ethereum
2025-08-16,4426.18017578125,4493.1494140625,4379.16455078125,4439.998046875,26816931514,Ethereum
2025-08-17,4473.271484375,4575.87646484375,4400.71337890625,4426.259765625,31348101438,Ethereum
2025-08-18,4312.5048828125,4484.009765625,4229.3798828125,4473.33056640625,53518423360,Ethereum
2025-08-19,4073.464111328125,4355.0751953125,4070.535400390625,4312.5302734375,50440367102,Ethereum
2025-08-20,4334.50048828125,4376.78955078125,4064.965087890625,4073.168212890625,49577862965,Ethereum
2025-08-21,4223.2099609375,4338.826171875,4205.77685546875,4334.5673828125,33618359942,Ethereum
2025-08-22,4831.3486328125,4884.22802734375,4209.47216796875,4223.73095703125,75965521535,Ethereum
2025-08-23,4776.09033203125,4831.61083984375,4669.72509765625,4831.08837890625,36503623278,Ethereum
2025-08-24,4779.6474609375,4953.73291015625,4714.47265625,4776.70458984375,52405003873,Ethereum
2025-08-25,4372.98779296875,4796.35009765625,4343.947265625,4779.76953125,63936163545,Ethereum
2025-08-26,4600.4267578125,4632.0732421875,4316.30078125,4372.88037109375,53829747706,Ethereum
2025-08-27,4503.39306640625,4659.9873046875,4489.2978515625,4600.51025390625,43509902322,Ethereum
2025-08-28,4507.177734375,4629.03125,4435.109375,4503.63134765625,36045274078,Ethereum
2025-08-29,4360.15283203125,4513.859375,4272.45947265625,4507.63134765625,46899991962,Ethereum
2025-08-30,4374.1533203125,4413.27490234375,4264.1953125,4360.0888671875,25883112278,Ethereum
2025-08-31,4390.01904296875,4497.1767578125,4373.5966796875,4374.8935546875,26683044984,Ethereum
2025-09-01,4314.47021484375,4490.3466796875,4221.24755859375,4389.6259765625,37530746508,Ethereum
2025-09-02,4325.36572265625,4414.93408203125,4260.45947265625,4314.39111328125,39884692334,Ethereum
2025-09-03,4450.38916015625,4489.19873046875,4286.2060546875,4324.6962890625,35260873497,Ethereum
2025-09-04,4298.744140625,4483.451171875,4268.5888671875,4450.2158203125,34919798552,Ethereum
2025-09-05,4306.98876953125,4484.361328125,4258.0498046875,4298.8369140625,44163736676,Ethereum
2025-09-06,4274.2421875,4327.43994140625,4244.7548828125,4306.97314453125,18108246446,Ethereum
2025-09-07,4305.34765625,4334.2744140625,4271.5341796875,4274.1669921875,17426783536,Ethereum
2025-09-08,4308.072265625,4381.27490234375,4279.97216796875,4305.38134765625,32277142378,Ethereum
2025-09-09,4309.04150390625,4381.2265625,4277.85302734375,4308.283203125,30703320925,Ethereum
2025-09-10,4349.14599609375,4450.41796875,4286.0625,4309.091796875,39521365146,Ethereum
2025-09-11,4461.2333984375,4471.69873046875,4339.716796875,4349.2001953125,35959212991,Ethereum
2025-09-12,4715.24609375,4734.27392578125,4453.28466796875,4461.4794921875,43839753626,Ethereum
2025-09-13,4668.1796875,4763.361328125,4609.12548828125,4714.70361328125,34843845977,Ethereum
2025-09-14,4609.59765625,4690.64208984375,4581.84716796875,4668.17138671875,28394160275,Ethereum
2025-09-15,4526.8203125,4670.5302734375,4469.861328125,4609.72314453125,40224062009,Ethereum
2025-09-16,4503.564453125,4537.599609375,4428.330078125,4526.078125,32761501436,Ethereum
2025-09-17,4592.7333984375,4617.23486328125,4429.64453125,4503.6357421875,44120899417,Ethereum
2025-09-18,4589.9189453125,4643.97265625,4556.27001953125,4592.44287109375,33497259158,Ethereum
2025-09-19,4470.9169921875,4620.79296875,4443.2646484375,4589.505859375,30352619653,Ethereum
2025-09-20,4482.265625,4509.81201171875,4459.1591796875,4470.978515625,18056494322,Ethereum
2025-09-21,4451.3291015625,4499.38916015625,4447.119140625,4482.583984375,19330306133,Ethereum
2025-09-22,4202.87744140625,4457.08251953125,4092.396728515625,4451.58056640625,58221334533,Ethereum
2025-09-23,4165.50390625,4227.7314453125,4120.8154296875,4203.021484375,32460075911,Ethereum
2025-09-24,4153.46923828125,4206.90185546875,4081.34765625,4165.41259765625,33538388785,Ethereum
2025-09-25,3868.333984375,4162.0625,3829.0107421875,4153.52099609375,68963092031,Ethereum
2025-09-26,4035.887939453125,4069.168701171875,3868.43359375,3868.69091796875,47873508328,Ethereum
2025-09-27,4018.658203125,4038.45166015625,3975.758056640625,4035.91455078125,20382555776,Ethereum
2025-09-28,4141.4765625,4143.00390625,3969.79296875,4018.65966796875,24631307054,Ethereum
2025-09-29,4217.341796875,4234.78271484375,4087.92724609375,4141.3564453125,38560429932,Ethereum
2025-09-30,4145.95751953125,4238.67138671875,4095.443603515625,4217.05517578125,37679153330,Ethereum
2025-10-01,4351.1123046875,4351.1123046875,4125.5419921875,4146.03369140625,46161664723,Ethereum
2025-10-02,4487.923828125,4517.6650390625,4336.5263671875,4352.24072265625,48074066058,Ethereum
2025-10-03,4514.87060546875,4591.44384765625,4431.47900390625,4486.9345703125,49603450230,Ethereum
2025-10-04,4489.197265625,4519.52685546875,4444.0126953125,4514.9091796875,21832270764,Ethereum
2025-10-05,4515.4228515625,4616.533203125,4472.138671875,4489.05322265625,44880806324,Ethereum
2025-10-06,4687.771484375,4736.208984375,4492.8701171875,4515.30078125,44992456374,Ethereum
2025-10-07,4451.15185546875,4755.22021484375,4443.5712890625,4687.7099609375,54879425294,Ethereum
2025-10-08,4527.64794921875,4556.2216796875,4417.76806640625,4451.10791015625,40456628235,Ethereum
2025-10-09,4369.1435546875,4531.716796875,4273.5595703125,4526.9609375,47903074596,Ethereum
2025-10-10,3843.0087890625,4395.57080078125,3460.222412109375,4369.0654296875,97736621123,Ethereum
2025-10-11,3750.611572265625,3882.241455078125,3652.7900390625,3840.96044921875,62475475938,Ethereum
2025-10-12,4164.427734375,4195.3974609375,3701.478271484375,3750.946044921875,61216174681,Ethereum
2025-10-13,4245.4677734375,4292.845703125,4061.224609375,4164.04931640625,50253782420,Ethereum
2025-10-14,4125.412109375,4265.10546875,3895.9736328125,4245.37255859375,67094148347,Ethereum
2025-10-15,3987.45947265625,4213.85595703125,3935.161376953125,4125.361328125,50462889453,Ethereum
2025-10-16,3894.75439453125,4079.648193359375,3829.654052734375,3987.14892578125,49147390731,Ethereum
2025-10-17,3832.558837890625,3950.56689453125,3678.620361328125,3894.377685546875,57404271888,Ethereum
2025-10-18,3890.34619140625,3927.24560546875,3822.266357421875,3833.009521484375,23815676385,Ethereum
2025-10-19,3984.649658203125,4029.35546875,3843.77294921875,3890.58349609375,32870655221,Ethereum
2025-10-20,3980.76025390625,4084.15966796875,3911.726318359375,3984.6962890625,40224612563,Ethereum
2025-10-21,3876.76416015625,4109.533203125,3843.227783203125,3980.740478515625,49960290350,Ethereum
2025-10-22,3808.122314453125,3890.63232421875,3718.0771484375,3877.363037109375,46173305673,Ethereum
2025-10-23,3856.0263671875,3930.974853515625,3801.241455078125,3808.0849609375,36361652714,Ethereum
2025-10-24,3934.5673828125,4002.561767578125,3849.724853515625,3856.033203125,34090708715,Ethereum
2025-10-25,3953.470947265625,3967.6455078125,3914.640625,3934.489990234375,15245229017,Ethereum
2025-10-26,4157.9892578125,4177.310546875,3923.192626953125,3953.437255859375,29120786315,Ethereum
2025-10-27,4120.1220703125,4250.669921875,4099.56982421875,4158.0107421875,40271333201,Ethereum
2025-10-28,3982.262451171875,4173.50537109375,3940.834228515625,4120.27490234375,39684155177,Ethereum
2025-10-29,3903.35302734375,4036.35302734375,3849.538818359375,3980.759033203125,35255876156,Ethereum
2025-10-30,3804.375244140625,3948.22265625,3681.909423828125,3903.322509765625,39981939289,Ethereum
2025-10-31,3847.080322265625,3900.580322265625,3797.669189453125,3805.082763671875,37800100395,Ethereum
2025-11-01,3874.18798828125,3906.7802734375,3832.634765625,3847.17138671875,17490279524,Ethereum
2025-11-02,3911.063232421875,3914.87548828125,3839.997314453125,3873.894287109375,20479611654,Ethereum
2025-11-03,3602.30810546875,3912.63330078125,3560.263671875,3911.747802734375,53091469560,Ethereum
2025-11-04,3292.574462890625,3652.687255859375,3063.0869140625,3602.040771484375,76827517773,Ethereum
2025-11-05,3425.171142578125,3479.8095703125,3170.513916015625,3292.148193359375,46955882330,Ethereum
2025-11-06,3312.2578125,3454.3359375,3245.28173828125,3425.361083984375,36731850433,Ethereum
2025-11-07,3435.301025390625,3471.804931640625,3195.896728515625,3312.029296875,42609994022,Ethereum
2025-11-08,3400.3759765625,3482.268310546875,3357.713134765625,3435.1474609375,23613870398,Ethereum
2025-11-09,3582.621337890625,3616.43701171875,3359.717529296875,3400.0986328125,28821543888,Ethereum
2025-11-10,3568.4599609375,3656.14892578125,3508.98583984375,3583.44482421875,35638045619,Ethereum
2025-11-11,3415.2822265625,3644.5283203125,3404.86181640625,3568.47265625,39734688531,Ethereum
2025-11-12,3413.09423828125,3586.013916015625,3373.711669921875,3415.7958984375,34898956623,Ethereum
2025-11-13,3232.757080078125,3561.86083984375,3156.03076171875,3412.994873046875,50283416669,Ethereum
2025-11-14,3103.78564453125,3252.660888671875,3071.970703125,3232.295166015625,47003809463,Ethereum
2025-11-15,3166.63134765625,3227.690185546875,3104.230224609375,3104.230224609375,19932940649,Ethereum
2025-11-16,3092.847412109375,3244.837646484375,3007.07275390625,3166.79345703125,30987886524,Ethereum
2025-11-17,3024.538818359375,3218.13037109375,2957.3095703125,3092.941650390625,41026793235,Ethereum
2025-11-18,3122.97900390625,3167.9326171875,2948.329345703125,3024.4140625,41581494270,Ethereum
2025-11-19,3023.07080078125,3122.64599609375,2871.22802734375,3122.64599609375,40229739844,Ethereum
2025-11-20,2831.777587890625,3057.78857421875,2790.597900390625,3022.885498046875,43917885207,Ethereum
2025-11-21,2765.69921875,2880.60302734375,2626.87158203125,2829.2646484375,51476486049,Ethereum
2025-11-22,2767.607421875,2795.4267578125,2704.502197265625,2766.090576171875,15408928941,Ethereum
2025-11-23,2801.676025390625,2856.446533203125,2767.472900390625,2767.594970703125,20358404499,Ethereum
2025-11-24,2952.71337890625,2982.822021484375,2763.3779296875,2801.204345703125,32491657389,Ethereum
2025-11-25,2957.936279296875,2978.704345703125,2857.8359375,2952.58447265625,23336017779,Ethereum
2025-11-26,3027.81201171875,3043.927001953125,2889.890625,2958.32958984375,21433162961,Ethereum
2025-11-27,3014.542236328125,3070.73193359375,2987.19775390625,3027.799072265625,16972780500,Ethereum
2025-11-28,3032.304443359375,3095.033203125,2995.76513671875,3014.543701171875,20659958964,Ethereum
2025-11-29,2991.685302734375,3051.962890625,2966.850830078125,3032.29541015625,12775481230,Ethereum
2025-11-30,2992.112548828125,3051.597900390625,2978.826171875,2991.375244140625,11530446514,Ethereum
2025-12-01,2800.18896484375,2996.8818359375,2720.4365234375,2991.923095703125,36679598313,Ethereum
2025-12-02,2997.939697265625,3032.76123046875,2784.390625,2800.22314453125,26593645111,Ethereum
2025-12-03,3191.57177734375,3212.559814453125,2988.14208984375,2997.801513671875,29949301036,Ethereum
2025-12-04,3134.31640625,3238.555419921875,3071.31005859375,3188.343505859375,27434991113,Ethereum
2025-12-05,3024.432861328125,3192.45703125,2989.83154296875,3134.357421875,28000268228,Ethereum
2025-12-06,3040.207763671875,3067.661376953125,3013.98193359375,3024.487548828125,10962819760,Ethereum
2025-12-07,3061.3017578125,3148.7734375,2930.645263671875,3040.17919921875,20383496376,Ethereum
2025-12-08,3125.197998046875,3177.86767578125,3043.703857421875,3061.013671875,25262165670,Ethereum
2025-12-09,3321.114990234375,3395.838623046875,3092.87646484375,3124.942626953125,32012553374,Ethereum
2025-12-10,3325.39013671875,3446.622802734375,3290.14697265625,3321.2041015625,30694387989,Ethereum
2025-12-11,3237.056884765625,3327.344482421875,3149.034423828125,3324.38671875,29066243707,Ethereum
2025-12-12,3084.172607421875,3265.37255859375,3050.267333984375,3237.025634765625,24391003174,Ethereum
2025-12-13,3116.6953125,3134.849365234375,3080.07861328125,3084.129638671875,9916869400,Ethereum
2025-12-14,3060.5947265625,3128.622802734375,3034.692626953125,3116.743896484375,15619543350,Ethereum
2025-12-15,2964.18310546875,3175.1181640625,2899.685791015625,3060.4814453125,28765976892,Ethereum
2025-12-16,2964.180908203125,2978.92138671875,2890.01171875,2964.379638671875,22709189818,Ethereum
2025-12-17,2831.403564453125,3025.8154296875,2791.333984375,2964.01953125,26159825528,Ethereum
2025-12-18,2827.069091796875,2994.552734375,2777.11962890625,2831.48828125,29194181349,Ethereum
2025-12-19,2977.970703125,3014.6123046875,2811.3916015625,2827.410400390625,27870687989,Ethereum
2025-12-20,2977.58251953125,2992.31005859375,2967.838623046875,2977.869140625,7612418215,Ethereum
2025-12-21,3001.61376953125,3009.80712890625,2945.394775390625,2977.508544921875,11178096676,Ethereum
2025-12-22,3006.07373046875,3073.353759765625,2965.175048828125,3001.61279296875,20342034264,Ethereum
2025-12-23,2963.3740234375,3033.1962890625,2902.3330078125,3006.073974609375,21453213168,Ethereum
2025-12-24,2945.590576171875,2975.171142578125,2888.988037109375,2962.922607421875,13984770325,Ethereum
2025-12-25,2903.57958984375,2968.705078125,2891.10888671875,2945.423095703125,11828871179,Ethereum
2025-12-26,2925.74560546875,2991.219970703125,2894.15380859375,2903.625,18562196049,Ethereum
2025-12-27,2947.998291015625,2957.300537109375,2917.271240234375,2925.7451171875,7378783299,Ethereum
2025-12-28,2948.568115234375,2957.138671875,2925.745361328125,2947.898193359375,9227601389,Ethereum
2025-12-29,2934.538330078125,3051.94189453125,2908.748046875,2948.55908203125,25957694515,Ethereum
2025-12-30,2971.416748046875,3002.8046875,2916.330078125,2934.416259765625,18816704381,Ethereum
2025-12-31,2967.03759765625,3021.849609375,2959.143798828125,2971.407470703125,16451891101,Ethereum
2026-01-01,3000.394287109375,3006.01025390625,2966.84521484375,2966.997314453125,10268796662,Ethereum
2026-01-02,3124.422607421875,3146.984375,2989.9013671875,3000.453125,25242778003,Ethereum
2026-01-03,3125.91748046875,3135.025634765625,3077.4658203125,3124.310302734375,11460707919,Ethereum
2026-01-04,3140.71044921875,3160.551025390625,3119.427490234375,3125.960205078125,13890479323,Ethereum
2026-01-05,3226.13037109375,3261.245849609375,3134.0927734375,3141.486328125,27211995956,Ethereum
2026-01-06,3295.94677734375,3303.5634765625,3184.0146484375,3226.116455078125,27853981622,Ethereum
2026-01-07,3166.843994140625,3296.394287109375,3126.552001953125,3295.91259765625,22665982583,Ethereum
2026-01-08,3104.382568359375,3179.866455078125,3052.509765625,3166.924072265625,22760237888,Ethereum
2026-01-09,3083.047119140625,3140.709228515625,3058.096923828125,3104.334716796875,18879517395,Ethereum
2026-01-10,3082.39599609375,3099.16748046875,3075.135498046875,3083.16650390625,6960662969,Ethereum
2026-01-11,3118.88525390625,3141.9580078125,3080.747802734375,3082.407470703125,10497219711,Ethereum
2026-01-12,3092.3251953125,3166.219970703125,3068.07275390625,3118.828857421875,21152711365,Ethereum
2026-01-13,3322.095458984375,3352.580078125,3088.512939453125,3092.008544921875,27237310134,Ethereum
2026-01-14,3354.72265625,3397.897705078125,3280.378662109375,3322.192138671875,33926411912,Ethereum
2026-01-15,3317.101318359375,3382.44873046875,3276.820068359375,3354.765869140625,27598686935,Ethereum
2026-01-16,3295.482177734375,3325.25048828125,3251.814453125,3317.341796875,22732887284,Ethereum
2026-01-17,3308.8642578125,3328.283447265625,3282.661865234375,3295.482666015625,11206492253,Ethereum
2026-01-18,3281.15771484375,3367.167724609375,3278.4267578125,3308.90576171875,13557863288,Ethereum
2026-01-19,3186.62109375,3282.65478515625,3166.0166015625,3282.19921875,27956112545,Ethereum
2026-01-20,2935.605712890625,3197.391845703125,2925.54345703125,3186.62109375,32985301273,Ethereum
2026-01-21,2978.901123046875,3064.390625,2867.264404296875,2935.882080078125,35797876195,Ethereum
2026-01-22,2949.63330078125,3034.338134765625,2905.562744140625,2979.307861328125,21993593333,Ethereum
2026-01-23,2953.25634765625,3013.9541015625,2892.52099609375,2949.44580078125,22417700837,Ethereum
2026-01-24,2948.74072265625,2965.46875,2942.444580078125,2953.23828125,8198666763,Ethereum
2026-01-25,2815.90234375,2955.016845703125,2785.896728515625,2948.534423828125,22414089670,Ethereum
2026-01-26,2926.45703125,2945.99755859375,2811.074951171875,2815.768798828125,29668620102,Ethereum
2026-01-27,3022.2109375,3031.03857421875,2898.3115234375,2926.201171875,27976005223,Ethereum
2026-01-28,3006.607421875,3040.718505859375,2981.589599609375,3022.237548828125,21751566455,Ethereum
2026-01-29,2818.232666015625,3008.03759765625,2751.64501953125,3006.26171875,37487198041,Ethereum
2026-01-30,2702.375244140625,2823.91455078125,2633.8388671875,2818.135498046875,41877689970,Ethereum
2026-01-31,2445.091796875,2709.53369140625,2248.69873046875,2702.301513671875,47569532203,Ethereum
2026-02-01,2267.96484375,2472.646240234375,2224.117919921875,2445.0693359375,40358630560,Ethereum
2026-02-02,2344.356689453125,2393.0634765625,2158.937255859375,2267.5625,48844346396,Ethereum
2026-02-03,2227.558837890625,2357.2060546875,2109.05517578125,2344.44580078125,47906083919,Ethereum
2026-02-04,2143.504150390625,2291.13134765625,2074.102783203125,2227.967041015625,45219604814,Ethereum
2026-02-05,1821.68310546875,2167.139892578125,1818.664306640625,2143.618896484375,60381662655,Ethereum
2026-02-06,2063.386962890625,2090.328125,1748.627685546875,1821.12939453125,64998454203,Ethereum
2026-02-07,2090.54931640625,2115.824951171875,1995.9185791015625,2063.333740234375,41145430304,Ethereum
2026-02-08,2088.762939453125,2148.12060546875,2066.3837890625,2090.633544921875,19541713443,Ethereum
2026-02-09,2103.567626953125,2144.97607421875,2008.3623046875,2087.92138671875,26750982266,Ethereum
2026-02-10,2019.4974365234375,2122.021484375,1990.1405029296875,2104.181884765625,23267337087,Ethereum
2026-02-11,1940.621337890625,2030.409423828125,1903.6851806640625,2019.580078125,23922680362,Ethereum
2026-02-12,1946.940673828125,1999.5028076171875,1897.3348388671875,1940.8411865234375,20106364835,Ethereum
2026-02-13,2048.52734375,2069.456787109375,1924.136962890625,1946.6107177734375,20412430639,Ethereum
2026-02-14,2086.009765625,2105.067626953125,2042.6414794921875,2048.330322265625,16925555543,Ethereum
2026-02-15,1966.04296875,2100.47900390625,1929.3944091796875,2085.95361328125,31030538835,Ethereum
2026-02-16,1997.917724609375,2021.0836181640625,1938.5450439453125,1965.9232177734375,19219250473,Ethereum
2026-02-17,1992.1943359375,2013.8560791015625,1941.7789306640625,1997.9217529296875,20929890501,Ethereum
2026-02-18,1953.97412109375,2037.1585693359375,1923.8134765625,1992.195068359375,20187307041,Ethereum
2026-02-19,1948.2010498046875,1985.8076171875,1906.822021484375,1953.994140625,17380103826,Ethereum
2026-02-20,1969.0223388671875,1980.2437744140625,1923.622802734375,1948.268798828125,21682976627,Ethereum
2026-02-21,1973.7371826171875,1994.8277587890625,1955.794189453125,1968.86181640625,11561261802,Ethereum
2026-02-22,1957.805908203125,1982.2142333984375,1934.8607177734375,1973.57080078125,9488829492,Ethereum
2026-02-23,1855.5028076171875,1958.1396484375,1838.0416259765625,1958.1396484375,23731172668,Ethereum
2026-02-24,1852.969482421875,1868.3206787109375,1804.1136474609375,1855.4727783203125,18475122228,Ethereum
2026-02-25,2054.6279296875,2145.506103515625,1847.05419921875,1852.87548828125,27717195805,Ethereum
2026-02-26,2026.7926025390625,2082.78662109375,1976.3575439453125,2053.78271484375,23327720766,Ethereum
2026-02-27,1930.7618408203125,2062.627197265625,1888.6287841796875,2026.735107421875,21136821039,Ethereum
2026-02-28,1965.050537109375,1983.9927978515625,1837.303466796875,1930.7469482421875,21675923669,Ethereum
2026-03-01,1939.066650390625,2053.28564453125,1909.098388671875,1965.3902587890625,23649071468,Ethereum
2026-03-02,2027.2689208984375,2085.427978515625,1922.4390869140625,1939.0587158203125,26235436166,Ethereum
2026-03-03,1982.7689208984375,2040.7916259765625,1930.4029541015625,2027.407958984375,24100196312,Ethereum
2026-03-04,2126.50537109375,2198.65673828125,1946.0396728515625,1982.711181640625,33610946768,Ethereum
2026-03-05,2071.60546875,2163.0361328125,2056.01904296875,2126.560546875,22383576284,Ethereum
2026-03-06,1978.751220703125,2092.51513671875,1957.0150146484375,2072.025634765625,19733648079,Ethereum
2026-03-07,1969.4554443359375,1994.9705810546875,1950.0224609375,1978.6905517578125,10236899078,Ethereum
2026-03-08,1936.604736328125,1978.7071533203125,1915.301025390625,1969.4522705078125,16314032554,Ethereum
2026-03-09,1992.938232421875,2052.327392578125,1930.59912109375,1936.637451171875,24015826480,Ethereum
2026-03-10,2037.1204833984375,2087.9853515625,1992.01416015625,1992.986083984375,23552353781,Ethereum
2026-03-11,2051.5732421875,2085.286376953125,2008.0386962890625,2037.1212158203125,19031715359,Ethereum
2026-03-12,2073.13623046875,2094.32568359375,2019.27783203125,2051.7666015625,20624954899,Ethereum
2026-03-13,2092.5634765625,2206.813232421875,2071.582275390625,2073.289306640625,29345212033,Ethereum
2026-03-14,2097.086669921875,2105.5712890625,2062.659423828125,2092.558349609375,10073411269,Ethereum
2026-03-15,2177.476318359375,2201.95556640625,2084.20947265625,2096.880859375,15333885132,Ethereum
2026-03-16,2351.176025390625,2384.466552734375,2166.00244140625,2177.782958984375,38938369545,Ethereum
2026-03-17,2318.053466796875,2375.455078125,2297.668701171875,2351.134765625,26737564550,Ethereum
2026-03-18,2203.671630859375,2348.904296875,2154.584228515625,2318.556884765625,25617966362,Ethereum
2026-03-19,2137.423828125,2232.203857421875,2099.88916015625,2203.478759765625,24090913749,Ethereum
2026-03-20,2146.4970703125,2175.699462890625,2117.276123046875,2137.394287109375,17970488517,Ethereum
2026-03-21,2076.68994140625,2166.7158203125,2072.38330078125,2146.7099609375,8654913047,Ethereum
2026-03-22,2053.04833984375,2125.9765625,2027.0478515625,2077.201171875,16438149794,Ethereum
2026-03-23,2152.14599609375,2195.99169921875,2023.2718505859375,2052.953125,28509077302,Ethereum
2026-03-24,2155.704345703125,2174.325927734375,2103.3828125,2152.114501953125,18389631713,Ethereum
2026-03-25,2168.021484375,2198.369873046875,2146.6162109375,2155.719482421875,17086301657,Ethereum
2026-03-26,2059.578369140625,2171.156982421875,2033.7310791015625,2168.02880859375,18628112246,Ethereum
2026-03-27,1991.27197265625,2075.17041015625,1971.5067138671875,2059.44873046875,19453998121,Ethereum
2026-03-28,1992.694580078125,2038.7030029296875,1982.1300048828125,1991.283447265625,8641221084,Ethereum
2026-03-29,1982.5596923828125,2016.545166015625,1939.5286865234375,1992.69384765625,9451184647,Ethereum
2026-03-30,2023.514892578125,2082.064697265625,1979.076904296875,1982.5506591796875,17840662425,Ethereum
2026-03-31,2104.708251953125,2118.796875,2011.7952880859375,2023.5206298828125,21278561395,Ethereum
2026-04-01,2138.737060546875,2165.666259765625,2082.291748046875,2104.717529296875,19542997434,Ethereum
2026-04-02,2056.8525390625,2158.15771484375,2016.989990234375,2138.7236328125,18847170816,Ethereum
2026-04-03,2053.38525390625,2075.764404296875,2042.176025390625,2056.704833984375,9609678843,Ethereum
2026-04-04,2065.3515625,2082.00244140625,2044.87158203125,2053.58447265625,6926913517,Ethereum
2026-04-05,2108.99560546875,2120.49951171875,2022.6453857421875,2065.37060546875,9928800793,Ethereum
2026-04-06,2107.761474609375,2172.985107421875,2089.10009765625,2108.935791015625,19097527675,Ethereum
2026-04-07,2241.806640625,2270.594970703125,2061.467529296875,2107.784912109375,22588914083,Ethereum
2026-04-08,2190.33544921875,2269.8798828125,2181.231201171875,2242.276611328125,21469476310,Ethereum
2026-04-09,2189.14404296875,2243.972900390625,2158.017578125,2190.33251953125,17218638798,Ethereum
2026-04-10,2245.148681640625,2257.18408203125,2176.851318359375,2189.380859375,17131968712,Ethereum
2026-04-11,2285.39013671875,2327.457763671875,2230.751953125,2245.1044921875,12620960384,Ethereum
2026-04-12,2192.201171875,2288.448486328125,2177.485595703125,2285.43017578125,15307071617,Ethereum
2026-04-13,2370.71484375,2393.759033203125,2176.32470703125,2192.33154296875,23709131572,Ethereum
2026-04-14,2323.30859375,2415.52734375,2304.412353515625,2370.314453125,25185167270,Ethereum
2026-04-15,2359.43701171875,2384.999267578125,2310.70703125,2323.34326171875,17004367348,Ethereum
2026-04-16,2348.64501953125,2369.17236328125,2285.7099609375,2359.70458984375,20602833116,Ethereum
2026-04-17,2421.07177734375,2464.783447265625,2318.141845703125,2348.85498046875,26467618336,Ethereum
2026-04-18,2351.1005859375,2427.278076171875,2341.125732421875,2421.102294921875,14400085617,Ethereum
2026-04-19,2264.9169921875,2355.783203125,2254.697509765625,2350.86181640625,17083701612,Ethereum
2026-04-20,2315.21240234375,2346.2734375,2262.052978515625,2264.87353515625,19084768822,Ethereum
2026-04-21,2327.970458984375,2338.012451171875,2287.3798828125,2315.178466796875,16107716719,Ethereum
2026-04-22,2376.088134765625,2422.8603515625,2314.590087890625,2327.96484375,22465555335,Ethereum
2026-04-23,2331.513916015625,2380.135986328125,2287.55322265625,2376.087890625,19909161913,Ethereum
2026-04-24,2315.690185546875,2337.2666015625,2301.52734375,2331.56884765625,13371168064,Ethereum
2026-04-25,2318.8291015625,2323.410400390625,2302.201171875,2315.741455078125,6545621782,Ethereum
2026-04-26,2369.72900390625,2379.32421875,2307.565185546875,2318.906494140625,10622966933,Ethereum
2026-04-27,2303.06396484375,2403.7265625,2267.409423828125,2369.841796875,17879618684,Ethereum
2026-04-28,2289.419677734375,2310.442138671875,2259.057373046875,2303.079833984375,12761522276,Ethereum
2026-04-29,2253.415771484375,2345.939697265625,2221.223876953125,2289.412109375,21884731493,Ethereum
2026-04-30,2256.251220703125,2277.71826171875,2232.130859375,2253.484375,12309496389,Ethereum
2026-05-01,2295.09375,2324.7880859375,2256.078125,2256.344970703125,13243880777,Ethereum
2026-05-02,2316.23193359375,2339.74365234375,2292.72265625,2295.04443359375,6905015549,Ethereum
2026-05-03,2321.6357421875,2354.710205078125,2297.55322265625,2316.2109375,9861070993,Ethereum
2026-05-04,2346.39697265625,2397.6083984375,2309.260986328125,2321.81640625,25497505008,Ethereum
2026-05-05,2361.1826171875,2398.83349609375,2344.934326171875,2346.4150390625,17739612383,Ethereum
2026-05-06,2350.802001953125,2423.040283203125,2338.483154296875,2361.290771484375,22745786496,Ethereum
2026-05-07,2291.107666015625,2351.738037109375,2280.814697265625,2350.8525390625,23409823896,Ethereum
2026-05-08,2306.97216796875,2320.692138671875,2265.833251953125,2291.07568359375,20013463010,Ethereum
2026-05-09,2326.727294921875,2336.927001953125,2300.544921875,2307.069580078125,12217205123,Ethereum
2026-05-10,2369.0439453125,2381.263916015625,2313.127197265625,2326.744384765625,19587186882,Ethereum
2026-05-11,2339.36083984375,2374.303466796875,2305.080810546875,2369.193359375,15525623296,Ethereum
2026-05-12,2274.6435546875,2339.6904296875,2256.41943359375,2339.287109375,16145394773,Ethereum
2026-05-13,2257.576416015625,2322.233154296875,2233.55322265625,2274.591796875,15193768365,Ethereum
2026-05-14,2280.934814453125,2317.948486328125,2238.471923828125,2257.57177734375,17563432027,Ethereum
2026-05-15,2223.328857421875,2298.686279296875,2204.765380859375,2280.933349609375,18146855938,Ethereum
2026-05-16,2179.751953125,2229.845947265625,2162.048828125,2223.33837890625,11451672017,Ethereum
2026-05-17,2127.645263671875,2196.7822265625,2097.02099609375,2179.8544921875,10143205921,Ethereum
2026-05-18,2128.51611328125,2155.964111328125,2078.6162109375,2127.681396484375,19890789125,Ethereum
2026-05-19,2109.9638671875,2143.56298828125,2093.475341796875,2128.531982421875,12030742868,Ethereum
2026-05-20,2126.9833984375,2146.50634765625,2101.83349609375,2109.85400390625,12076799234,Ethereum
2026-05-21,2131.41064453125,2154.22216796875,2103.46044921875,2127.17236328125,14344389472,Ethereum
2026-05-22,2064.636962890625,2138.97998046875,2056.92919921875,2131.3701171875,13229489284,Ethereum
2026-05-23,2115.951416015625,2145.579345703125,2010.5504150390625,2064.634765625,16650709488,Ethereum
2026-05-24,2097.993896484375,2127.309814453125,2061.329833984375,2115.544921875,10602558120,Ethereum
2026-05-25,2111.370361328125,2138.411376953125,2090.516357421875,2097.993896484375,10167436482,Ethereum
2026-05-26,2070.858154296875,2138.006103515625,2054.361083984375,2111.366455078125,15924080901,Ethereum
2026-05-27,2022.1982421875,2092.980712890625,2014.632568359375,2070.86669921875,14534289020,Ethereum
2026-05-28,2007.552734375,2025.7589111328125,1966.2794189453125,2022.0908203125,18109844096,Ethereum
2026-05-29,2011.978515625,2042.5430908203125,1975.1915283203125,2007.5496826171875,14941194039,Ethereum
2026-05-30,2019.458251953125,2028.4417724609375,2000.165771484375,2011.909423828125,7478416074,Ethereum
2026-05-31,2004.341552734375,2034.1192626953125,1991.90673828125,2019.242431640625,9253505209,Ethereum
2026-06-01,2003.22119140625,2017.6077880859375,1956.1522216796875,2004.2425537109375,19458810001,Ethereum
2026-06-02,1857.71630859375,2003.970703125,1838.05859375,2003.26025390625,25205401403,Ethereum
2026-06-03,1811.7322998046875,1889.058837890625,1771.3145751953125,1857.6417236328125,24083350214,Ethereum
2026-06-04,1769.58056640625,1817.3465576171875,1717.802490234375,1811.7425537109375,27112623897,Ethereum
2026-06-05,1580.86083984375,1772.1077880859375,1540.1619873046875,1769.986083984375,39924177669,Ethereum
2026-06-06,1568.7677001953125,1599.9534912109375,1506.5057373046875,1580.88037109375,18426248218,Ethereum
2026-06-07,1686.396240234375,1714.970703125,1563.77587890625,1568.74951171875,15172606860,Ethereum
2026-06-08,1690.1485595703125,1713.4710693359375,1644.79150390625,1686.251220703125,17427269148,Ethereum
2026-06-09,1637.7066650390625,1695.52294921875,1613.834228515625,1690.21337890625,15196855528,Ethereum
2026-06-10,1620.1376953125,1665.7607421875,1603.8258056640625,1637.6348876953125,12655731412,Ethereum
2026-06-11,1672.2806396484375,1690.4488525390625,1620.08447265625,1620.1400146484375,12379882531,Ethereum
2026-06-12,1665.1278076171875,1689.4443359375,1650.628662109375,1671.8189697265625,9989137815,Ethereum
2026-06-13,1680.214599609375,1693.603271484375,1661.609130859375,1665.0487060546875,6101094488,Ethereum
2026-06-14,1724.61328125,1729.350830078125,1654.2105712890625,1680.146484375,7804982667,Ethereum
2026-06-15,1794.961181640625,1847.769775390625,1709.253662109375,1724.5716552734375,17921331594,Ethereum
2026-06-16,1790.398193359375,1837.2041015625,1758.130126953125,1794.93798828125,14698492893,Ethereum
2026-06-17,1747.885498046875,1807.2828369140625,1724.7178955078125,1790.396240234375,14185457929,Ethereum
2026-06-18,1709.533447265625,1760.880859375,1670.1038818359375,1747.8778076171875,12942260783,Ethereum
2026-06-19,1710.982421875,1717.1932373046875,1678.1962890625,1709.4986572265625,7855725190,Ethereum
2026-06-20,1739.3013916015625,1747.259521484375,1702.8017578125,1710.982177734375,7773536600,Ethereum
2026-06-21,1704.58056640625,1739.48583984375,1701.9364013671875,1739.341064453125,8498711726,Ethereum
2026-06-22,1726.5108642578125,1776.8321533203125,1704.5166015625,1704.6304931640625,13584368622,Ethereum
2026-06-23,1665.436767578125,1733.6123046875,1638.253173828125,1726.519775390625,10431438278,Ethereum
2026-06-24,1619.9249267578125,1687.4923095703125,1551.4842529296875,1665.309814453125,14059894232,Ethereum
2026-06-25,1564.816650390625,1656.646484375,1531.7803955078125,1619.8853759765625,15976182558,Ethereum
2026-06-26,1576.6160888671875,1590.2000732421875,1510.505859375,1564.6136474609375,15272225856,Ethereum
2026-06-27,1571.5882568359375,1607.865966796875,1561.972900390625,1576.5911865234375,6111411513,Ethereum
2026-06-28,1570.3612060546875,1585.2197265625,1548.761962890625,1571.564453125,6231562560,Ethereum
2026-06-29,1610.205810546875,1633.64501953125,1550.036376953125,1569.993408203125,11882501822,Ethereum
2026-06-30,1569.5838623046875,1611.3472900390625,1549.251953125,1610.163818359375,9639804637,Ethereum
2026-07-01,1608.960693359375,1642.454833984375,1551.1392822265625,1569.90966796875,11666600557,Ethereum
2026-07-02,1698.16943359375,1720.34326171875,1595.9393310546875,1609.0125732421875,13538465176,Ethereum
2026-07-03,1756.5186767578125,1772.543212890625,1693.038330078125,1698.41796875,10177742550,Ethereum
2026-07-04,1779.032958984375,1804.5887451171875,1743.564208984375,1756.57568359375,8083146790,Ethereum
2026-07-05,1783.0059814453125,1805.9140625,1749.1376953125,1779.042724609375,11323496681,Ethereum
2026-07-06,1797.57373046875,1829.513671875,1728.9652099609375,1783.002685546875,16997487730,Ethereum
2026-07-07,1768.511474609375,1810.329833984375,1756.712646484375,1797.562255859375,9901110376,Ethereum
2026-07-08,1742.6776123046875,1782.8583984375,1711.9000244140625,1768.3896484375,10110272581,Ethereum
2026-07-09,1744.484619140625,1760.206298828125,1721.298583984375,1742.664794921875,7763668656,Ethereum
2026-07-10,1795.6932373046875,1809.75830078125,1736.72314453125,1744.47314453125,9431692646,Ethereum
2026-07-11,1788.099609375,1827.83154296875,1786.295654296875,1795.8193359375,6901680020,Ethereum
2026-07-12,1805.7880859375,1824.98046875,1779.6370849609375,1787.568359375,6064480351,Ethereum
2026-07-13,1773.500732421875,1842.455078125,1749.3475341796875,1805.7579345703125,11436340419,Ethereum
2026-07-14,1889.4798583984375,1894.062255859375,1772.0177001953125,1773.471435546875,13835437084,Ethereum
2026-07-15,1916.9437255859375,1944.1607666015625,1863.635498046875,1889.5008544921875,12684088080,Ethereum
2026-07-16,1863.193359375,1927.0859375,1856.775634765625,1916.9781494140625,11412820341,Ethereum
2026-07-17,1840.9881591796875,1869.067138671875,1803.053955078125,1863.21630859375,10651207679,Ethereum
2026-07-18,1861.39208984375,1864.1319580078125,1836.6085205078125,1841.1021728515625,4754880124,Ethereum
2026-07-19,1871.508544921875,1877.0318603515625,1852.7275390625,1861.419921875,7004738486,Ethereum
2026-07-20,1903.7589111328125,1916.24169921875,1842.815673828125,1871.2757568359375,12042633315,Ethereum
2026-07-21,1928.3837890625,1949.5477294921875,1900.066162109375,1903.689697265625,12526770542,Ethereum
2026-07-22,1933.4901123046875,1955.1474609375,1909.610107421875,1928.1976318359375,10800957306,Ethereum
2026-07-23,1877.1002197265625,1940.2828369140625,1868.5203857421875,1933.470947265625,9768559906,Ethereum
2026-07-24,1860.1767578125,1907.5435791015625,1846.822265625,1877.09765625,9056489653,Ethereum
2026-07-25,1873.222412109375,1875.144775390625,1849.828857421875,1860.1756591796875,4367514252,Ethereum
2026-07-26,1953.4112548828125,1963.2459716796875,1872.3848876953125,1873.235595703125,6638236222,Ethereum
2026-07-27,1890.613525390625,1976.460205078125,1882.4197998046875,1953.4053955078125,13679804759,Ethereum
2026-07-28,1919.948486328125,1926.5040283203125,1856.341552734375,1890.634521484375,11476069704,Ethereum
2026-07-29,1908.51904296875,1929.90087890625,1873.6192626953125,1919.9915771484375,12003429702,Ethereum
2026-07-30,1917.3729248046875,1934.5772705078125,1892.196533203125,1908.5860595703125,8075086285,Ethereum
2026-07-31,1860.345947265625,1933.77783203125,1847.46875,1917.1417236328125,10253082786,Ethereum
2026-08-01,1843.417724609375,1873.1712646484375,1821.485107421875,1860.37109375,4889749337,Ethereum
2026-08-02,1882.52197265625,1895.7662353515625,1842.1544189453125,1843.41748046875,5798420478,Ethereum
2026-08-03,1858.2564697265625,1883.439208984375,1827.697509765625,1882.7835693359375,7822619495,Ethereum
2026-08-04,1868.3858642578125,1879.5380859375,1847.1749267578125,1858.22021484375,7950029763,Ethereum
2026-08-05,1906.5260009765625,1922.641357421875,1854.34033203125,1868.4923095703125,9791973976,Ethereum
2026-08-06,1902.0574951171875,1917.7008056640625,1890.963623046875,1906.442626953125,7974662808,Ethereum
2026-08-07,1913.2794189453125,1937.1666259765625,1893.0816650390625,1902.1405029296875,9081145963,Ethereum
2026-08-08,1915.532958984375,1924.6156005859375,1911.4849853515625,1913.324951171875,3746718589,Ethereum
2026-08-09,1908.6827392578125,1935.5299072265625,1907.025634765625,1915.46484375,4645577105,Ethereum
2026-08-10,1871.2786865234375,1928.9932861328125,1866.78955078125,1908.7197265625,8786188281,Ethereum
2026-08-11,1881.37353515625,1895.7493896484375,1852.84033203125,1871.263671875,7957496158,Ethereum
2026-08-12,1878.135009765625,1921.775390625,1873.3472900390625,1881.37353515625,7655429787,Ethereum
2026-08-13,1883.9913330078125,1898.2252197265625,1861.92041015625,1878.1884765625,7043525922,Ethereum
2026-08-14,1880.6500244140625,1889.2706298828125,1862.5645751953125,1884.0169677734375,5615035669,Ethereum
2026-08-15,1880.9083251953125,1884.718017578125,1874.3280029296875,1880.613037109375,3145101774,Ethereum
2026-08-16,1873.9429931640625,1889.6053466796875,1867.8917236328125,1880.8916015625,3727196539,Ethereum
2026-08-17,1912.2021484375,1916.6568603515625,1870.7479248046875,1873.969970703125,7808026613,Ethereum
2026-08-18,1916.4595947265625,1920.5233154296875,1884.477783203125,1912.2086181640625,6819426768,Ethereum
2026-08-19,2251.4580078125,2327.701171875,1905.0823974609375,1916.4267578125,29624109549,Ethereum
2026-08-20,2326.384765625,2357.228271484375,2222.57470703125,2251.444091796875,27856115157,Ethereum
2026-08-21,2515.28173828125,2545.881103515625,2324.70947265625,2326.38232421875,33328570085,Ethereum
2026-08-22,2424.251220703125,2528.896728515625,2389.902099609375,2515.392333984375,23985294650,Ethereum
2026-08-23,2463.81591796875,2483.930419921875,2357.139892578125,2424.217041015625,18269251440,Ethereum
2026-08-24,2481.831298828125,2531.744873046875,2425.387939453125,2463.640625,22852234269,Ethereum
2026-08-25,2443.159423828125,2531.08447265625,2416.602783203125,2481.77783203125,17270862024,Ethereum
2026-08-26,2506.260986328125,2514.666259765625,2432.51220703125,2442.4892578125,13160062688,Ethereum
2026-08-27,2510.41015625,2564.2744140625,2481.94482421875,2506.239501953125,16865824214,Ethereum
2026-08-28,2442.535888671875,2534.01220703125,2408.723388671875,2510.672607421875,16663209345,Ethereum
2026-08-29,2457.686279296875,2459.629150390625,2430.81103515625,2442.564697265625,5787124142,Ethereum
2026-08-30,2417.938720703125,2532.958984375,2389.46923828125,2457.69189453125,12029653088,Ethereum
2026-08-31,2466.8203125,2488.9228515625,2401.808837890625,2417.903076171875,13784743627,Ethereum
2026-09-01,2417.842041015625,2484.39892578125,2383.8037109375,2466.5751953125,14125056444,Ethereum
2026-09-02,2391.5009765625,2427.401611328125,2356.188232421875,2417.828369140625,14227785690,Ethereum
2026-09-03,2508.020751953125,2526.9501953125,2370.41552734375,2391.599853515625,18436029856,Ethereum
2026-09-04,2456.078125,2545.62353515625,2432.354248046875,2508.015869140625,19101694317,Ethereum
2026-09-05,2480.735595703125,2492.005615234375,2445.685791015625,2455.988037109375,7652004156,Ethereum
2026-09-06,2514.548828125,2525.321533203125,2468.19482421875,2480.82470703125,11306580189,Ethereum
2026-09-07,2490.9580078125,2534.86181640625,2466.9130859375,2514.5830078125,12923076237,Ethereum
2026-09-08,2484.94140625,2506.753173828125,2441.328857421875,2490.919677734375,13471038160,Ethereum
2026-09-09,2466.913818359375,2522.36962890625,2443.702392578125,2484.894287109375,14955608804,Ethereum
2026-09-10,2437.0986328125,2483.719970703125,2406.906494140625,2466.9130859375,16781828594,Ethereum
2026-09-11,2514.73388671875,2663.05029296875,2435.285400390625,2437.1357421875,27812010346,Ethereum
2026-09-12,2525.944580078125,2544.472412109375,2508.801513671875,2514.77001953125,8012825772,Ethereum
2026-09-13,2477.020751953125,2526.853759765625,2462.839599609375,2525.9423828125,9643847552,Ethereum
2026-09-14,2514.406982421875,2612.4033203125,2465.426513671875,2476.60302734375,16009578199,Ethereum
2026-09-15,2399.0869140625,2519.31884765625,2357.959228515625,2514.36181640625,20275242052,Ethereum
2026-09-16,2416.119873046875,2426.929443359375,2368.73583984375,2399.055419921875,15926017443,Ethereum
2026-09-17,2447.106689453125,2480.737060546875,2412.187744140625,2416.167724609375,11698754081,Ethereum
2026-09-18,2611.34716796875,2643.962158203125,2435.1484375,2447.106689453125,22570923683,Ethereum
2026-09-19,2631.962646484375,2659.71826171875,2602.73681640625,2611.456298828125,10007872025,Ethereum
2026-09-20,2642.99755859375,2647.87353515625,2564.4326171875,2632.0146484375,10759191352,Ethereum
2026-09-21,2776.46826171875,2805.4990234375,2642.7822265625,2642.7822265625,26510460373,Ethereum
2026-09-22,2752.632568359375,2776.888916015625,2715.715576171875,2776.580322265625,15430420481,Ethereum
2026-09-23,2684.69189453125,2787.962646484375,2636.9130859375,2752.75244140625,17599121476,Ethereum
2026-09-24,2687.301513671875,2703.662841796875,2628.689208984375,2684.439453125,14036435848,Ethereum
2026-09-25,2690.4755859375,2741.296875,2667.045166015625,2687.322509765625,13236986140,Ethereum
2026-09-26,2695.213134765625,2696.99609375,2665.862548828125,2690.481689453125,5046145364,Ethereum
2026-09-27,2686.9267578125,2722.039306640625,2669.47265625,2695.348876953125,8065975773,Ethereum
2026-09-28,2688.668701171875,2718.80859375,2635.484619140625,2687.000732421875,16445787505,Ethereum
2026-09-29,2676.72216796875,2746.0107421875,2651.471435546875,2688.634033203125,15307430182,Ethereum
2026-09-30,2683.679443359375,2737.264892578125,2657.08544921875,2676.692138671875,13840381650,Ethereum
2026-10-01,2697.909912109375,2720.103515625,2674.737060546875,2684.273193359375,13265112064,Ethereum
2021-01-01,1.8420840501785278,1.8596559762954712,1.5020380020141602,1.5097750425338745,25722549,Solana
2021-01-02,1.7992750406265259,1.9892950057983398,1.7214820384979248,1.8455859422683716,31671064,Solana
2021-01-03,2.1617519855499268,2.364980936050415,1.7999019622802734,1.7999019622802734,55073422,Solana
2021-01-04,2.4850969314575195,2.4850969314575195,1.8763420581817627,2.16241192817688,59955405,Solana
2021-01-05,2.157217025756836,2.5026159286499023,2.077742099761963,2.4909820556640625,50555207,Solana
2021-01-06,1.929216980934143,2.185892105102539,1.9075850248336792,2.159626007080078,50263975,Solana
2021-01-07,2.3727450370788574,2.611830949783325,1.9330430030822754,1.9365860223770142,159870278,Solana
2021-01-08,3.2198870182037354,3.779320001602173,2.180928945541382,2.3687400817871094,206412154,Solana
2021-01-09,3.3853819370269775,3.662787914276123,2.938307046890259,3.223541021347046,91906875,Solana
2021-01-10,3.466110944747925,3.733551025390625,3.196234941482544,3.390026092529297,62766977,Solana
2021-01-11,3.1080899238586426,3.51357102394104,2.5971240997314453,3.4610650539398193,82877500,Solana
2021-01-12,3.6133980751037598,3.8444159030914307,3.0800349712371826,3.1036880016326904,73484689,Solana
2021-01-13,3.513782024383545,3.6288249492645264,3.27492094039917,3.628382921218872,57994893,Solana
2021-01-14,3.2781639099121094,3.5428659915924072,3.181973934173584,3.516036033630371,59283112,Solana
2021-01-15,3.2501609325408936,3.4359219074249268,2.9851911067962646,3.2803990840911865,45331739,Solana
2021-01-16,3.4470551013946533,3.7032320499420166,3.248934030532837,3.248934030532837,68035606,Solana
2021-01-17,3.81813907623291,3.965372085571289,3.3197460174560547,3.4348700046539307,85407766,Solana
2021-01-18,3.7955150604248047,4.14792013168335,3.6557610034942627,3.8221309185028076,70601713,Solana
2021-01-19,3.6418659687042236,4.031448841094971,3.609023094177246,3.7920429706573486,44547768,Solana
2021-01-20,3.7235779762268066,3.7370030879974365,3.3440840244293213,3.63557505607605,46698656,Solana
2021-01-21,2.9905359745025635,3.734325885772705,2.982696056365967,3.721669912338257,43834765,Solana
2021-01-22,3.346229076385498,3.497145891189575,2.5409860610961914,2.989919900894165,63361382,Solana
2021-01-23,3.5041120052337646,3.597301959991455,3.3157620429992676,3.3410348892211914,27904470,Solana
2021-01-24,3.634411096572876,3.7930490970611572,3.4894940853118896,3.507110118865967,32747555,Solana
2021-01-25,3.6999809741973877,3.9743568897247314,3.4513099193573,3.6346449851989746,80055958,Solana
2021-01-26,4.04734992980957,4.096916198730469,3.6826319694519043,3.6989591121673584,78823456,Solana
2021-01-27,3.690587043762207,4.048630237579346,3.531601905822754,4.048630237579346,35195110,Solana
2021-01-28,3.8220720291137695,3.943490982055664,3.6098809242248535,3.6863698959350586,31410527,Solana
2021-01-29,3.8346760272979736,3.89260196685791,3.639385938644409,3.8615810871124268,44053151,Solana
2021-01-30,4.224276065826416,4.311975955963135,3.774104118347168,3.837682008743286,53378198,Solana
2021-01-31,4.264143943786621,4.787010192871094,4.170497894287109,4.237314224243164,78376267,Solana
2021-02-01,4.611601829528809,4.611601829528809,4.118255138397217,4.261250972747803,39361629,Solana
2021-02-02,5.267508029937744,5.403642177581787,4.480119228363037,4.613740921020508,98755962,Solana
2021-02-03,5.71599006652832,5.780780792236328,5.072738170623779,5.246592044830322,49386327,Solana
2021-02-04,6.426064968109131,6.53101110458374,5.603236198425293,5.731748104095459,108249482,Solana
2021-02-05,6.681719779968262,7.127117156982422,6.426446914672852,6.435369968414307,92892157,Solana
2021-02-06,6.110806941986084,6.799130916595459,5.713828086853027,6.687301158905029,102365494,Solana
2021-02-07,6.700462818145752,6.871513843536377,5.76859188079834,6.117644786834717,105451103,Solana
2021-02-08,7.8832502365112305,8.055932998657227,6.488927841186523,6.702446937561035,155254261,Solana
2021-02-09,7.816792964935303,8.46778392791748,7.570215225219727,7.869794845581055,121037873,Solana
2021-02-10,9.072214126586914,9.072604179382324,7.613846778869629,7.818552017211914,120679902,Solana
2021-02-11,9.215352058410645,9.707003593444824,8.761316299438477,9.08035659790039,53600048,Solana
2021-02-12,9.2470121383667,9.92445182800293,9.079011917114258,9.214790344238281,91484664,Solana
2021-02-13,8.732455253601074,9.499038696289062,8.683009147644043,9.23603343963623,91417968,Solana
2021-02-14,8.738896369934082,9.22029972076416,8.559715270996094,8.742988586425781,93500423,Solana
2021-02-15,8.861739158630371,9.310638427734375,7.840470790863037,8.724266052246094,109854635,Solana
2021-02-16,8.297866821289062,8.980367660522461,7.983557224273682,8.860748291015625,71625205,Solana
2021-02-17,8.222577095031738,8.433298110961914,7.544398784637451,8.298688888549805,89948578,Solana
2021-02-18,8.980451583862305,9.2791748046875,8.232871055603027,8.232871055603027,77306770,Solana
2021-02-19,11.465653419494629,11.680577278137207,8.556981086730957,8.97996997833252,261175711,Solana
2021-02-20,10.002663612365723,11.786737442016602,9.8158540725708,11.478087425231934,140264810,Solana
2021-02-21,11.0855131149292,11.640289306640625,9.887046813964844,9.987549781799316,137742366,Solana
2021-02-22,14.454785346984863,14.54564094543457,9.255904197692871,11.073036193847656,574136241,Solana
2021-02-23,15.2015380859375,15.74337100982666,11.599893569946289,14.421626091003418,485252846,Solana
2021-02-24,17.30270767211914,18.146621704101562,14.861799240112305,15.213842391967773,375439707,Solana
2021-02-25,13.816014289855957,17.695444107055664,13.795912742614746,17.230182647705078,364505276,Solana
2021-02-26,13.58794116973877,15.483704566955566,13.12014102935791,13.865891456604004,289687328,Solana
2021-02-27,13.201168060302734,14.612065315246582,13.057272911071777,13.601573944091797,247640940,Solana
2021-02-28,13.08924674987793,13.77901554107666,11.489982604980469,13.20776653289795,300493226,Solana
2021-03-01,14.955588340759277,15.516057014465332,13.057385444641113,13.108434677124023,306451693,Solana
2021-03-02,13.958921432495117,15.224124908447266,13.460748672485352,14.96684455871582,178549852,Solana
2021-03-03,14.115591049194336,14.729358673095703,13.767048835754395,13.963540077209473,153830742,Solana
2021-03-04,13.097983360290527,14.260360717773438,12.771269798278809,14.094866752624512,116364466,Solana
2021-03-05,12.610443115234375,13.079861640930176,12.184608459472656,13.066306114196777,90978408,Solana
2021-03-06,13.036458015441895,13.27048110961914,11.901227951049805,12.569936752319336,118851546,Solana
2021-03-07,13.877732276916504,13.996903419494629,12.726385116577148,13.043927192687988,117548176,Solana
2021-03-08,13.602188110351562,13.87082576751709,13.08228874206543,13.826814651489258,115525659,Solana
2021-03-09,14.84631061553955,14.986444473266602,13.320186614990234,13.615290641784668,134867044,Solana
2021-03-10,14.231083869934082,15.18793773651123,14.07906436920166,14.850929260253906,103150901,Solana
2021-03-11,15.992279052734375,16.239398956298828,13.704225540161133,14.219837188720703,229272516,Solana
2021-03-12,14.552142143249512,16.485795974731445,14.111228942871094,16.020919799804688,185287457,Solana
2021-03-13,15.308802604675293,15.394397735595703,13.920056343078613,14.563802719116211,145102757,Solana
2021-03-14,14.50826644897461,15.349831581115723,14.378764152526855,15.301581382751465,90232804,Solana
2021-03-15,14.186661720275879,14.790472984313965,13.698057174682617,14.477127075195312,102600692,Solana
2021-03-16,13.622773170471191,14.282896041870117,13.229814529418945,14.163911819458008,112303590,Solana
2021-03-17,14.220203399658203,14.266797065734863,13.130529403686523,13.634963989257812,94696339,Solana
2021-03-18,14.230025291442871,14.745476722717285,13.82728385925293,14.210677146911621,79074263,Solana
2021-03-19,14.204795837402344,14.488219261169434,13.93245792388916,14.232649803161621,68715211,Solana
2021-03-20,14.211980819702148,14.978218078613281,14.152045249938965,14.195825576782227,68049683,Solana
2021-03-21,14.332205772399902,14.36572265625,13.668253898620605,14.218328475952148,64229338,Solana
2021-03-22,14.919293403625488,16.599872589111328,14.202885627746582,14.3502779006958,260995136,Solana
2021-03-23,14.20483112335205,15.243708610534668,14.097057342529297,14.84861946105957,106780662,Solana
2021-03-24,13.661297798156738,15.371431350708008,13.661297798156738,14.190396308898926,118813690,Solana
2021-03-25,13.02508544921875,13.705249786376953,12.614725112915039,13.650586128234863,116277943,Solana
2021-03-26,14.779420852661133,14.804293632507324,12.370457649230957,13.01952838897705,149987319,Solana
2021-03-27,16.50832176208496,16.80416488647461,14.75804615020752,14.786246299743652,223872587,Solana
2021-03-28,18.016233444213867,19.386005401611328,16.345008850097656,16.47942352294922,426120062,Solana
2021-03-29,18.854808807373047,18.987842559814453,17.700363159179688,18.083303451538086,216748601,Solana
2021-03-30,19.233924865722656,20.869474411010742,18.891403198242188,18.891403198242188,264028427,Solana
2021-03-31,19.465229034423828,19.795801162719727,18.1562557220459,19.1016845703125,206011018,Solana
2021-04-01,19.084901809692383,20.361539840698242,18.84424591064453,19.415681838989258,173731886,Solana
2021-04-02,19.810222625732422,19.824573516845703,18.568418502807617,19.084630966186523,131061660,Solana
2021-04-03,22.552276611328125,23.82718849182129,19.78944969177246,19.796451568603516,483057740,Solana
2021-04-04,24.061323165893555,25.56953239440918,22.212968826293945,22.52737045288086,426557980,Solana
2021-04-05,22.984283447265625,24.777637481689453,22.80645179748535,23.9288387298584,264085329,Solana
2021-04-06,24.95714569091797,25.346525192260742,21.87661361694336,22.977840423583984,320886935,Solana
2021-04-07,26.47808074951172,27.48761558532715,23.089359283447266,25.145559310913086,676846221,Solana
2021-04-08,27.033987045288086,27.97001075744629,25.72493553161621,26.51459312438965,377988327,Solana
2021-04-09,27.778274536132812,29.014734268188477,26.903825759887695,26.985803604125977,282477938,Solana
2021-04-10,26.84140396118164,28.257970809936523,25.963226318359375,27.64971160888672,270235258,Solana
2021-04-11,27.9318904876709,28.687227249145508,25.578319549560547,26.80805015563965,232938762,Solana
2021-04-12,28.512123107910156,29.862302780151367,26.842742919921875,27.918367385864258,308804546,Solana
2021-04-13,27.4355525970459,28.797941207885742,26.4176025390625,28.541011810302734,258183912,Solana
2021-04-14,26.47511100769043,27.48269271850586,24.792020797729492,27.400005340576172,342565805,Solana
2021-04-15,27.818313598632812,28.249399185180664,25.53941535949707,26.436843872070312,221346739,Solana
2021-04-16,25.39736557006836,28.226879119873047,24.972917556762695,27.820323944091797,240665351,Solana
2021-04-17,25.09987449645996,26.819766998291016,25.09987449645996,25.369205474853516,201720376,Solana
2021-04-18,32.30291748046875,32.90256881713867,21.539209365844727,25.135501861572266,1155150688,Solana
2021-04-19,31.67589569091797,36.080257415771484,29.925907135009766,32.33952331542969,1219130981,Solana
2021-04-20,31.77005386352539,32.69721984863281,28.932571411132812,31.476289749145508,793008154,Solana
2021-04-21,32.51304244995117,35.004302978515625,30.167491912841797,31.681537628173828,729130141,Solana
2021-04-22,38.8797607421875,40.97186279296875,31.600690841674805,32.68342971801758,1638622971,Solana
2021-04-23,36.97842025756836,41.463260650634766,31.664270401000977,38.8991813659668,1612232268,Solana
2021-04-24,40.7373161315918,43.532222747802734,34.683292388916016,37.25749588012695,1101380795,Solana
2021-04-25,47.36762619018555,48.43426513671875,40.51201629638672,40.8454704284668,1583800800,Solana
2021-04-26,43.97651672363281,48.31078338623047,43.371726989746094,47.54185485839844,1357487872,Solana
2021-04-27,43.2390022277832,46.54861068725586,42.55732727050781,43.89356994628906,904891996,Solana
2021-04-28,44.825984954833984,46.91656494140625,40.67207336425781,43.161441802978516,1021154320,Solana
2021-04-29,42.460540771484375,46.07149124145508,40.950984954833984,44.84994888305664,772259307,Solana
2021-04-30,42.95600128173828,44.2701530456543,41.24350357055664,42.50004577636719,534976437,Solana
2021-05-01,49.50802230834961,49.84457778930664,42.03086471557617,42.89333724975586,859524423,Solana
2021-05-02,46.890987396240234,49.896671295166016,45.9818229675293,49.50080490112305,571072187,Solana
2021-05-03,45.93368911743164,49.00945281982422,45.04447555541992,46.90397644042969,609194252,Solana
2021-05-04,42.729557037353516,47.75715637207031,42.31310272216797,45.983360290527344,682976428,Solana
2021-05-05,44.92357635498047,45.927791595458984,42.31573486328125,42.637237548828125,503781975,Solana
2021-05-06,43.4556770324707,44.97405242919922,42.591583251953125,44.97405242919922,391497018,Solana
2021-05-07,43.1550178527832,46.05956268310547,41.43837356567383,43.502655029296875,514344601,Solana
2021-05-08,45.56153106689453,46.6390266418457,42.29801940917969,43.15206527709961,451056655,Solana
2021-05-09,44.330196380615234,47.1212158203125,43.29694366455078,45.61763000488281,510603312,Solana
2021-05-10,42.90963363647461,45.87750244140625,39.5588493347168,44.34209442138672,499528076,Solana
2021-05-11,44.57746887207031,45.15120315551758,39.762969970703125,42.87227249145508,473731333,Solana
2021-05-12,42.45730972290039,48.979034423828125,42.45730972290039,44.59152603149414,1151668076,Solana
2021-05-13,40.99785232543945,45.41709899902344,37.526893615722656,43.235084533691406,1016860656,Solana
2021-05-14,42.717864990234375,44.79143524169922,39.986053466796875,41.03451919555664,504167711,Solana
2021-05-15,43.461307525634766,45.391788482666016,39.37460708618164,42.699947357177734,500445722,Solana
2021-05-16,47.200828552246094,52.50135040283203,41.915496826171875,43.40169143676758,1990976771,Solana
2021-05-17,46.86320495605469,51.87602996826172,43.30291748046875,46.89802169799805,1951921366,Solana
2021-05-18,55.91096115112305,58.30292510986328,46.187557220458984,46.66041946411133,2025388219,Solana
2021-05-19,35.107181549072266,57.52577209472656,29.429859161376953,56.089256286621094,2772224999,Solana
2021-05-20,44.74274826049805,51.25844955444336,32.31814193725586,35.04304504394531,2487748626,Solana
2021-05-21,38.81285095214844,47.645591735839844,33.83739471435547,44.4472541809082,1769762028,Solana
2021-05-22,31.315582275390625,40.009578704833984,31.25486183166504,38.988380432128906,1078751751,Solana
2021-05-23,24.68874740600586,32.4362678527832,19.13983917236328,31.225767135620117,1925832341,Solana
2021-05-24,31.283571243286133,32.094451904296875,24.498319625854492,24.498319625854492,1346786023,Solana
2021-05-25,29.99707794189453,33.130126953125,26.100074768066406,31.396347045898438,909470305,Solana
2021-05-26,35.539817810058594,37.23763656616211,29.008554458618164,30.047990798950195,1069991365,Solana
2021-05-27,33.584590911865234,35.52705001831055,31.12712860107422,35.48244857788086,649389058,Solana
2021-05-28,29.039276123046875,34.502506256103516,28.0671443939209,33.6755256652832,600255582,Solana
2021-05-29,27.376420974731445,30.0223388671875,25.750940322875977,29.003129959106445,376859866,Solana
2021-05-30,28.602659225463867,29.74925422668457,25.650293350219727,27.408315658569336,359661704,Solana
2021-05-31,32.816246032714844,32.98358917236328,27.52474594116211,28.60424041748047,534826504,Solana
2021-06-01,30.985260009765625,33.2899169921875,29.880172729492188,32.7708854675293,432053117,Solana
2021-06-02,33.95631790161133,35.03815460205078,30.432857513427734,30.935237884521484,497567418,Solana
2021-06-03,39.47090530395508,41.14537811279297,33.792232513427734,34.018714904785156,960056106,Solana
2021-06-04,37.415069580078125,39.60986328125,34.3109016418457,39.581302642822266,1056279506,Solana
2021-06-05,39.58539962768555,42.82267379760742,37.0991096496582,37.41737747192383,1112426664,Solana
2021-06-06,42.30837631225586,43.377193450927734,38.96399688720703,39.74912643432617,794387364,Solana
2021-06-07,38.262332916259766,44.10055923461914,38.09083938598633,42.25367736816406,923157614,Solana
2021-06-08,41.51781463623047,42.47829055786133,33.68545913696289,38.25127029418945,1786996802,Solana
2021-06-09,42.031776428222656,43.99756622314453,39.36863327026367,41.27979278564453,1218831041,Solana
2021-06-10,41.09867477416992,43.00490951538086,39.59678268432617,42.0240364074707,595246689,Solana
2021-06-11,36.046085357666016,41.31248474121094,35.31117248535156,41.11015319824219,518666603,Solana
2021-06-12,36.441688537597656,37.61422348022461,34.31815719604492,36.16435241699219,549070417,Solana
2021-06-13,38.77043533325195,39.3599739074707,34.782989501953125,36.51470947265625,452988674,Solana
2021-06-14,38.71305465698242,40.47652053833008,36.81413269042969,38.70452117919922,477871463,Solana
2021-06-15,41.153648376464844,41.75867462158203,39.435813903808594,40.53583908081055,605285143,Solana
2021-06-16,39.703617095947266,41.496307373046875,37.50349807739258,39.54534912109375,576016902,Solana
2021-06-17,39.264591217041016,41.237430572509766,38.28608322143555,39.68927001953125,417775600,Solana
2021-06-18,36.64879608154297,39.427127838134766,35.0040168762207,39.26678466796875,424163369,Solana
2021-06-19,35.35343551635742,37.35458755493164,34.981605529785156,36.81910705566406,264640750,Solana
2021-06-20,35.32201385498047,35.92838668823242,31.36209487915039,35.23702621459961,452587531,Solana
2021-06-21,26.657400131225586,35.497615814208984,25.949079513549805,35.261436462402344,760344541,Solana
2021-06-22,26.7718563079834,28.712968826293945,20.380443572998047,26.592830657958984,1258580061,Solana
2021-06-23,30.048887252807617,32.7729606628418,25.69648551940918,26.91294288635254,1111302687,Solana
2021-06-24,31.181034088134766,32.991310119628906,28.548385620117188,30.846078872680664,641150364,Solana
2021-06-25,28.698862075805664,32.90251541137695,28.035079956054688,31.16853141784668,632052177,Solana
2021-06-26,29.712854385375977,30.007036209106445,26.710813522338867,28.607898712158203,560342710,Solana
2021-06-27,31.929391860961914,31.929391860961914,29.271196365356445,29.752639770507812,497353288,Solana
2021-06-28,32.92778015136719,34.24322509765625,31.035127639770508,31.880830764770508,473612135,Solana
2021-06-29,33.86680221557617,35.788578033447266,32.7266845703125,33.00978469848633,471854279,Solana
2021-06-30,35.55640411376953,35.9547233581543,31.601350784301758,33.96297073364258,570984168,Solana
2021-07-01,33.40403366088867,35.53819274902344,32.38627243041992,35.505653381347656,474665321,Solana
2021-07-02,34.02048110961914,34.03178787231445,31.479923248291016,33.30630874633789,440298780,Solana
2021-07-03,34.478816986083984,35.40476989746094,33.2984733581543,34.01557540893555,327019964,Solana
2021-07-04,34.31060028076172,35.50237274169922,33.55573654174805,34.4951171875,303420520,Solana
2021-07-05,32.984588623046875,34.461822509765625,32.48269271850586,34.28255081176758,313839322,Solana
2021-07-06,34.26913833618164,34.97831726074219,32.93030548095703,32.93030548095703,365336040,Solana
2021-07-07,36.59136962890625,38.01170349121094,33.8420295715332,34.23280715942383,519252659,Solana
2021-07-08,33.20372772216797,36.915283203125,32.80227279663086,36.71971893310547,498201257,Solana
2021-07-09,33.2646484375,34.38794708251953,31.99104881286621,33.13433074951172,327170629,Solana
2021-07-10,31.788644790649414,34.14048767089844,31.186784744262695,33.31843948364258,296566657,Solana
2021-07-11,32.17784118652344,32.53633499145508,31.41175651550293,31.693038940429688,211679810,Solana
2021-07-12,30.848087310791016,32.6440544128418,30.074201583862305,32.17338943481445,221058993,Solana
2021-07-13,29.12118911743164,31.093704223632812,28.918607711791992,30.78640365600586,197825362,Solana
2021-07-14,31.2810001373291,31.435338973999023,27.515703201293945,29.14269256591797,331866434,Solana
2021-07-15,28.45210075378418,31.4834041595459,28.008403778076172,31.360700607299805,329918376,Solana
2021-07-16,26.37000846862793,29.442203521728516,26.228809356689453,28.5490665435791,374718328,Solana
2021-07-17,26.721668243408203,27.69698715209961,26.04067039489746,26.25412368774414,289689475,Solana
2021-07-18,26.751909255981445,27.733564376831055,26.360977172851562,26.784170150756836,230336396,Solana
2021-07-19,24.44757652282715,26.72174644470215,24.012245178222656,26.671239852905273,361915410,Solana
2021-07-20,23.48955535888672,24.975603103637695,22.177541732788086,24.51030158996582,413439963,Solana
2021-07-21,26.623079299926758,27.4164981842041,22.86536979675293,23.443456649780273,555770206,Solana
2021-07-22,27.70208168029785,28.135990142822266,25.95220947265625,26.66532325744629,364666998,Solana
2021-07-23,28.513879776000977,28.690610885620117,26.425710678100586,27.70650863647461,407955237,Solana
2021-07-24,28.702619552612305,29.50779914855957,28.06863784790039,28.517900466918945,353750758,Solana
2021-07-25,28.168773651123047,28.87297821044922,26.528553009033203,28.64940071105957,309208018,Solana
2021-07-26,28.306642532348633,31.05401611328125,27.903797149658203,28.227025985717773,743673802,Solana
2021-07-27,28.065326690673828,28.95267105102539,27.005430221557617,28.210498809814453,375599550,Solana
2021-07-28,27.815410614013672,28.7469539642334,27.41233253479004,28.145641326904297,315682626,Solana
2021-07-29,31.281137466430664,31.88614845275879,27.372438430786133,27.877975463867188,448009571,Solana
2021-07-30,32.393943786621094,33.05512619018555,30.067672729492188,31.275415420532227,617830199,Solana
2021-07-31,36.82731246948242,36.86825942993164,31.68321990966797,32.35328674316406,587168181,Solana
2021-08-01,34.25436019897461,36.719913482666016,33.28300476074219,36.67912673950195,490639931,Solana
2021-08-02,33.22241973876953,35.91239547729492,33.06065368652344,34.1905632019043,407399691,Solana
2021-08-03,33.99644088745117,35.833091735839844,32.40266036987305,33.19142532348633,474629269,Solana
2021-08-04,35.76362609863281,36.6524772644043,33.2731819152832,34.10835647583008,413657602,Solana
2021-08-05,37.35513687133789,38.208866119384766,35.53385543823242,35.771976470947266,595137193,Solana
2021-08-06,39.446102142333984,40.388084411621094,35.68829345703125,37.3553581237793,589190671,Solana
2021-08-07,39.403472900390625,40.50587844848633,37.62660217285156,39.49230194091797,534979916,Solana
2021-08-08,37.673824310302734,39.53329086303711,36.935577392578125,39.465904235839844,358570315,Solana
2021-08-09,38.767784118652344,40.00484085083008,36.481170654296875,37.66049575805664,377034585,Solana
2021-08-10,40.63979721069336,41.66090774536133,38.22317123413086,38.678810119628906,452480699,Solana
2021-08-11,41.74411392211914,43.739139556884766,40.628238677978516,40.64894104003906,507980107,Solana
2021-08-12,41.099361419677734,43.40190887451172,39.38155746459961,41.70451354980469,527833804,Solana
2021-08-13,44.894500732421875,44.9005241394043,40.72161865234375,41.1143684387207,541894525,Solana
2021-08-14,44.112850189208984,44.871238708496094,42.937660217285156,44.85142517089844,363834257,Solana
2021-08-15,53.74515914916992,54.62955093383789,43.450008392333984,44.14995574951172,1448656564,Solana
2021-08-16,62.432464599609375,68.82237243652344,52.465850830078125,53.5411491394043,3799339365,Solana
2021-08-17,64.21070861816406,74.8892593383789,58.9813346862793,62.11532974243164,4043742154,Solana
2021-08-18,72.5433120727539,80.11990356445312,60.26971435546875,64.16835021972656,4507409622,Solana
2021-08-19,72.75760650634766,75.09242248535156,68.6104965209961,72.83856201171875,2467398203,Solana
2021-08-20,78.72461700439453,79.99000549316406,70.93728637695312,72.7489013671875,1844455899,Solana
2021-08-21,73.75621032714844,81.81377410888672,72.69692993164062,78.69892883300781,1513097171,Solana
2021-08-22,72.80391693115234,77.48115539550781,71.55394744873047,73.86833953857422,968933849,Solana
2021-08-23,75.70803833007812,76.70532989501953,71.68074798583984,72.7694091796875,1372134245,Solana
2021-08-24,70.67090606689453,79.3709487915039,68.61978912353516,75.7801742553711,2153611667,Solana
2021-08-25,71.95156860351562,72.70286560058594,66.22276306152344,70.67996215820312,1551240766,Solana
2021-08-26,75.31620788574219,78.05520629882812,66.26455688476562,71.97343444824219,2713050538,Solana
2021-08-27,88.08698272705078,88.85427856445312,72.71512603759766,74.81178283691406,3263988286,Solana
2021-08-28,96.70317077636719,97.84294891357422,85.79064178466797,88.00001525878906,2580080503,Solana
2021-08-29,94.46967315673828,97.77787780761719,90.99362182617188,96.56397247314453,1830344091,Solana
2021-08-30,110.54480743408203,116.85022735595703,94.0377197265625,94.3448715209961,5274104165,Solana
2021-08-31,108.48377227783203,130.01461791992188,103.35130310058594,109.75614929199219,7590894022,Solana
2021-09-01,111.03300476074219,119.53011322021484,106.27082061767578,107.4444808959961,3974443896,Solana
2021-09-02,128.10238647460938,131.96188354492188,109.65261840820312,110.73123931884766,5074399603,Solana
2021-09-03,146.5830535888672,148.8341827392578,128.3890838623047,128.3890838623047,7526373837,Solana
2021-09-04,139.11306762695312,150.42855834960938,136.44955444335938,146.4184112548828,3970422964,Solana
2021-09-05,142.0708770751953,144.99786376953125,135.07997131347656,138.99014282226562,2996918105,Solana
2021-09-06,164.38092041015625,165.8787384033203,138.0382080078125,142.0628204345703,5774090688,Solana
2021-09-07,173.14892578125,194.8197021484375,133.10025024414062,164.18368530273438,17068643416,Solana
2021-09-08,191.04139709472656,197.989013671875,147.99118041992188,173.278564453125,13187213606,Solana
2021-09-09,188.19580078125,214.95718383789062,181.4458770751953,209.47079467773438,12676272744,Solana
2021-09-10,179.865234375,196.9451904296875,168.69082641601562,187.61280822753906,7087524572,Solana
2021-09-11,178.8678741455078,193.40560913085938,175.56541442871094,179.36622619628906,5367389010,Solana
2021-09-12,174.53762817382812,181.56825256347656,170.5845947265625,179.23016357421875,3012633094,Solana
2021-09-13,169.26954650878906,174.93186950683594,150.9744110107422,174.41845703125,6437530449,Solana
2021-09-14,158.09481811523438,171.30116271972656,143.55311584472656,169.77452087402344,5799758794,Solana
2021-09-15,159.1173858642578,166.17529296875,154.2395477294922,158.41543579101562,3908939772,Solana
2021-09-16,152.47406005859375,163.12283325195312,147.6532745361328,158.80728149414062,3215168472,Solana
2021-09-17,147.5930633544922,153.44493103027344,135.24522399902344,152.3514404296875,4675731485,Solana
2021-09-18,169.18421936035156,171.1427764892578,144.3922576904297,147.44876098632812,5415012910,Solana
2021-09-19,152.51669311523438,170.65211486816406,151.2509765625,169.22633361816406,3350530308,Solana
2021-09-20,132.13446044921875,153.38766479492188,131.2610321044922,152.7944793701172,5623667250,Solana
2021-09-21,123.95039367675781,144.46844482421875,116.34320068359375,132.76231384277344,5243953819,Solana
2021-09-22,147.92425537109375,150.94151306152344,122.34915924072266,124.17745208740234,4952222859,Solana
2021-09-23,149.75357055664062,152.364990234375,143.20126342773438,148.05516052246094,3389212044,Solana
2021-09-24,139.39564514160156,151.201904296875,128.8013153076172,149.9354705810547,3852350632,Solana
2021-09-25,136.17892456054688,144.0725555419922,134.10775756835938,139.2965545654297,2037106949,Solana
2021-09-26,135.69937133789062,140.7817840576172,125.11542510986328,136.21615600585938,2674182809,Solana
2021-09-27,136.72842407226562,148.49783325195312,133.98428344726562,135.93136596679688,2867246888,Solana
2021-09-28,131.53721618652344,139.2943572998047,128.2448272705078,136.5089111328125,2422542861,Solana
2021-09-29,135.35145568847656,140.03817749023438,131.2336883544922,132.33853149414062,2428105040,Solana
2021-09-30,141.0690460205078,142.85316467285156,134.31326293945312,135.41290283203125,2244376110,Solana
2021-10-01,161.682373046875,164.737548828125,138.4369354248047,141.38291931152344,4387488320,Solana
2021-10-02,169.093017578125,174.90069580078125,156.3223419189453,161.59439086914062,3471658582,Solana
2021-10-03,172.5891571044922,176.9703369140625,166.07000732421875,169.11370849609375,3149579954,Solana
2021-10-04,166.73191833496094,172.9616241455078,162.77333068847656,172.9616241455078,3109040100,Solana
2021-10-05,164.11582946777344,169.9793701171875,160.59315490722656,166.99496459960938,2541087419,Solana
2021-10-06,154.1077423095703,165.3619842529297,150.76837158203125,164.60519409179688,3259712887,Solana
2021-10-07,154.28118896484375,161.3629913330078,150.5420379638672,153.96115112304688,2579187256,Solana
2021-10-08,158.94920349121094,168.84637451171875,152.75576782226562,154.2565460205078,2781848650,Solana
2021-10-09,156.82583618164062,161.40731811523438,154.8697967529297,158.70469665527344,1522023824,Solana
2021-10-10,148.0487060546875,158.361572265625,146.8982391357422,156.75192260742188,1556965341,Solana
2021-10-11,144.85813903808594,153.921142578125,140.3639678955078,147.80044555664062,1851795187,Solana
2021-10-12,152.73712158203125,153.26397705078125,137.8115692138672,145.00765991210938,2853992440,Solana
2021-10-13,148.17604064941406,155.34799194335938,144.40786743164062,152.52392578125,2105226551,Solana
2021-10-14,149.75680541992188,155.32974243164062,147.3309326171875,148.01727294921875,1948101208,Solana
2021-10-15,162.59620666503906,165.12220764160156,146.98483276367188,150.04660034179688,3970589003,Solana
2021-10-16,157.538818359375,164.71371459960938,156.73756408691406,163.0070343017578,1531502795,Solana
2021-10-17,159.74380493164062,167.42599487304688,154.09034729003906,157.46356201171875,2168838138,Solana
2021-10-18,157.2312774658203,162.8562774658203,155.0302276611328,159.9974822998047,1698878759,Solana
2021-10-19,156.01702880859375,159.40586853027344,153.22100830078125,157.210205078125,1400902548,Solana
2021-10-20,175.94686889648438,176.440673828125,155.19984436035156,155.88339233398438,3315306825,Solana
2021-10-21,190.3184356689453,193.59915161132812,176.7655487060547,176.7655487060547,6865815461,Solana
2021-10-22,196.43153381347656,214.04444885253906,188.27362060546875,190.45489501953125,7486821306,Solana
2021-10-23,197.703857421875,205.6698760986328,192.56275939941406,196.30047607421875,3253670286,Solana
2021-10-24,202.3619842529297,204.71910095214844,185.5724334716797,197.97311401367188,3413057378,Solana
2021-10-25,210.1042938232422,218.7318878173828,198.2024383544922,202.3164825439453,4837376169,Solana
2021-10-26,199.8072509765625,213.9828643798828,197.4866485595703,209.53164672851562,3194205752,Solana
2021-10-27,183.77459716796875,205.4047393798828,178.73086547851562,199.87448120117188,4552692842,Solana
2021-10-28,194.86398315429688,201.0453643798828,182.217529296875,184.5157012939453,3463958628,Solana
2021-10-29,200.18275451660156,204.8966064453125,194.90643310546875,194.90643310546875,2468703579,Solana
2021-10-30,195.4160614013672,200.38623046875,187.8165740966797,200.22572326660156,1732207667,Solana
2021-10-31,202.4210205078125,205.1633758544922,186.06298828125,195.77377319335938,2577364486,Solana
2021-11-01,203.5450897216797,211.36083984375,198.2389678955078,202.62921142578125,3157612663,Solana
2021-11-02,220.23959350585938,222.2330322265625,201.18038940429688,203.51791381835938,3020087232,Solana
2021-11-03,242.89881896972656,246.321533203125,216.19619750976562,221.07675170898438,6024951132,Solana
2021-11-04,247.3877716064453,250.46633911132812,235.15087890625,243.09780883789062,4440296290,Solana
2021-11-05,236.47433471679688,248.3839111328125,231.1608123779297,247.27093505859375,2752870913,Solana
2021-11-06,258.934326171875,260.0621032714844,235.2899627685547,236.4927520751953,3869779683,Solana
2021-11-07,249.823486328125,258.85009765625,246.12242126464844,258.78155517578125,2624869522,Solana
2021-11-08,248.46717834472656,253.25418090820312,241.14013671875,249.97926330566406,3344410176,Solana
2021-11-09,239.213134765625,253.17982482910156,237.89529418945312,248.35684204101562,2819309492,Solana
2021-11-10,233.77952575683594,247.94703674316406,218.3885498046875,239.1337432861328,3873202098,Solana
2021-11-11,234.24075317382812,246.4471893310547,229.74851989746094,233.9139862060547,2693456862,Solana
2021-11-12,228.50209045410156,238.6956787109375,221.25294494628906,233.7212677001953,3022054714,Solana
2021-11-13,241.8250274658203,241.8250274658203,225.075927734375,228.59625244140625,2322796265,Solana
2021-11-14,238.42552185058594,242.04489135742188,230.6894073486328,241.8621063232422,1705211600,Solana
2021-11-15,237.55360412597656,245.97610473632812,235.09910583496094,238.7313995361328,2414551003,Solana
2021-11-16,219.23902893066406,238.4971466064453,215.4420928955078,238.4971466064453,3557977024,Solana
2021-11-17,218.71524047851562,222.02883911132812,210.02694702148438,219.29563903808594,2982505239,Solana
2021-11-18,195.48741149902344,222.87693786621094,187.67312622070312,218.87557983398438,3911214658,Solana
2021-11-19,215.28001403808594,219.3670654296875,189.7501678466797,195.0662841796875,3431624914,Solana
2021-11-20,218.01527404785156,221.44534301757812,206.28587341308594,215.4069061279297,2003638941,Solana
2021-11-21,231.28262329101562,235.2309112548828,210.8097381591797,217.78402709960938,2636480460,Solana
2021-11-22,215.73727416992188,231.90481567382812,212.03009033203125,230.98963928222656,3254258844,Solana
2021-11-23,221.83689880371094,226.06173706054688,211.31222534179688,215.84295654296875,2328763768,Solana
2021-11-24,214.92153930664062,222.4592742919922,200.5026092529297,221.86061096191406,2293934142,Solana
2021-11-25,206.25299072265625,216.4005126953125,202.3234100341797,205.88616943359375,2586718627,Solana
2021-11-26,191.51174926757812,210.50457763671875,184.32827758789062,210.04827880859375,3380122748,Solana
2021-11-27,193.10215759277344,199.364990234375,191.04054260253906,192.2835693359375,1443178833,Solana
2021-11-28,200.67665100097656,201.6287078857422,182.37245178222656,193.27560424804688,2033215941,Solana
2021-11-29,204.31936645507812,212.44580078125,199.9542999267578,200.82127380371094,2110532147,Solana
2021-11-30,208.67098999023438,218.33938598632812,200.08433532714844,204.23294067382812,2888387657,Solana
2021-12-01,229.7992401123047,232.38621520996094,208.1522674560547,208.39315795898438,3532771294,Solana
2021-12-02,233.9930419921875,243.11166381835938,220.38717651367188,229.85470581054688,4074103518,Solana
2021-12-03,211.22439575195312,239.12210083007812,207.32977294921875,233.60189819335938,4061060881,Solana
2021-12-04,201.1248321533203,212.8075408935547,171.55357360839844,212.1123809814453,5949505665,Solana
2021-12-05,196.1682586669922,204.6174774169922,182.01681518554688,200.78060913085938,3402591975,Solana
2021-12-06,194.19921875,197.66302490234375,176.8880615234375,196.5474853515625,3693853028,Solana
2021-12-07,190.59690856933594,204.11849975585938,188.2808074951172,194.27659606933594,2556849839,Solana
2021-12-08,194.6217041015625,196.37411499023438,184.13270568847656,190.5050048828125,2277446203,Solana
2021-12-09,181.17808532714844,196.6897430419922,178.79214477539062,194.48329162597656,1968182104,Solana
2021-12-10,167.954833984375,184.68942260742188,167.954833984375,181.46755981445312,2118266396,Solana
2021-12-11,171.94949340820312,173.8984832763672,161.86000061035156,167.9166259765625,1877844189,Solana
2021-12-12,173.43167114257812,176.6494140625,167.8612518310547,171.9483184814453,1196808540,Solana
2021-12-13,155.2130584716797,173.0999298095703,148.5718231201172,173.0999298095703,2547597256,Solana
2021-12-14,153.34144592285156,161.61827087402344,150.11798095703125,155.14166259765625,2604045117,Solana
2021-12-15,178.34078979492188,182.51316833496094,157.65321350097656,161.35890197753906,3783787658,Solana
2021-12-16,176.9546661376953,188.8787078857422,174.4509735107422,178.59153747558594,2766320569,Solana
2021-12-17,175.5032958984375,182.3936309814453,168.51873779296875,176.8949737548828,2711688386,Solana
2021-12-18,182.8351287841797,184.37518310546875,171.19656372070312,175.65635681152344,1690397976,Solana
2021-12-19,180.09805297851562,189.26254272460938,178.75502014160156,182.8509063720703,1678714066,Solana
2021-12-20,173.67178344726562,181.15325927734375,168.6835174560547,179.9777374267578,1982986558,Solana
2021-12-21,180.09254455566406,182.41751098632812,170.49063110351562,173.69439697265625,1821107818,Solana
2021-12-22,178.5971221923828,187.4734344482422,177.42733764648438,179.85833740234375,1889229699,Solana
2021-12-23,190.03631591796875,193.2760467529297,176.116455078125,178.5027618408203,2191634326,Solana
2021-12-24,190.273193359375,197.15771484375,185.01937866210938,190.1028594970703,2286837232,Solana
2021-12-25,193.1209259033203,195.14923095703125,189.0322265625,190.53160095214844,1443209769,Solana
2021-12-26,198.000732421875,200.64419555664062,190.8236846923828,192.92051696777344,1971114647,Solana
2021-12-27,195.42950439453125,204.5785675048828,195.16079711914062,197.88340759277344,1800094698,Solana
2021-12-28,177.42562866210938,195.6216583251953,177.0403594970703,195.6216583251953,2826063568,Solana
2021-12-29,170.65756225585938,180.5907745361328,170.44342041015625,177.3890380859375,2175731146,Solana
2021-12-30,172.75119018554688,175.691162109375,168.3984832763672,170.76478576660156,1540637869,Solana
2021-12-31,170.299072265625,177.35704040527344,168.31207275390625,172.70384216308594,1567918820,Solana
2022-01-01,178.5179443359375,178.96224975585938,170.19554138183594,170.3108367919922,1084780603,Solana
2022-01-02,176.38284301757812,179.43235778808594,175.01231384277344,178.53240966796875,995389409,Solana
2022-01-03,170.29774475097656,176.3863067626953,167.5339813232422,176.3863067626953,1345778058,Solana
2022-01-04,167.93890380859375,173.735107421875,166.74012756347656,170.28611755371094,1499265336,Solana
2022-01-05,155.0997314453125,171.11045837402344,148.2161102294922,167.94033813476562,2123759721,Solana
2022-01-06,150.4313507080078,155.10592651367188,146.66766357421875,155.10592651367188,2097172620,Solana
2022-01-07,136.40281677246094,150.5209503173828,135.14999389648438,150.4134063720703,2926269672,Solana
2022-01-08,142.51345825195312,147.83731079101562,134.02101135253906,136.40016174316406,2730000333,Solana
2022-01-09,140.83900451660156,145.44041442871094,138.39410400390625,142.54312133789062,1599123912,Solana
2022-01-10,135.95494079589844,143.56336975097656,130.7969970703125,140.83363342285156,2040883379,Solana
2022-01-11,140.18385314941406,143.29904174804688,134.13397216796875,135.94090270996094,1554197314,Solana
2022-01-12,151.70310974121094,152.9364776611328,138.5462646484375,140.20375061035156,2242337550,Solana
2022-01-13,146.01004028320312,157.54373168945312,146.01004028320312,151.6905975341797,2177023564,Solana
2022-01-14,146.15902709960938,150.469482421875,142.39068603515625,146.02590942382812,1822320951,Solana
2022-01-15,147.80117797851562,149.35018920898438,144.4191436767578,146.18002319335938,1123271784,Solana
2022-01-16,147.8565216064453,151.7723388671875,146.4017791748047,147.78660583496094,1172854751,Solana
2022-01-17,139.92601013183594,148.20587158203125,137.50003051757812,147.8767852783203,1487772250,Solana
2022-01-18,141.58718872070312,142.46649169921875,134.8957977294922,139.93276977539062,1449435942,Solana
2022-01-19,135.79238891601562,142.29408264160156,133.3551788330078,141.5469970703125,1444663456,Solana
2022-01-20,127.20528411865234,143.61740112304688,127.17404174804688,135.7913360595703,984099352,Solana
2022-01-21,111.96605682373047,128.432861328125,107.90899658203125,127.33333587646484,3771688473,Solana
2022-01-22,94.1783676147461,113.58767700195312,89.28715515136719,111.9765396118164,4039466376,Solana
2022-01-23,99.5782241821289,104.51920318603516,93.5934829711914,94.30760192871094,2548191912,Solana
2022-01-24,91.65016174316406,99.77051544189453,81.2260513305664,99.61751556396484,4664539688,Solana
2022-01-25,94.72035217285156,99.70123291015625,87.75712585449219,91.66015625,2842652332,Solana
2022-01-26,92.23804473876953,103.7215576171875,89.80755615234375,94.71883392333984,3177186515,Solana
2022-01-27,89.63249206542969,94.05999755859375,86.18603515625,92.21805572509766,2513945822,Solana
2022-01-28,91.31289672851562,93.36466979980469,87.5742416381836,89.52909088134766,2156098049,Solana
2022-01-29,96.2234878540039,98.61104583740234,90.96379852294922,91.35469818115234,1727329992,Solana
2022-01-30,93.29767608642578,97.29832458496094,91.70702362060547,96.2490005493164,1110338981,Solana
2022-01-31,99.73883819580078,100.7250747680664,89.58599090576172,93.3011703491211,1888454241,Solana
2022-02-01,109.9789810180664,112.9801254272461,99.47785949707031,99.72594451904297,3568466349,Solana
2022-02-02,101.83760070800781,111.95736694335938,97.735595703125,110.01945495605469,3297984784,Solana
2022-02-03,101.45903778076172,102.66846466064453,94.63531494140625,101.8281021118164,2618951519,Solana
2022-02-04,112.17424774169922,112.41033172607422,100.67737579345703,101.34093475341797,3121470028,Solana
2022-02-05,113.89430236816406,118.21311950683594,110.53406524658203,112.20548248291016,2337469324,Solana
2022-02-06,115.29975891113281,115.86648559570312,112.18635559082031,113.90282440185547,1488437091,Solana
2022-02-07,117.35514831542969,121.55403137207031,113.14046478271484,115.27619171142578,2501444983,Solana
2022-02-08,113.5954818725586,119.96955108642578,110.241943359375,117.4089126586914,2670414753,Solana
2022-02-09,114.01937866210938,116.82732391357422,109.97865295410156,113.5340347290039,1844036035,Solana
2022-02-10,106.20280456542969,114.78842163085938,106.20280456542969,114.02164459228516,2534257400,Solana
2022-02-11,96.38188171386719,107.84539031982422,95.60428619384766,106.22976684570312,2244853464,Solana
2022-02-12,95.91820526123047,99.55365753173828,93.49864196777344,96.4014892578125,1722515979,Solana
2022-02-13,93.24410247802734,97.20621490478516,91.81570434570312,95.89258575439453,1150014559,Solana
2022-02-14,96.43327331542969,97.74172973632812,91.20769500732422,93.19368743896484,1787236369,Solana
2022-02-15,104.87330627441406,105.29197692871094,96.43329620361328,96.43740844726562,2134576044,Solana
2022-02-16,101.93289947509766,105.34634399414062,98.58037567138672,104.92504119873047,1908954820,Solana
2022-02-17,93.4104232788086,102.6329345703125,92.6762466430664,101.89823150634766,1872498133,Solana
2022-02-18,90.06546020507812,96.20182037353516,89.70610809326172,93.46298217773438,1669246812,Solana
2022-02-19,91.49665069580078,92.54096221923828,88.95311737060547,90.0518798828125,1084605729,Solana
2022-02-20,90.90141296386719,93.32028198242188,86.01744079589844,91.44432067871094,1912980153,Solana
2022-02-21,83.12316131591797,95.90409088134766,83.11844635009766,90.88302612304688,2892900595,Solana
2022-02-22,86.46538543701172,87.16397857666016,81.2048568725586,83.10639953613281,2046554018,Solana
2022-02-23,84.90278625488281,92.73844146728516,84.90278625488281,86.47079467773438,2293962445,Solana
2022-02-24,89.19474792480469,92.2793960571289,76.85957336425781,84.86357879638672,5253578948,Solana
2022-02-25,92.59882354736328,94.7778091430664,87.27616119384766,89.22813415527344,3069242551,Solana
2022-02-26,90.14156341552734,94.60433197021484,89.75767517089844,92.6088638305664,1721041901,Solana
2022-02-27,85.51905059814453,91.98943328857422,84.49292755126953,90.1246337890625,2012522473,Solana
2022-02-28,99.52034759521484,101.04179382324219,84.57584381103516,85.50110626220703,3457872746,Solana
2022-03-01,98.65355682373047,101.55915832519531,94.89342498779297,99.54046630859375,3225742519,Solana
2022-03-02,100.6496353149414,105.98477172851562,97.10579681396484,98.6490707397461,3800592927,Solana
2022-03-03,95.53919982910156,101.4272689819336,94.37796020507812,100.65377044677734,2309311748,Solana
2022-03-04,88.24597930908203,95.7081298828125,87.554443359375,95.5670394897461,2592829728,Solana
2022-03-05,89.64784240722656,91.03617858886719,86.2888412475586,88.29053497314453,1437161887,Solana
2022-03-06,84.54218292236328,89.8653793334961,84.32964324951172,89.64859008789062,1467561782,Solana
2022-03-07,82.13006591796875,86.48308563232422,80.31684875488281,84.55287170410156,2375648176,Solana
2022-03-08,82.2547607421875,84.77989959716797,81.54011535644531,82.11260223388672,2112765959,Solana
2022-03-09,88.20206451416016,89.48204803466797,82.20623779296875,82.27992248535156,2624860794,Solana
2022-03-10,82.9390869140625,88.45394897460938,81.01934051513672,88.19039916992188,2196400279,Solana
2022-03-11,80.7449951171875,84.05066680908203,80.28123474121094,82.94074249267578,1852734626,Solana
2022-03-12,81.55381774902344,82.66375732421875,80.72209930419922,80.74752044677734,1036290480,Solana
2022-03-13,78.93607330322266,82.8830337524414,78.00438690185547,81.53121948242188,1316842580,Solana
2022-03-14,81.17333984375,82.09930419921875,78.27435302734375,78.92557525634766,1676601058,Solana
2022-03-15,82.95508575439453,85.5193099975586,79.07177734375,81.17005920410156,1627848455,Solana
2022-03-16,87.90362548828125,87.90362548828125,81.65324401855469,82.95167541503906,2370877301,Solana
2022-03-17,87.87684631347656,90.75728607177734,86.75122833251953,87.86245727539062,2440062581,Solana
2022-03-18,89.82203674316406,91.84861755371094,84.63697814941406,87.86626434326172,2745357460,Solana
2022-03-19,92.41815185546875,94.36089324951172,89.39261627197266,89.8204574584961,1951674158,Solana
2022-03-20,88.61486053466797,92.43592071533203,88.15045928955078,92.41366577148438,1286133603,Solana
2022-03-21,88.7572021484375,91.0119857788086,87.2076416015625,88.6050033569336,1598537312,Solana
2022-03-22,90.51296997070312,93.76680755615234,88.18277740478516,88.74190521240234,1879747152,Solana
2022-03-23,95.1026840209961,96.05184173583984,89.81146240234375,90.51393127441406,2099467745,Solana
2022-03-24,102.22369384765625,103.45579528808594,94.06550598144531,95.02090454101562,3601646600,Solana
2022-03-25,98.6581039428711,104.58296203613281,97.31824493408203,102.23835754394531,2175497007,Solana
2022-03-26,101.7641830444336,103.19357299804688,97.82968139648438,98.666748046875,1282869612,Solana
2022-03-27,107.08422088623047,107.29871368408203,99.26909637451172,101.77369689941406,1572329892,Solana
2022-03-28,106.46525573730469,113.17594909667969,105.47787475585938,107.07796478271484,2877146388,Solana
2022-03-29,111.71031188964844,115.27571868896484,105.99919128417969,106.32798767089844,3052274877,Solana
2022-03-30,120.6994857788086,124.6050033569336,107.76725769042969,111.69025421142578,3908170428,Solana
2022-03-31,122.66146087646484,128.93011474609375,120.19783020019531,120.68155670166016,4115229587,Solana
2022-04-01,134.43093872070312,137.55841064453125,118.78791046142578,122.7361068725586,4434807484,Solana
2022-04-02,132.19886779785156,143.02001953125,132.13919067382812,134.45358276367188,3394186456,Solana
2022-04-03,136.77532958984375,140.26370239257812,131.2261505126953,132.24107360839844,2585967812,Solana
2022-04-04,132.41262817382812,137.63351440429688,126.86532592773438,136.7607879638672,2828117206,Solana
2022-04-05,126.86223602294922,136.18284606933594,126.56397247314453,132.3878631591797,2239922210,Solana
2022-04-06,112.88338470458984,127.28115844726562,112.773681640625,126.85795593261719,3281009143,Solana
2022-04-07,118.79651641845703,119.76071166992188,111.95746612548828,112.93579864501953,2431083313,Solana
2022-04-08,109.8008804321289,122.25411987304688,108.5411605834961,118.81621551513672,2376864565,Solana
2022-04-09,112.97279357910156,113.1148910522461,108.63433837890625,109.79875946044922,1202250516,Solana
2022-04-10,111.74243927001953,115.8083267211914,110.07783508300781,112.97270965576172,1280232450,Solana
2022-04-11,99.33910369873047,111.83113861083984,98.67085266113281,111.69898986816406,2272498194,Solana
2022-04-12,103.30638885498047,109.11756134033203,98.935302734375,99.38467407226562,2317008207,Solana
2022-04-13,105.00194549560547,105.67684936523438,100.48845672607422,103.28101348876953,1675840412,Solana
2022-04-14,100.70780181884766,107.32963562011719,99.25684356689453,104.94060516357422,1686576071,Solana
2022-04-15,101.30977630615234,102.67264556884766,100.10089874267578,100.70652770996094,1050639351,Solana
2022-04-16,102.25731658935547,103.27172088623047,100.9647216796875,101.29869079589844,774939305,Solana
2022-04-17,100.40969848632812,105.2945556640625,99.95817565917969,102.2484359741211,1057908299,Solana
2022-04-18,102.15853118896484,102.51702880859375,95.2427749633789,100.40795135498047,1846133932,Solana
2022-04-19,108.58203125,108.58203125,101.30172729492188,102.20238494873047,1711909607,Solana
2022-04-20,105.49700164794922,110.72297668457031,104.77265930175781,108.6021957397461,1761531528,Solana
2022-04-21,101.77613830566406,109.76532745361328,100.76715087890625,105.49767303466797,1838571747,Solana
2022-04-22,100.61205291748047,103.4981460571289,99.57942962646484,101.7574234008789,1274793594,Solana
2022-04-23,100.74443817138672,102.77123260498047,98.78157043457031,100.61978149414062,823252482,Solana
2022-04-24,99.23579406738281,102.21668243408203,99.00851440429688,100.72718811035156,818266008,Solana
2022-04-25,101.24763488769531,101.44058990478516,94.75575256347656,99.24140930175781,1538486689,Solana
2022-04-26,95.78215026855469,101.74248504638672,95.17789459228516,101.2248764038086,1301074534,Solana
2022-04-27,98.37886810302734,100.54492950439453,95.28350067138672,95.7855224609375,1253566599,Solana
2022-04-28,98.18572998046875,100.40122985839844,96.69452667236328,98.38214874267578,1307131609,Solana
2022-04-29,94.01134490966797,98.56856536865234,92.88426971435547,98.1829605102539,1234575023,Solana
2022-04-30,85.09593200683594,94.92884826660156,82.90953826904297,94.01355743408203,1293033765,Solana
2022-05-01,89.6715087890625,92.43013000488281,84.94415283203125,85.09468841552734,1426749080,Solana
2022-05-02,87.58101654052734,90.69336700439453,85.40721893310547,89.67205810546875,1265220129,Solana
2022-05-03,85.84237670898438,88.68785858154297,84.92210388183594,87.562744140625,1011988792,Solana
2022-05-04,92.7708511352539,92.93719482421875,85.72806549072266,85.84172821044922,1428455342,Solana
2022-05-05,84.59602355957031,95.03282165527344,81.83486938476562,92.76979064941406,1805979399,Solana
2022-05-06,81.76410675048828,84.64693450927734,80.46861267089844,84.58849334716797,1585081920,Solana
2022-05-07,78.9834213256836,82.1807861328125,77.88323211669922,81.76667022705078,1139093165,Solana
2022-05-08,75.22018432617188,79.2837905883789,74.52718353271484,78.98763275146484,1439700868,Solana
2022-05-09,63.2696533203125,76.98309326171875,63.2696533203125,75.23445892333984,2773999164,Solana
2022-05-10,66.76615142822266,73.7598876953125,61.02658462524414,63.36931228637695,3677013066,Solana
2022-05-11,50.21084976196289,68.11722564697266,44.00382614135742,66.73474884033203,4432811558,Solana
2022-05-12,44.683589935302734,53.65938949584961,38.05009078979492,50.23923110961914,4471167155,Solana
2022-05-13,48.59355163574219,55.90211486816406,44.07636642456055,44.63357162475586,2854210432,Solana
2022-05-14,52.4172248840332,53.06116485595703,46.22056579589844,48.67664337158203,2042138537,Solana
2022-05-15,58.81126022338867,58.87806701660156,49.834800720214844,52.43134307861328,1843835578,Solana
2022-05-16,53.646461486816406,58.80391311645508,52.26792907714844,58.80391311645508,2067312217,Solana
2022-05-17,57.12562561035156,58.03807067871094,53.50530242919922,53.656005859375,1823895389,Solana
2022-05-18,49.75621032714844,57.69771957397461,49.73109436035156,57.11631774902344,1745565671,Solana
2022-05-19,52.2139778137207,53.617488861083984,48.63555145263672,49.794864654541016,1958004386,Solana
2022-05-20,49.538509368896484,53.43804168701172,48.05058288574219,52.211971282958984,1830699507,Solana
2022-05-21,50.3179817199707,51.055049896240234,48.767486572265625,49.53544998168945,979492374,Solana
2022-05-22,52.75518035888672,53.02165985107422,49.86278533935547,50.32065963745117,1105760506,Solana
2022-05-23,49.05685043334961,54.474647521972656,48.92724609375,52.736087799072266,1661669360,Solana
2022-05-24,49.65333557128906,50.57752227783203,47.500823974609375,49.064231872558594,1508166642,Solana
2022-05-25,47.982425689697266,50.4423713684082,47.67314529418945,49.64841842651367,1304580067,Solana
2022-05-26,43.4912109375,48.551021575927734,42.321380615234375,47.98397445678711,2208994514,Solana
2022-05-27,40.981346130371094,43.81364822387695,40.26896286010742,43.47438049316406,2256358026,Solana
2022-05-28,44.343162536621094,44.65801239013672,40.54867935180664,41.49373245239258,1254325884,Solana
2022-05-29,44.90961456298828,45.386253356933594,41.998046875,44.33879089355469,1317843243,Solana
2022-05-30,47.179443359375,47.93682861328125,44.35740661621094,44.908668518066406,1708817065,Solana
2022-05-31,45.76784133911133,48.03899002075195,44.84001541137695,47.18132781982422,1509191627,Solana
2022-06-01,40.26966857910156,45.946659088134766,40.050350189208984,45.76512908935547,1422647092,Solana
2022-06-02,40.8913459777832,41.32786560058594,38.36067199707031,40.255279541015625,1554022054,Solana
2022-06-03,38.259220123291016,41.433345794677734,37.80271911621094,40.895751953125,1348656102,Solana
2022-06-04,38.93144607543945,39.040428161621094,36.04072570800781,38.27455139160156,1130762770,Solana
2022-06-05,38.480533599853516,39.995296478271484,38.03535079956055,38.93410110473633,998532387,Solana
2022-06-06,42.43313217163086,44.450618743896484,38.43878936767578,38.5015983581543,1955057411,Solana
2022-06-07,39.43757247924805,42.449310302734375,37.77632522583008,42.42977523803711,1974825213,Solana
2022-06-08,38.84336853027344,40.52680587768555,38.401607513427734,39.434051513671875,1211034282,Solana
2022-06-09,39.97260665893555,41.72376251220703,38.555694580078125,38.845584869384766,1265873005,Solana
2022-06-10,37.08976745605469,40.769779205322266,37.001258850097656,39.96762466430664,1177042406,Solana
2022-06-11,33.82111740112305,37.843257904052734,33.435916900634766,37.09238052368164,1086904917,Solana
2022-06-12,30.743270874023438,34.2285041809082,30.743270874023438,33.83749008178711,1430666510,Solana
2022-06-13,28.19236183166504,30.91798210144043,26.139610290527344,30.73029327392578,2577135234,Solana
2022-06-14,29.714618682861328,31.610319137573242,26.060319900512695,28.18289566040039,2317785256,Solana
2022-06-15,34.48794174194336,34.565528869628906,26.86840057373047,29.695768356323242,2574959860,Solana
2022-06-16,29.989742279052734,35.71171951293945,29.731698989868164,34.50612258911133,1908909523,Solana
2022-06-17,30.742919921875,32.00886917114258,29.478063583374023,30.00250244140625,1283536081,Solana
2022-06-18,31.80793571472168,31.838632583618164,27.46303939819336,30.740924835205078,1804420726,Solana
2022-06-19,34.24374771118164,35.16057586669922,28.91050910949707,31.809133529663086,2005402608,Solana
2022-06-20,35.4171142578125,36.76423645019531,31.892911911010742,34.238365173339844,1958378683,Solana
2022-06-21,36.121158599853516,38.804771423339844,34.40011215209961,35.39715576171875,1790090431,Solana
2022-06-22,34.12163543701172,36.704681396484375,33.80274200439453,36.18272399902344,1533123071,Solana
2022-06-23,38.17523193359375,38.347354888916016,34.083587646484375,34.12080383300781,1666479184,Solana
2022-06-24,42.2120475769043,42.72931671142578,37.852935791015625,38.20144271850586,1765927064,Solana
2022-06-25,42.33281326293945,42.490692138671875,39.875328063964844,42.202999114990234,1271293523,Solana
2022-06-26,39.40808868408203,42.34132385253906,39.38430404663086,42.30241775512695,1138724690,Solana
2022-06-27,38.45125198364258,41.082157135009766,38.17092514038086,39.409088134765625,1253389517,Solana
2022-06-28,35.326438903808594,39.7059326171875,35.2291374206543,38.44542694091797,1361946847,Solana
2022-06-29,33.8739013671875,35.96923065185547,33.251136779785156,35.32723617553711,1366803516,Solana
2022-06-30,33.588417053222656,34.045753479003906,31.05734634399414,33.908782958984375,1321861663,Solana
2022-07-01,32.803070068359375,35.230743408203125,31.934066772460938,33.645652770996094,1427407655,Solana
2022-07-02,33.35940933227539,33.93459701538086,31.95758628845215,32.811004638671875,765552187,Solana
2022-07-03,33.38593292236328,33.57749938964844,32.219078063964844,33.356258392333984,605659825,Solana
2022-07-04,36.785030364990234,36.8065071105957,32.520713806152344,33.38526916503906,1091202628,Solana
2022-07-05,35.39555358886719,36.87248992919922,33.26679229736328,36.761268615722656,1569156882,Solana
2022-07-06,37.07356262207031,37.47623062133789,34.889488220214844,35.404720306396484,1410588451,Solana
2022-07-07,38.518306732177734,39.11948013305664,36.497711181640625,37.07526779174805,1189167903,Solana
2022-07-08,38.286720275878906,39.352840423583984,36.556209564208984,38.51742935180664,1485794730,Solana
2022-07-09,38.07196044921875,38.79253387451172,37.87006378173828,38.29243469238281,789899204,Solana
2022-07-10,36.697608947753906,38.071083068847656,36.38676834106445,38.071083068847656,714119421,Solana
2022-07-11,33.463600158691406,36.69319534301758,33.33729934692383,36.69319534301758,930216020,Solana
2022-07-12,32.75759506225586,34.501243591308594,32.75759506225586,33.465030670166016,916386230,Solana
2022-07-13,34.91093826293945,34.939666748046875,31.959470748901367,32.74802780151367,1313110217,Solana
2022-07-14,37.10782241821289,37.22102355957031,33.690948486328125,34.912261962890625,1320137563,Solana
2022-07-15,37.41592788696289,38.85118103027344,36.64623260498047,37.112239837646484,1266226950,Solana
2022-07-16,39.57412338256836,40.08470153808594,36.40153884887695,37.412757873535156,1149921714,Solana
2022-07-17,38.64472198486328,40.96872329711914,38.54647445678711,39.579891204833984,1119935904,Solana
2022-07-18,43.746158599853516,43.746158599853516,38.60856246948242,38.64695739746094,1793335611,Solana
2022-07-19,44.89987564086914,47.09938049316406,42.71699905395508,43.66854476928711,2530289999,Solana
2022-07-20,42.09366989135742,46.09572982788086,41.64255142211914,44.896854400634766,2020822242,Solana
2022-07-21,43.19059371948242,43.91940689086914,39.81828689575195,42.08842468261719,1926399176,Solana
2022-07-22,40.61850357055664,44.22321701049805,40.138877868652344,43.18901062011719,1523873136,Solana
2022-07-23,40.040977478027344,41.826377868652344,38.714317321777344,40.59116744995117,1151436691,Solana
2022-07-24,41.00658416748047,42.021121978759766,39.60561752319336,40.03881072998047,1115260733,Solana
2022-07-25,36.711997985839844,41.04818344116211,36.711997985839844,41.00947952270508,1465847128,Solana
2022-07-26,36.190853118896484,36.715423583984375,34.81983947753906,36.715423583984375,1362323126,Solana
2022-07-27,40.3078498840332,40.39472961425781,35.75505828857422,36.2037467956543,1829226049,Solana
2022-07-28,42.84526824951172,44.07329559326172,39.13290023803711,40.30208206176758,2454901807,Solana
2022-07-29,41.926998138427734,44.2287483215332,41.277008056640625,42.87696838378906,2066610408,Solana
2022-07-30,43.755889892578125,46.47602462768555,41.61918640136719,41.92341613769531,1980341418,Solana
2022-07-31,42.400203704833984,45.05152893066406,42.35273742675781,43.760658264160156,1356657075,Solana
2022-08-01,41.78648376464844,43.11629104614258,40.73676300048828,42.401554107666016,1082119921,Solana
2022-08-02,39.7545051574707,42.33211135864258,39.74711990356445,41.774147033691406,1205226999,Solana
2022-08-03,38.54441833496094,40.73065185546875,37.893131256103516,39.75486373901367,2312325350,Solana
2022-08-04,38.83067321777344,39.67987823486328,38.04472732543945,38.544639587402344,1235137178,Solana
2022-08-05,40.561031341552734,41.174652099609375,38.795719146728516,38.82399368286133,1198859111,Solana
2022-08-06,40.0570068359375,40.84541320800781,39.95309829711914,40.5611686706543,650997770,Solana
2022-08-07,40.6055908203125,41.49406814575195,39.336483001708984,40.0600471496582,614104051,Solana
2022-08-08,42.17055130004883,43.53985595703125,40.603797912597656,40.609642028808594,1117550363,Solana
2022-08-09,40.372623443603516,42.702392578125,39.94392776489258,42.175392150878906,895263875,Solana
2022-08-10,42.365867614746094,42.61181640625,39.25737380981445,40.37052536010742,1389333742,Solana
2022-08-11,42.8217887878418,45.12477111816406,42.37364959716797,42.37364959716797,1735349568,Solana
2022-08-12,45.33475875854492,45.37518310546875,42.23114013671875,42.82052993774414,1128246063,Solana
2022-08-13,46.485347747802734,48.18428421020508,45.34074401855469,45.34074401855469,1416039040,Solana
2022-08-14,44.916568756103516,47.96087646484375,44.69403839111328,46.505985260009766,1061034922,Solana
2022-08-15,43.82322311401367,47.127540588378906,42.90903091430664,44.92243957519531,1364253429,Solana
2022-08-16,43.15880584716797,44.1871223449707,42.78215408325195,43.806095123291016,1131452045,Solana
2022-08-17,40.403053283691406,44.633087158203125,40.28676986694336,43.15305709838867,1336772691,Solana
2022-08-18,39.545230865478516,41.607303619384766,39.525936126708984,40.426509857177734,885648540,Solana
2022-08-19,35.8902587890625,39.54132843017578,35.755027770996094,39.54132843017578,1821467945,Solana
2022-08-20,35.26973342895508,37.223209381103516,34.35833740234375,35.87661361694336,1203622743,Solana
2022-08-21,36.533199310302734,36.98236846923828,34.78230667114258,35.26417922973633,982071275,Solana
2022-08-22,35.47438049316406,36.52580642700195,33.90044021606445,36.52580642700195,1139846770,Solana
2022-08-23,35.6462516784668,36.05042266845703,34.31291580200195,35.47530746459961,854779221,Solana
2022-08-24,34.957916259765625,36.286067962646484,34.43351745605469,35.64565658569336,946325778,Solana
2022-08-25,35.316463470458984,36.42266845703125,34.93364334106445,34.959102630615234,828503624,Solana
2022-08-26,31.726362228393555,35.58013153076172,31.499326705932617,35.313255310058594,1315871629,Solana
2022-08-27,31.54243278503418,32.20508575439453,30.953018188476562,31.71382713317871,764882265,Solana
2022-08-28,30.39228630065918,32.12961196899414,30.38878059387207,31.538864135742188,562501615,Solana
2022-08-29,32.46529769897461,32.520748138427734,30.11916160583496,30.39385986328125,891913484,Solana
2022-08-30,31.41205596923828,33.072635650634766,30.796524047851562,32.46004104614258,861409804,Solana
2022-08-31,31.47295570373535,32.87642288208008,31.237884521484375,31.416515350341797,769308937,Solana
2022-09-01,31.585678100585938,31.709314346313477,30.511266708374023,31.475082397460938,666487074,Solana
2022-09-02,31.227930068969727,32.358829498291016,30.843948364257812,31.58498764038086,659575995,Solana
2022-09-03,31.10948371887207,31.23231315612793,30.858367919921875,31.228193283081055,314531753,Solana
2022-09-04,32.106956481933594,32.13935089111328,31.081865310668945,31.10894012451172,392954663,Solana
2022-09-05,32.19464874267578,32.37053298950195,31.211069107055664,32.108028411865234,512588616,Solana
2022-09-06,30.891742706298828,33.78529739379883,30.640546798706055,32.199668884277344,1196204019,Solana
2022-09-07,32.71091842651367,32.89689636230469,30.488950729370117,30.883899688720703,779212909,Solana
2022-09-08,33.608646392822266,33.796051025390625,32.102500915527344,32.708030700683594,978070646,Solana
2022-09-09,34.73976516723633,35.79993438720703,33.60639953613281,33.60664367675781,1186140934,Solana
2022-09-10,35.12672805786133,35.36214065551758,34.369415283203125,34.73285675048828,731145106,Solana
2022-09-11,34.96596145629883,35.89952087402344,34.12443542480469,35.122840881347656,757216096,Solana
2022-09-12,37.4241828918457,38.1690788269043,34.5079231262207,34.96744155883789,1701399970,Solana
2022-09-13,33.430816650390625,38.870384216308594,32.870452880859375,37.421607971191406,1785181627,Solana
2022-09-14,34.09157180786133,34.28319549560547,32.870452880859375,33.01827621459961,1003604224,Solana
2022-09-15,33.04768371582031,34.715267181396484,32.721893310546875,34.09429168701172,1139377803,Solana
2022-09-16,32.208858489990234,33.203125,31.641164779663086,33.044593811035156,765952525,Solana
2022-09-17,33.75077819824219,33.84817886352539,32.21224594116211,32.21224594116211,501302380,Solana
2022-09-18,31.05985450744629,33.954715728759766,30.979143142700195,33.74827575683594,694870049,Solana
2022-09-19,32.685302734375,32.9898567199707,30.693248748779297,31.053613662719727,971182780,Solana
2022-09-20,31.433040618896484,32.79011154174805,31.3890323638916,32.68706512451172,819978937,Solana
2022-09-21,30.826377868652344,33.13396072387695,30.195068359375,31.43379020690918,1193686258,Solana
2022-09-22,32.408905029296875,32.807044982910156,30.63888168334961,30.815771102905273,833702543,Solana
2022-09-23,33.6766357421875,33.90916442871094,31.363554000854492,32.4062385559082,982495447,Solana
2022-09-24,33.462650299072266,34.69917678833008,33.27409744262695,33.67512893676758,872691785,Solana
2022-09-25,32.33536148071289,33.98523712158203,32.01491928100586,33.461063385009766,610529879,Solana
2022-09-26,33.88055419921875,33.881507873535156,31.96014976501465,32.33634948730469,936313674,Solana
2022-09-27,32.75012969970703,35.23724365234375,32.27183532714844,33.87862777709961,1223724195,Solana
2022-09-28,33.23543930053711,33.74109649658203,31.72770118713379,32.73825454711914,998520503,Solana
2022-09-29,33.952449798583984,34.338314056396484,32.79304885864258,33.23528289794922,951223921,Solana
2022-09-30,33.21244430541992,35.13334655761719,32.73581314086914,33.951778411865234,1210784941,Solana
2022-10-01,32.46939468383789,33.22508239746094,32.466941833496094,33.21569061279297,572976679,Solana
2022-10-02,32.05569839477539,32.99811935424805,31.99713897705078,32.470420837402344,532211084,Solana
2022-10-03,32.967620849609375,33.20492935180664,31.954931259155273,32.05710983276367,633204077,Solana
2022-10-04,34.12247085571289,34.34199905395508,32.88138198852539,32.95677185058594,717157069,Solana
2022-10-05,34.073883056640625,34.31154251098633,33.27922058105469,34.117191314697266,655950188,Solana
2022-10-06,33.34281921386719,34.45728302001953,33.33332443237305,34.073753356933594,712289836,Solana
2022-10-07,33.00146484375,33.72856903076172,32.551998138427734,33.34446716308594,649212486,Solana
2022-10-08,32.57793426513672,33.04252624511719,32.44584274291992,33.00006866455078,367021196,Solana
2022-10-09,32.913883209228516,33.10311508178711,32.478023529052734,32.5780143737793,405849928,Solana
2022-10-10,31.970834732055664,33.339454650878906,31.970834732055664,32.91293716430664,640691958,Solana
2022-10-11,30.77686882019043,31.966032028198242,30.579492568969727,31.966032028198242,733071932,Solana
2022-10-12,31.165485382080078,31.460229873657227,30.729169845581055,30.779691696166992,490127096,Solana
2022-10-13,30.544519424438477,31.18108558654785,28.197370529174805,31.164413452148438,1302451856,Solana
2022-10-14,30.007417678833008,31.909656524658203,29.759931564331055,30.54248809814453,836283411,Solana
2022-10-15,29.575347900390625,30.151254653930664,29.534006118774414,30.006132125854492,547825492,Solana
2022-10-16,30.168840408325195,30.44472885131836,29.578842163085938,29.578842163085938,608389719,Solana
2022-10-17,31.224876403808594,31.263992309570312,29.883159637451172,30.1680908203125,658840500,Solana
2022-10-18,30.164331436157227,31.411191940307617,29.833694458007812,31.224252700805664,715092973,Solana
2022-10-19,28.900798797607422,30.21255111694336,28.830276489257812,30.16461753845215,697269954,Solana
2022-10-20,28.08509635925293,29.43212127685547,28.073795318603516,28.89457130432129,803871622,Solana
2022-10-21,28.10867691040039,28.24317169189453,26.986404418945312,28.080429077148438,967208274,Solana
2022-10-22,28.01386260986328,28.144390106201172,27.55768394470215,28.108327865600586,474234383,Solana
2022-10-23,29.270071029663086,29.331539154052734,27.857959747314453,28.013675689697266,633157057,Solana
2022-10-24,28.3100643157959,29.4139461517334,28.21503257751465,29.272520065307617,667625312,Solana
2022-10-25,30.93997573852539,32.19131088256836,28.119304656982422,28.30998992919922,1336242036,Solana
2022-10-26,31.28472137451172,31.837549209594727,30.76510238647461,30.928865432739258,1250974763,Solana
2022-10-27,30.630624771118164,32.20396423339844,30.585346221923828,31.28702735900879,1275994871,Solana
2022-10-28,32.111263275146484,32.448707580566406,30.189332962036133,30.630794525146484,1063403956,Solana
2022-10-29,32.85712814331055,33.739139556884766,31.916812896728516,32.10906219482422,1165931963,Solana
2022-10-30,32.9659309387207,33.479278564453125,32.061622619628906,32.8577766418457,731319297,Solana
2022-10-31,32.61103820800781,34.307743072509766,32.2862663269043,32.961021423339844,1174404933,Solana
2022-11-01,32.2484245300293,33.32598114013672,32.201412200927734,32.607608795166016,729292793,Solana
2022-11-02,30.788076400756836,32.83482360839844,30.294113159179688,32.24597930908203,1166999748,Solana
2022-11-03,30.84387969970703,32.14349365234375,30.677148818969727,30.792919158935547,832207929,Solana
2022-11-04,33.780853271484375,34.10426330566406,30.731590270996094,30.841737747192383,1364403572,Solana
2022-11-05,36.76576232910156,38.54962158203125,33.73513412475586,33.77741622924805,2470595904,Solana
2022-11-06,32.6835823059082,36.90202713012695,32.546302795410156,36.77216720581055,1650006613,Solana
2022-11-07,29.60134506225586,33.0675048828125,28.926734924316406,32.67894744873047,2545092967,Solana
2022-11-08,24.152936935424805,31.06096839904785,21.78398323059082,29.597440719604492,6120104231,Solana
2022-11-09,13.94085693359375,24.159435272216797,12.505623817443848,24.159435272216797,4647808136,Solana
2022-11-10,17.681407928466797,18.67563819885254,13.411026954650879,13.985069274902344,4084381465,Solana
2022-11-11,16.326745986938477,18.13648223876953,15.507472038269043,17.663450241088867,2191908978,Solana
2022-11-12,14.53900146484375,16.40843391418457,14.538013458251953,16.340282440185547,866923655,Solana
2022-11-13,13.164528846740723,14.660887718200684,13.122664451599121,14.537562370300293,880792311,Solana
2022-11-14,14.00135612487793,14.88998794555664,12.254617691040039,13.1657133102417,1365413449,Solana
2022-11-15,14.301294326782227,14.969862937927246,13.932036399841309,13.999627113342285,833458645,Solana
2022-11-16,14.285508155822754,14.56210708618164,13.711963653564453,14.29958724975586,487495993,Solana
2022-11-17,13.638734817504883,14.463689804077148,13.078254699707031,14.286023139953613,673219780,Solana
2022-11-18,13.247496604919434,13.790632247924805,13.039168357849121,13.638845443725586,357193046,Solana
2022-11-19,12.851014137268066,13.255352973937988,12.644580841064453,13.247389793395996,314294255,Solana
2022-11-20,12.252833366394043,13.416733741760254,12.20330810546875,12.852312088012695,508411732,Solana
2022-11-21,11.846208572387695,12.257597923278809,11.34163761138916,12.254121780395508,504498729,Solana
2022-11-22,12.435625076293945,12.465627670288086,11.010651588439941,11.842514991760254,529418278,Solana
2022-11-23,14.35151195526123,14.40245532989502,12.427633285522461,12.437919616699219,859905329,Solana
2022-11-24,14.582350730895996,14.854009628295898,13.91685676574707,14.353002548217773,620159372,Solana
2022-11-25,14.063138008117676,14.581172943115234,13.961506843566895,14.580628395080566,323667943,Solana
2022-11-26,14.159193992614746,14.887808799743652,14.031248092651367,14.062800407409668,333271818,Solana
2022-11-27,14.115766525268555,14.409465789794922,14.082965850830078,14.159537315368652,225035409,Solana
2022-11-28,13.404518127441406,14.145076751708984,12.824840545654297,14.11313247680664,447463511,Solana
2022-11-29,13.369733810424805,13.897473335266113,13.28012752532959,13.403423309326172,265372933,Solana
2022-11-30,14.115445137023926,14.219449996948242,13.308284759521484,13.371024131774902,331594403,Solana
2022-12-01,13.480968475341797,14.15432357788086,13.441184997558594,14.133452415466309,232200065,Solana
2022-12-02,13.7156400680542,13.773052215576172,13.377079010009766,13.482585906982422,245049936,Solana
2022-12-03,13.302457809448242,13.730709075927734,13.278402328491211,13.716782569885254,161314094,Solana
2022-12-04,13.718218803405762,13.724018096923828,13.299367904663086,13.301777839660645,141802483,Solana
2022-12-05,13.8311128616333,14.135319709777832,13.630226135253906,13.716100692749023,335440747,Solana
2022-12-06,14.288854598999023,14.32291316986084,13.828653335571289,13.830924987792969,279979830,Solana
2022-12-07,13.5196533203125,14.310629844665527,13.497425079345703,14.292366981506348,223134812,Solana
2022-12-08,13.68922233581543,13.75301742553711,13.310490608215332,13.519828796386719,195918913,Solana
2022-12-09,13.580187797546387,13.979891777038574,13.536895751953125,13.68907356262207,211833041,Solana
2022-12-10,13.576995849609375,13.69578742980957,13.568408012390137,13.581315994262695,109293691,Solana
2022-12-11,13.427809715270996,13.778305053710938,13.413359642028809,13.576213836669922,117436002,Solana
2022-12-12,13.318544387817383,13.458085060119629,12.951156616210938,13.426751136779785,205298705,Solana
2022-12-13,13.833986282348633,14.057649612426758,12.828971862792969,13.318246841430664,315949878,Solana
2022-12-14,14.140525817871094,14.887666702270508,13.831062316894531,13.836177825927734,441479811,Solana
2022-12-15,14.02151107788086,14.467164039611816,13.909064292907715,14.140317916870117,272679087,Solana
2022-12-16,12.266606330871582,14.145011901855469,12.147680282592773,14.021939277648926,358747840,Solana
2022-12-17,12.504404067993164,12.511940956115723,11.987808227539062,12.265798568725586,222801055,Solana
2022-12-18,12.41312026977539,12.568931579589844,12.31215763092041,12.504684448242188,110722042,Solana
2022-12-19,11.932655334472656,12.566923141479492,11.737709999084473,12.415849685668945,206060595,Solana
2022-12-20,12.28051471710205,12.436450004577637,11.875389099121094,11.934520721435547,177388342,Solana
2022-12-21,12.128985404968262,12.279061317443848,11.929596900939941,12.279061317443848,167974882,Solana
2022-12-22,11.794829368591309,12.168594360351562,11.720108985900879,12.129864692687988,181200151,Solana
2022-12-23,11.786166191101074,12.084675788879395,11.755584716796875,11.794523239135742,157181374,Solana
2022-12-24,11.444275856018066,11.7862548828125,11.2396240234375,11.7862548828125,202780776,Solana
2022-12-25,11.387903213500977,11.534026145935059,11.274829864501953,11.444534301757812,105389060,Solana
2022-12-26,11.306611061096191,11.453410148620605,11.138463973999023,11.387689590454102,132410401,Solana
2022-12-27,11.085430145263672,11.390707969665527,10.766209602355957,11.309179306030273,223332961,Solana
2022-12-28,9.755906105041504,11.098109245300293,9.52294921875,11.08486270904541,468728777,Solana
2022-12-29,9.651782989501953,9.827129364013672,8.141267776489258,9.755775451660156,772500177,Solana
2022-12-30,9.880176544189453,10.021772384643555,9.062714576721191,9.651914596557617,837030648,Solana
2022-12-31,9.961038589477539,10.151166915893555,9.69262409210205,9.88100528717041,285758573,Solana
2023-01-01,9.982172966003418,10.052801132202148,9.7210111618042,9.96103572845459,194221164,Solana
2023-01-02,11.272967338562012,11.372013092041016,9.845211029052734,9.983222007751465,558570124,Solana
2023-01-03,13.344045639038086,13.50026798248291,11.053266525268555,11.274726867675781,1149255381,Solana
2023-01-04,13.435112953186035,14.09533977508545,12.922945976257324,13.351509094238281,1142852070,Solana
2023-01-05,13.419329643249512,13.769200325012207,12.990192413330078,13.43493938446045,564255825,Solana
2023-01-06,13.52584171295166,13.54129409790039,12.771324157714844,13.420552253723145,517147909,Solana
2023-01-07,13.092267990112305,13.52675724029541,13.055072784423828,13.52675724029541,210349250,Solana
2023-01-08,14.31993293762207,14.333256721496582,12.924285888671875,13.09150505065918,535020165,Solana
2023-01-09,16.30246353149414,17.361557006835938,14.325532913208008,14.325532913208008,2029272608,Solana
2023-01-10,16.19672393798828,16.640087127685547,15.711213111877441,16.29619789123535,833408341,Solana
2023-01-11,16.35941505432129,16.44658851623535,15.368487358093262,16.196577072143555,630606082,Solana
2023-01-12,16.619043350219727,16.808433532714844,15.744722366333008,16.789260864257812,884719784,Solana
2023-01-13,18.28844451904297,18.51446533203125,16.381359100341797,16.61872673034668,1037251176,Solana
2023-01-14,24.24945831298828,24.565017700195312,18.26682472229004,18.287506103515625,3399684035,Solana
2023-01-15,22.873306274414062,24.651987075805664,22.11684799194336,24.259122848510742,1661787281,Solana
2023-01-16,23.577564239501953,24.752788543701172,22.585596084594727,22.875085830688477,1596086615,Solana
2023-01-17,22.884063720703125,23.80280113220215,22.882892608642578,23.58060073852539,926501252,Solana
2023-01-18,20.85063362121582,23.482633590698242,20.693498611450195,22.886484146118164,1427677518,Solana
2023-01-19,21.42676544189453,21.765443801879883,20.528949737548828,20.850828170776367,799641392,Solana
2023-01-20,25.54827117919922,25.678333282470703,21.00454330444336,21.426406860351562,1419157455,Solana
2023-01-21,24.627838134765625,26.410499572753906,24.614994049072266,25.551525115966797,1948796870,Solana
2023-01-22,24.232789993286133,25.389249801635742,23.756322860717773,24.624042510986328,1029738787,Solana
2023-01-23,24.357807159423828,24.885982513427734,23.973735809326172,24.23154640197754,874649827,Solana
2023-01-24,22.795673370361328,25.167665481567383,22.647783279418945,24.352102279663086,837211317,Solana
2023-01-25,24.57144546508789,25.21659278869629,22.39700698852539,22.79620361328125,1166026842,Solana
2023-01-26,24.350696563720703,25.12034797668457,23.95353889465332,24.561397552490234,809826004,Solana
2023-01-27,24.40785789489746,24.861764907836914,23.49876594543457,24.350980758666992,682926581,Solana
2023-01-28,23.981801986694336,25.017385482788086,23.841827392578125,24.410602569580078,489857934,Solana
2023-01-29,26.132387161254883,26.65280532836914,23.827844619750977,23.98078727722168,1131621628,Solana
2023-01-30,23.946321487426758,26.24931526184082,23.48917579650879,26.13530158996582,1084170329,Solana
2023-01-31,23.952547073364258,24.34128761291504,23.592248916625977,23.949321746826172,617019880,Solana
2023-02-01,24.993358612060547,25.126235961914062,22.64312171936035,23.948514938354492,984317489,Solana
2023-02-02,24.265058517456055,26.037151336669922,24.25430679321289,24.988786697387695,1017290364,Solana
2023-02-03,24.680896759033203,25.003572463989258,24.118974685668945,24.26081085205078,643813200,Solana
2023-02-04,24.317745208740234,24.892578125,24.317745208740234,24.679983139038086,321758043,Solana
2023-02-05,23.493438720703125,24.42566680908203,23.1168270111084,24.319520950317383,578466008,Solana
2023-02-06,22.706388473510742,23.68735694885254,22.603904724121094,23.493684768676758,449884793,Solana
2023-02-07,23.861356735229492,23.899799346923828,22.607053756713867,22.69782257080078,625438600,Solana
2023-02-08,23.192670822143555,24.148073196411133,22.881855010986328,23.860729217529297,534148944,Solana
2023-02-09,20.45212745666504,23.27908706665039,20.203577041625977,23.198091506958008,797436250,Solana
2023-02-10,20.130109786987305,21.117727279663086,19.84334373474121,20.453590393066406,654189930,Solana
2023-02-11,20.830095291137695,20.860679626464844,20.119468688964844,20.12839126586914,267159267,Solana
2023-02-12,21.489978790283203,22.260618209838867,20.646625518798828,20.828874588012695,532943787,Solana
2023-02-13,20.79010009765625,21.52965545654297,19.870744705200195,21.486787796020508,693292656,Solana
2023-02-14,21.824953079223633,22.245664596557617,20.711223602294922,20.78159523010254,865868623,Solana
2023-02-15,23.883901596069336,23.901153564453125,21.50210189819336,21.824722290039062,747616299,Solana
2023-02-16,22.285951614379883,24.030553817749023,22.26426124572754,23.88418960571289,885086333,Solana
2023-02-17,23.166757583618164,23.493309020996094,22.153913497924805,22.282129287719727,580803415,Solana
2023-02-18,23.478591918945312,23.75763511657715,22.96770477294922,23.167396545410156,370892073,Solana
2023-02-19,24.84075164794922,25.52073097229004,23.268293380737305,23.476207733154297,993875671,Solana
2023-02-20,26.181386947631836,26.925580978393555,24.342071533203125,24.84637451171875,1459545676,Solana
2023-02-21,24.948558807373047,26.424297332763672,24.673828125,26.18273162841797,925847245,Solana
2023-02-22,24.18134880065918,25.13520050048828,23.377933502197266,24.949750900268555,892548647,Solana
2023-02-23,23.900800704956055,24.635833740234375,23.68366813659668,24.18242073059082,579213279,Solana
2023-02-24,23.053035736083984,24.05632972717285,22.63655662536621,23.89963722229004,612377428,Solana
2023-02-25,22.523399353027344,23.273439407348633,21.641862869262695,23.058849334716797,547286025,Solana
2023-02-26,23.256088256835938,23.484447479248047,22.32423973083496,22.52385711669922,370371591,Solana
2023-02-27,22.692588806152344,23.367462158203125,22.400766372680664,23.255739212036133,475987023,Solana
2023-02-28,21.9163875579834,22.725032806396484,21.82581329345703,22.69098472595215,351065863,Solana
2023-03-01,22.506431579589844,22.795337677001953,21.738677978515625,21.91213607788086,346532018,Solana
2023-03-02,21.984878540039062,22.57521629333496,21.73250961303711,22.505313873291016,322545445,Solana
2023-03-03,21.39935302734375,22.001710891723633,20.541078567504883,21.98651695251465,489228523,Solana
2023-03-04,20.966838836669922,21.53683853149414,20.3741455078125,21.400026321411133,249364880,Solana
2023-03-05,20.97858428955078,21.61699676513672,20.89556312561035,20.966392517089844,278729462,Solana
2023-03-06,20.635011672973633,21.098865509033203,20.522214889526367,20.978412628173828,318022843,Solana
2023-03-07,20.244731903076172,20.88684844970703,19.82059669494629,20.63469123840332,394901279,Solana
2023-03-08,18.421194076538086,20.332366943359375,18.286304473876953,20.24393081665039,620543521,Solana
2023-03-09,17.308147430419922,18.68904685974121,16.943132400512695,18.424707412719727,754162560,Solana
2023-03-10,18.243642807006836,18.323396682739258,16.117345809936523,17.3122501373291,944032048,Solana
2023-03-11,18.22584342956543,18.848188400268555,17.171354293823242,18.243104934692383,696894876,Solana
2023-03-12,20.310531616210938,20.39289093017578,17.942476272583008,18.22479820251465,666940879,Solana
2023-03-13,20.433712005615234,21.340412139892578,18.9644718170166,20.310792922973633,1161164364,Solana
2023-03-14,20.92803382873535,22.106672286987305,19.914527893066406,20.434707641601562,1130224251,Solana
2023-03-15,19.29098129272461,21.488908767700195,18.830358505249023,20.93529510498047,816614774,Solana
2023-03-16,19.73054313659668,19.88351058959961,19.03631019592285,19.299495697021484,438673097,Solana
2023-03-17,21.62910270690918,21.676240921020508,19.499818801879883,19.730066299438477,623518286,Solana
2023-03-18,21.19590187072754,22.861988067626953,21.141870498657227,21.6324405670166,789771840,Solana
2023-03-19,21.90340232849121,22.453811645507812,21.19828987121582,21.19828987121582,475166077,Solana
2023-03-20,22.176464080810547,23.831193923950195,21.585559844970703,21.904611587524414,1147250538,Solana
2023-03-21,22.618267059326172,23.22371482849121,21.639102935791016,22.177589416503906,745081556,Solana
2023-03-22,21.480485916137695,23.06732177734375,21.14965057373047,22.614276885986328,851680842,Solana
2023-03-23,22.216777801513672,22.700597763061523,21.216276168823242,21.475513458251953,555730954,Solana
2023-03-24,20.678855895996094,22.258434295654297,20.35582733154297,22.21415138244629,547225198,Solana
2023-03-25,20.446645736694336,20.952482223510742,20.184852600097656,20.677745819091797,272949711,Solana
2023-03-26,20.97551918029785,21.129981994628906,20.34568977355957,20.444177627563477,226663968,Solana
2023-03-27,19.921674728393555,20.97982406616211,19.508054733276367,20.976085662841797,359607077,Solana
2023-03-28,20.4706974029541,20.76420783996582,19.66556739807129,19.922195434570312,347656506,Solana
2023-03-29,21.111467361450195,21.505144119262695,20.45812225341797,20.46544075012207,378726667,Solana
2023-03-30,20.55104637145996,21.590513229370117,20.232969284057617,21.113840103149414,472449267,Solana
2023-03-31,21.170495986938477,21.441999435424805,20.155242919921875,20.552515029907227,352864960,Solana
2023-04-01,20.97564125061035,21.313888549804688,20.858905792236328,21.17135238647461,209186327,Solana
2023-04-02,20.536975860595703,21.28608512878418,20.31570053100586,21.08799171447754,229561591,Solana
2023-04-03,20.443050384521484,20.934097290039062,20.02490234375,20.53603744506836,437266506,Solana
2023-04-04,20.924619674682617,21.236377716064453,20.352720260620117,20.442649841308594,305630170,Solana
2023-04-05,20.966007232666016,21.319177627563477,20.670976638793945,20.924537658691406,324885702,Solana
2023-04-06,20.61012840270996,20.97062110900879,20.50641441345215,20.96971321105957,222557225,Solana
2023-04-07,20.469940185546875,20.771724700927734,20.267675399780273,20.611345291137695,171660856,Solana
2023-04-08,20.036449432373047,20.71323585510254,19.947696685791016,20.4666748046875,194413927,Solana
2023-04-09,20.29946517944336,20.420705795288086,19.964378356933594,20.03837013244629,152580905,Solana
2023-04-10,20.882356643676758,20.936527252197266,20.115707397460938,20.300235748291016,224169192,Solana
2023-04-11,23.018827438354492,23.635955810546875,20.860193252563477,20.883928298950195,1083533914,Solana
2023-04-12,23.985305786132812,24.34465217590332,22.423229217529297,23.018800735473633,1204250258,Solana
2023-04-13,24.432308197021484,25.242456436157227,23.704795837402344,23.810882568359375,792335438,Solana
2023-04-14,24.772722244262695,25.461393356323242,23.817447662353516,24.43577766418457,859037933,Solana
2023-04-15,24.079378128051758,24.77461051940918,23.872028350830078,24.77461051940918,379745930,Solana
2023-04-16,25.361927032470703,25.454143524169922,23.94781494140625,24.07978630065918,466841333,Solana
2023-04-17,24.55884552001953,25.938335418701172,24.406898498535156,25.36248016357422,789077237,Solana
2023-04-18,24.852689743041992,25.42329216003418,24.102088928222656,24.564685821533203,487693856,Solana
2023-04-19,22.71283531188965,24.93950843811035,22.266664505004883,24.85041046142578,836873906,Solana
2023-04-20,22.181440353393555,23.12053680419922,21.664962768554688,22.704620361328125,658826580,Solana
2023-04-21,21.278135299682617,22.376489639282227,21.133298873901367,22.183801651000977,489546774,Solana
2023-04-22,21.816287994384766,21.948162078857422,21.108491897583008,21.27747344970703,246809009,Solana
2023-04-23,21.480138778686523,22.217382431030273,21.067718505859375,21.81642723083496,314447869,Solana
2023-04-24,21.391069412231445,21.950172424316406,21.078792572021484,21.479459762573242,358681450,Solana
2023-04-25,21.92725372314453,21.93714141845703,20.783756256103516,21.389921188354492,367752382,Solana
2023-04-26,21.28301239013672,22.921377182006836,20.57401466369629,21.92747688293457,690088236,Solana
2023-04-27,22.34011459350586,22.48358154296875,21.226152420043945,21.284690856933594,509745191,Solana
2023-04-28,23.366287231445312,23.460052490234375,22.21075439453125,22.339731216430664,511781472,Solana
2023-04-29,23.18299674987793,23.750762939453125,22.987077713012695,23.366914749145508,369964075,Solana
2023-04-30,22.832014083862305,23.929723739624023,22.832014083862305,23.183658599853516,368042267,Solana
2023-05-01,21.98663330078125,22.87849235534668,21.640710830688477,22.82850456237793,438350469,Solana
2023-05-02,22.264978408813477,22.373878479003906,21.77289581298828,21.986553192138672,296722866,Solana
2023-05-03,22.218002319335938,22.26718521118164,21.282699584960938,22.265134811401367,445797367,Solana
2023-05-04,21.730348587036133,22.441139221191406,21.65181541442871,22.218751907348633,291826693,Solana
2023-05-05,22.82611083984375,23.029722213745117,21.706457138061523,21.730815887451172,423211212,Solana
2023-05-06,21.974262237548828,23.222301483154297,21.729970932006836,22.828092575073242,351934449,Solana
2023-05-07,21.844228744506836,22.738605499267578,21.808727264404297,21.971925735473633,303626005,Solana
2023-05-08,20.65746307373047,21.80777931213379,20.260629653930664,21.80777931213379,553548056,Solana
2023-05-09,20.683645248413086,20.96478843688965,20.459636688232422,20.658002853393555,272780907,Solana
2023-05-10,20.953710556030273,21.29500961303711,20.165687561035156,20.68277931213379,490700208,Solana
2023-05-11,20.234880447387695,20.95549964904785,19.855695724487305,20.95549964904785,376535594,Solana
2023-05-12,20.911794662475586,20.929597854614258,19.86431312561035,20.232479095458984,362726295,Solana
2023-05-13,20.86876106262207,21.24797821044922,20.82196807861328,20.915910720825195,224618367,Solana
2023-05-14,20.953397750854492,21.243988037109375,20.666637420654297,20.868267059326172,184522451,Solana
2023-05-15,21.00718879699707,21.485639572143555,20.647809982299805,20.953227996826172,307353987,Solana
2023-05-16,20.679420471191406,21.12025260925293,20.475379943847656,21.008012771606445,279283146,Solana
2023-05-17,21.06839942932129,21.17076873779297,20.500478744506836,20.679012298583984,279742763,Solana
2023-05-18,20.348695755004883,21.068193435668945,20.168506622314453,21.068193435668945,293327002,Solana
2023-05-19,20.349870681762695,20.5580997467041,20.312673568725586,20.348098754882812,149073606,Solana
2023-05-20,20.285446166992188,20.361488342285156,20.14699935913086,20.350309371948242,121021517,Solana
2023-05-21,19.609437942504883,20.383838653564453,19.508216857910156,20.285701751708984,210641913,Solana
2023-05-22,19.54204559326172,19.98162841796875,19.383373260498047,19.612018585205078,216922971,Solana
2023-05-23,20.043182373046875,20.152935028076172,19.45125961303711,19.54226303100586,258761187,Solana
2023-05-24,19.223663330078125,20.062013626098633,18.914325714111328,20.044349670410156,297840141,Solana
2023-05-25,19.260662078857422,19.525495529174805,18.892263412475586,19.222572326660156,194537149,Solana
2023-05-26,19.36695671081543,19.54116439819336,19.120452880859375,19.260940551757812,140228468,Solana
2023-05-27,20.425233840942383,20.499244689941406,19.350170135498047,19.36615753173828,179682882,Solana
2023-05-28,20.7985782623291,21.150989532470703,20.336889266967773,20.42608070373535,291460886,Solana
2023-05-29,20.586509704589844,20.970685958862305,20.29768180847168,20.800046920776367,228295637,Solana
2023-05-30,21.25408363342285,21.381717681884766,20.519500732421875,20.58713722229004,367512387,Solana
2023-05-31,20.82450294494629,21.318878173828125,20.468751907348633,21.255285263061523,246152341,Solana
2023-06-01,20.50221824645996,20.97260856628418,20.46446990966797,20.824892044067383,209047110,Solana
2023-06-02,21.25759506225586,21.35614013671875,20.38359260559082,20.502729415893555,237609887,Solana
2023-06-03,21.15556526184082,21.335468292236328,21.017078399658203,21.258623123168945,144933830,Solana
2023-06-04,21.8189754486084,22.284591674804688,21.061323165893555,21.15740966796875,317802167,Solana
2023-06-05,20.07505989074707,22.042024612426758,19.423831939697266,21.821796417236328,594214946,Solana
2023-06-06,20.398483276367188,20.683780670166016,19.320531845092773,20.0625057220459,441408235,Solana
2023-06-07,18.6342830657959,20.486583709716797,18.5499210357666,20.399314880371094,390444801,Solana
2023-06-08,18.909475326538086,19.0777645111084,18.294736862182617,18.63564682006836,258460307,Solana
2023-06-09,17.37969970703125,19.299476623535156,17.161293029785156,18.908403396606445,463344687,Solana
2023-06-10,15.65610122680664,17.39295768737793,13.379448890686035,17.3813533782959,1230339924,Solana
2023-06-11,15.558775901794434,16.115692138671875,15.198493003845215,15.654450416564941,446176848,Solana
2023-06-12,15.196707725524902,15.606237411499023,14.817190170288086,15.557231903076172,384209938,Solana
2023-06-13,15.018193244934082,15.873085975646973,14.816584587097168,15.196287155151367,363876713,Solana
2023-06-14,14.486572265625,15.305150032043457,14.195953369140625,15.018190383911133,296502336,Solana
2023-06-15,14.759472846984863,15.010393142700195,14.214147567749023,14.486286163330078,329864409,Solana
2023-06-16,15.30825424194336,15.399171829223633,14.46956729888916,14.760416030883789,232544705,Solana
2023-06-17,15.650521278381348,16.06578254699707,15.185426712036133,15.308581352233887,206436912,Solana
2023-06-18,15.43823528289795,15.812690734863281,15.361244201660156,15.64947509765625,141612316,Solana
2023-06-19,16.073041915893555,16.07537078857422,15.414377212524414,15.438765525817871,163949883,Solana
2023-06-20,16.635231018066406,16.66510581970215,15.759370803833008,16.07803726196289,265787114,Solana
2023-06-21,17.25704574584961,17.379573822021484,16.58346939086914,16.635486602783203,357788986,Solana
2023-06-22,16.642620086669922,17.698505401611328,16.6103458404541,17.25714874267578,299233520,Solana
2023-06-23,17.149534225463867,17.510692596435547,16.23674774169922,16.642969131469727,386994632,Solana
2023-06-24,16.652862548828125,17.517597198486328,16.46331787109375,17.149274826049805,260480952,Solana
2023-06-25,16.97138023376465,17.34068489074707,16.60713768005371,16.651472091674805,252839095,Solana
2023-06-26,16.27002716064453,17.10167694091797,16.02097511291504,16.969646453857422,275948459,Solana
2023-06-27,16.61964988708496,16.909896850585938,16.1785888671875,16.26987075805664,259041273,Solana
2023-06-28,15.98684310913086,16.627328872680664,15.74758243560791,16.621904373168945,327399744,Solana
2023-06-29,17.970457077026367,18.19975471496582,15.906376838684082,15.98551082611084,737633196,Solana
2023-06-30,18.897321701049805,19.855125427246094,17.314870834350586,17.971071243286133,1120379648,Solana
2023-07-01,18.683902740478516,18.97142791748047,17.945798873901367,18.89606475830078,349552752,Solana
2023-07-02,19.453594207763672,19.704559326171875,18.58200454711914,18.689668655395508,497231250,Solana
2023-07-03,19.240537643432617,19.6131591796875,18.943145751953125,19.45241355895996,324227812,Solana
2023-07-04,19.14322853088379,19.87669563293457,19.096738815307617,19.24203109741211,345225951,Solana
2023-07-05,18.99286460876465,19.355266571044922,18.498628616333008,19.145612716674805,260416081,Solana
2023-07-06,19.729385375976562,20.922775268554688,18.886260986328125,18.991992950439453,903770571,Solana
2023-07-07,21.484664916992188,21.60171127319336,19.318931579589844,19.726110458374023,988591308,Solana
2023-07-08,21.859268188476562,22.40300178527832,21.356882095336914,21.485252380371094,693929963,Solana
2023-07-09,21.3490047454834,22.322025299072266,21.08757781982422,21.854955673217773,405174806,Solana
2023-07-10,21.31377601623535,21.777145385742188,20.572586059570312,21.347787857055664,543191863,Solana
2023-07-11,22.092933654785156,22.285200119018555,21.24249267578125,21.314722061157227,453810523,Solana
2023-07-12,21.977602005004883,22.712724685668945,21.82825469970703,22.092424392700195,541605988,Solana
2023-07-13,26.02569580078125,26.624345779418945,21.49482536315918,21.97846031188965,1527996472,Solana
2023-07-14,26.7357177734375,30.057695388793945,25.434978485107422,26.02075958251953,2184090884,Solana
2023-07-15,27.391355514526367,29.057395935058594,26.688867568969727,26.729034423828125,1323279744,Solana
2023-07-16,27.384082794189453,28.551088333129883,26.8976993560791,27.395526885986328,753056132,Solana
2023-07-17,26.872766494750977,28.380918502807617,25.895729064941406,27.38576889038086,970813262,Solana
2023-07-18,25.544504165649414,27.045597076416016,24.824853897094727,26.869007110595703,696782373,Solana
2023-07-19,26.372352600097656,26.922088623046875,25.418062210083008,25.55088233947754,603189951,Solana
2023-07-20,25.375167846679688,26.896438598632812,25.16942596435547,26.36872673034668,606255421,Solana
2023-07-21,25.544267654418945,25.947921752929688,25.142337799072266,25.375524520874023,410907584,Solana
2023-07-22,24.535053253173828,25.95035743713379,24.306474685668945,25.54317855834961,335432006,Solana
2023-07-23,24.766815185546875,25.213611602783203,24.250967025756836,24.532663345336914,330741258,Solana
2023-07-24,23.38149070739746,24.810638427734375,23.069425582885742,24.765520095825195,492344649,Solana
2023-07-25,23.279321670532227,23.525882720947266,22.864362716674805,23.383249282836914,346742173,Solana
2023-07-26,25.177053451538086,25.518346786499023,23.207731246948242,23.27935791015625,688135176,Solana
2023-07-27,25.099336624145508,25.586376190185547,24.72016143798828,25.17807960510254,514211484,Solana
2023-07-28,24.84685707092285,25.473247528076172,24.577672958374023,25.09872817993164,374045446,Solana
2023-07-29,25.168973922729492,25.36704444885254,24.78037452697754,24.84393310546875,265061245,Solana
2023-07-30,24.261018753051758,25.19329261779785,23.845407485961914,25.16937255859375,365262222,Solana
2023-07-31,23.720956802368164,24.75018310546875,23.6588191986084,24.261838912963867,376948332,Solana
2023-08-01,23.99875259399414,23.99875259399414,23.087238311767578,23.724891662597656,428254164,Solana
2023-08-02,23.145721435546875,24.219627380371094,22.984315872192383,23.993515014648438,393185796,Solana
2023-08-03,22.636049270629883,23.353015899658203,22.54010009765625,23.144893646240234,365983702,Solana
2023-08-04,22.79361915588379,23.52178192138672,22.522666931152344,22.632715225219727,382245804,Solana
2023-08-05,22.632204055786133,22.89552879333496,22.3279972076416,22.793601989746094,250613466,Solana
2023-08-06,23.18569564819336,23.416099548339844,22.596603393554688,22.63254737854004,320595154,Solana
2023-08-07,23.068756103515625,23.503938674926758,22.48735237121582,23.185405731201172,353804981,Solana
2023-08-08,24.211763381958008,24.727624893188477,23.021738052368164,23.069252014160156,495649796,Solana
2023-08-09,24.37852668762207,24.95158576965332,24.1942081451416,24.211030960083008,447009018,Solana
2023-08-10,24.613052368164062,24.809499740600586,24.150667190551758,24.3783016204834,339616018,Solana
2023-08-11,24.582860946655273,24.865314483642578,24.359615325927734,24.610626220703125,314045619,Solana
2023-08-12,24.90673065185547,25.11195182800293,24.405805587768555,24.585542678833008,253389584,Solana
2023-08-13,24.24288558959961,24.91316032409668,24.236482620239258,24.905216217041016,263449955,Solana
2023-08-14,25.142822265625,25.22711753845215,24.09539794921875,24.242403030395508,359715099,Solana
2023-08-15,23.89658546447754,25.241121292114258,23.761661529541016,25.147171020507812,424193111,Solana
2023-08-16,22.811975479125977,23.993120193481445,22.48752784729004,23.900014877319336,441171937,Solana
2023-08-17,21.70997428894043,23.380619049072266,20.304153442382812,22.811418533325195,620931325,Solana
2023-08-18,21.335493087768555,22.170013427734375,21.089134216308594,21.712427139282227,411279768,Solana
2023-08-19,21.879037857055664,22.147785186767578,21.315994262695312,21.335710525512695,244048976,Solana
2023-08-20,21.77327537536621,22.004703521728516,21.630094528198242,21.879751205444336,198853112,Solana
2023-08-21,21.20825958251953,21.77742576599121,20.683576583862305,21.773263931274414,339125910,Solana
2023-08-22,20.546541213989258,21.250513076782227,19.7354679107666,21.20706558227539,381594696,Solana
2023-08-23,21.703624725341797,21.746028900146484,20.451467514038086,20.54734992980957,404686524,Solana
2023-08-24,21.033031463623047,21.98844337463379,20.751087188720703,21.70798683166504,328472951,Solana
2023-08-25,20.392719268798828,21.04962730407715,20.153100967407227,21.035110473632812,278312420,Solana
2023-08-26,20.280424118041992,20.403776168823242,20.217575073242188,20.392974853515625,144065112,Solana
2023-08-27,20.78683853149414,20.870126724243164,20.26211166381836,20.28070068359375,177496132,Solana
2023-08-28,20.557100296020508,20.786964416503906,20.168689727783203,20.786964416503906,200600033,Solana
2023-08-29,21.780763626098633,21.983257293701172,20.12834358215332,20.556865692138672,469679540,Solana
2023-08-30,20.834903717041016,21.932714462280273,20.641664505004883,21.782026290893555,292322455,Solana
2023-08-31,19.735092163085938,21.007213592529297,19.549762725830078,20.833837509155273,343649256,Solana
2023-09-01,19.327844619750977,19.907936096191406,19.092510223388672,19.734756469726562,286842939,Solana
2023-09-02,19.493743896484375,19.66608428955078,19.188915252685547,19.328523635864258,200858690,Solana
2023-09-03,19.578746795654297,19.657276153564453,19.28093147277832,19.494253158569336,164570332,Solana
2023-09-04,19.499408721923828,19.949865341186523,19.24225616455078,19.577850341796875,220024399,Solana
2023-09-05,20.272384643554688,20.547443389892578,19.094310760498047,19.50067710876465,387328289,Solana
2023-09-06,19.62002944946289,20.348989486694336,19.215927124023438,20.27223777770996,313630984,Solana
2023-09-07,19.890499114990234,19.972978591918945,19.367788314819336,19.62108039855957,242438252,Solana
2023-09-08,19.599044799804688,20.214828491210938,19.421865463256836,19.893768310546875,219114497,Solana
2023-09-09,19.44607162475586,19.602888107299805,19.40461540222168,19.600006103515625,101925453,Solana
2023-09-10,18.248830795288086,19.44618797302246,17.87034034729004,19.44618797302246,520683204,Solana
2023-09-11,17.739166259765625,18.413116455078125,17.461477279663086,18.246707916259766,380225621,Solana
2023-09-12,17.929826736450195,18.655071258544922,17.606657028198242,17.73886489868164,361388393,Solana
2023-09-13,18.402999877929688,18.508787155151367,17.739513397216797,17.930871963500977,356729875,Solana
2023-09-14,18.838306427001953,19.26730728149414,18.403322219848633,18.403322219848633,349380172,Solana
2023-09-15,19.16884422302246,19.40658187866211,18.590330123901367,18.83917999267578,205202282,Solana
2023-09-16,19.140369415283203,19.41681480407715,18.917415618896484,19.169498443603516,146477836,Solana
2023-09-17,18.831628799438477,19.139827728271484,18.712940216064453,19.139827728271484,112594680,Solana
2023-09-18,19.657245635986328,20.100101470947266,18.65157127380371,18.832380294799805,316245106,Solana
2023-09-19,20.03618812561035,20.358543395996094,19.614437103271484,19.657075881958008,253895801,Solana
2023-09-20,20.3049373626709,20.48303985595703,19.85378074645996,20.03628921508789,233206126,Solana
2023-09-21,19.47907066345215,20.3048152923584,19.37391471862793,20.3048152923584,253809695,Solana
2023-09-22,19.43814468383789,19.774112701416016,19.221296310424805,19.47825050354004,170874161,Solana
2023-09-23,19.47390365600586,19.55816078186035,19.313749313354492,19.43851089477539,97379053,Solana
2023-09-24,19.374290466308594,19.657695770263672,19.30803680419922,19.473894119262695,115380619,Solana
2023-09-25,19.40414047241211,19.703439712524414,19.217248916625977,19.3741455078125,163848456,Solana
2023-09-26,19.023286819458008,19.5053653717041,18.941389083862305,19.40274429321289,170201883,Solana
2023-09-27,19.130022048950195,19.44652557373047,18.774215698242188,19.02251434326172,210385139,Solana
2023-09-28,19.957616806030273,19.960865020751953,19.110307693481445,19.129474639892578,225954938,Solana
2023-09-29,20.300655364990234,20.415977478027344,19.875160217285156,19.95958137512207,219571069,Solana
2023-09-30,21.3951473236084,21.729970932006836,20.124679565429688,20.299589157104492,328987954,Solana
2023-10-01,23.83648681640625,24.396018981933594,21.170072555541992,21.392059326171875,637123111,Solana
2023-10-02,23.371700286865234,24.603424072265625,22.976022720336914,23.837955474853516,658084028,Solana
2023-10-03,23.55269432067871,24.662073135375977,23.296710968017578,23.36992073059082,653491878,Solana
2023-10-04,23.144786834716797,23.754377365112305,22.692842483520508,23.556915283203125,429268875,Solana
2023-10-05,22.694141387939453,23.717647552490234,22.628948211669922,23.14655113220215,361288781,Solana
2023-10-06,23.424453735351562,23.70509147644043,22.692167282104492,22.692167282104492,402665506,Solana
2023-10-07,23.287302017211914,24.101722717285156,23.117116928100586,23.4239501953125,278403509,Solana
2023-10-08,23.24642562866211,23.613706588745117,23.14427947998047,23.289335250854492,190670414,Solana
2023-10-09,22.118396759033203,23.353511810302734,21.814489364624023,23.244909286499023,356967743,Solana
2023-10-10,22.10511589050293,22.45848846435547,21.738727569580078,22.117517471313477,241087146,Solana
2023-10-11,22.00741958618164,22.39118194580078,21.679807662963867,22.105201721191406,278925381,Solana
2023-10-12,21.300268173217773,22.019926071166992,21.068971633911133,22.007484436035156,283320977,Solana
2023-10-13,21.834917068481445,22.156654357910156,21.132036209106445,21.299955368041992,269268807,Solana
2023-10-14,22.01171875,22.196813583374023,21.82191276550293,21.834354400634766,174004594,Solana
2023-10-15,21.922027587890625,22.135814666748047,21.711383819580078,22.010534286499023,178940996,Solana
2023-10-16,23.98295783996582,24.41446876525879,21.92258644104004,21.92258644104004,726713710,Solana
2023-10-17,23.959318161010742,24.485265731811523,23.644390106201172,23.981590270996094,520830665,Solana
2023-10-18,23.432138442993164,24.30299949645996,23.4240779876709,23.959224700927734,362606644,Solana
2023-10-19,24.93791961669922,25.389076232910156,23.256446838378906,23.4334774017334,663249208,Solana
2023-10-20,27.033674240112305,27.31616973876953,24.774505615234375,24.937543869018555,910991447,Solana
2023-10-21,29.386228561401367,30.14244842529297,26.71261215209961,27.034481048583984,1160814433,Solana
2023-10-22,29.03668212890625,29.9661922454834,28.20864486694336,29.384227752685547,665340924,Solana
2023-10-23,31.850984573364258,32.468772888183594,28.9017391204834,29.26222038269043,1581590969,Solana
2023-10-24,30.15153694152832,32.36031723022461,29.70209312438965,31.84965705871582,1450364573,Solana
2023-10-25,32.46306610107422,33.69322204589844,30.059873580932617,30.151220321655273,1458706203,Solana
2023-10-26,32.77549362182617,33.22134017944336,30.797067642211914,32.461856842041016,1015617285,Solana
2023-10-27,31.73969841003418,33.30240249633789,31.52513885498047,32.77643585205078,870812666,Solana
2023-10-28,31.653318405151367,32.47766876220703,31.50631332397461,31.73992156982422,380462073,Solana
2023-10-29,32.822608947753906,33.13132858276367,31.434202194213867,31.652101516723633,507672244,Solana
2023-10-30,34.962337493896484,35.17289352416992,32.39456558227539,32.819034576416016,1099930941,Solana
2023-10-31,38.51951599121094,38.54643249511719,34.9084358215332,34.95983123779297,1577034191,Solana
2023-11-01,41.461544036865234,46.25090026855469,37.96105194091797,38.513057708740234,3630725002,Solana
2023-11-02,40.20756912231445,44.4891242980957,38.975345611572266,41.385948181152344,2583692673,Solana
2023-11-03,39.51976013183594,40.22572326660156,38.21837615966797,40.208927154541016,1755955299,Solana
2023-11-04,42.346595764160156,42.69524002075195,39.168792724609375,39.52021026611328,1454107898,Solana
2023-11-05,41.23860168457031,42.80353927612305,40.380126953125,42.37336730957031,884855278,Solana
2023-11-06,42.12858963012695,42.155067443847656,39.825077056884766,41.238563537597656,1010459088,Solana
2023-11-07,43.09254455566406,44.42584991455078,40.319908142089844,42.13777160644531,1780187159,Solana
2023-11-08,43.18988800048828,43.805057525634766,42.394229888916016,43.08591842651367,1009177437,Solana
2023-11-09,45.444828033447266,48.703067779541016,42.608184814453125,43.18186950683594,2830770419,Solana
2023-11-10,56.64385223388672,57.34910202026367,45.21684646606445,45.4423713684082,3795204638,Solana
2023-11-11,56.1026611328125,63.41544723510742,54.04486846923828,56.640995025634766,4182963132,Solana
2023-11-12,56.15409851074219,61.71490478515625,54.94210433959961,56.13203048706055,2987356952,Solana
2023-11-13,51.90705108642578,59.71365737915039,51.90705108642578,56.180625915527344,2942685126,Solana
2023-11-14,56.838375091552734,57.730106353759766,51.71446228027344,51.902217864990234,3195616616,Solana
2023-11-15,65.5344009399414,66.86766815185547,56.30898666381836,56.83993911743164,3793937162,Solana
2023-11-16,57.871402740478516,67.99214935302734,56.81013107299805,65.53944396972656,3922608772,Solana
2023-11-17,58.41593551635742,60.416290283203125,54.5516471862793,57.92103958129883,3185454735,Solana
2023-11-18,58.512725830078125,59.283443450927734,55.062313079833984,58.39267349243164,1942321169,Solana
2023-11-19,61.393558502197266,62.02115249633789,56.88264846801758,58.52428436279297,1998656461,Solana
2023-11-20,56.53383255004883,61.370460510253906,56.353431701660156,61.370460510253906,1937313546,Solana
2023-11-21,52.00047302246094,57.36568832397461,51.55591583251953,56.540367126464844,2440890238,Solana
2023-11-22,57.588558197021484,58.79156494140625,51.73749542236328,52.00212860107422,1985653842,Solana
2023-11-23,56.599369049072266,59.47392272949219,56.28756332397461,57.57801818847656,1379316733,Solana
2023-11-24,56.86643981933594,58.686012268066406,56.349090576171875,56.57889175415039,1146346831,Solana
2023-11-25,58.84648895263672,59.654144287109375,56.325279235839844,56.86628723144531,1183793273,Solana
2023-11-26,57.6427001953125,58.95796203613281,56.51145553588867,58.845420837402344,871154750,Solana
2023-11-27,55.06462097167969,58.02122497558594,53.71446990966797,57.628868103027344,1237763215,Solana
2023-11-28,58.19437026977539,58.6068229675293,54.085323333740234,55.06262969970703,1412314015,Solana
2023-11-29,59.25012969970703,61.653358459472656,57.8550910949707,58.193050384521484,1941361674,Solana
2023-11-30,59.24162292480469,61.43787384033203,58.946922302246094,59.253517150878906,1263841021,Solana
2023-12-01,59.80399703979492,61.758018493652344,58.7782096862793,59.23817825317383,1376669760,Solana
2023-12-02,63.83285903930664,63.83285903930664,59.77376174926758,59.80374526977539,1346327049,Solana
2023-12-03,63.03996658325195,65.39625549316406,62.416622161865234,63.82087707519531,1368876645,Solana
2023-12-04,61.526615142822266,65.13323974609375,60.280521392822266,63.03776931762695,2211865569,Solana
2023-12-05,60.99483108520508,62.54000473022461,59.25082778930664,61.5291748046875,1693517649,Solana
2023-12-06,61.902957916259766,66.38362121582031,60.97986602783203,60.97986602783203,3030993886,Solana
2023-12-07,67.83782958984375,69.30046844482422,61.873008728027344,61.934043884277344,3002455075,Solana
2023-12-08,75.00243377685547,75.12979125976562,67.84123229980469,67.84671783447266,3612712432,Solana
2023-12-09,72.25760650634766,77.50202178955078,72.03968811035156,74.98954772949219,2893248364,Solana
2023-12-10,74.70588684082031,74.72459411621094,70.91922760009766,72.27294921875,1849363354,Solana
2023-12-11,70.36717224121094,74.8381118774414,67.21549224853516,74.71422576904297,3729540309,Solana
2023-12-12,68.54067993164062,72.34092712402344,65.968994140625,70.34428405761719,2366453484,Solana
2023-12-13,70.76778411865234,72.3547592163086,64.3697738647461,68.5322494506836,2414610075,Solana
2023-12-14,75.62033081054688,76.17998504638672,69.8573226928711,70.74867248535156,2464938440,Solana
2023-12-15,72.36898803710938,79.15106964111328,72.36663818359375,75.63668823242188,2821390652,Solana
2023-12-16,73.47350311279297,77.0792007446289,71.56934356689453,72.43347930908203,1781972898,Solana
2023-12-17,71.00051879882812,74.72001647949219,70.82445526123047,73.47478485107422,1552380672,Solana
2023-12-18,74.34716033935547,75.38053894042969,67.33440399169922,70.93263244628906,2281865174,Solana
2023-12-19,72.9897689819336,76.27140808105469,72.01061248779297,74.34918975830078,1900875405,Solana
2023-12-20,82.19123077392578,83.95745086669922,72.989990234375,72.989990234375,3745738278,Solana
2023-12-21,93.85481262207031,95.32344055175781,81.23770904541016,82.1856460571289,4711493441,Solana
2023-12-22,98.00369262695312,99.12442779541016,90.79840087890625,93.85801696777344,5284203995,Solana
2023-12-23,107.59423065185547,109.50884246826172,93.10676574707031,98.0016860961914,3957434568,Solana
2023-12-24,112.48521423339844,117.38066864013672,107.72513580322266,107.72513580322266,6365529251,Solana
2023-12-25,121.1464614868164,125.19389343261719,108.90338134765625,112.56411743164062,5951791518,Solana
2023-12-26,112.6767349243164,121.14399719238281,104.72821807861328,121.08433532714844,6117657160,Solana
2023-12-27,107.02379608154297,115.03387451171875,105.42523193359375,112.65483093261719,4267938569,Solana
2023-12-28,102.10456848144531,109.420654296875,97.66864776611328,107.022705078125,4492625126,Solana
2023-12-29,106.31151580810547,109.6711196899414,100.05551147460938,102.06928253173828,4445797973,Solana
2023-12-30,101.84508514404297,107.3282241821289,101.06812286376953,106.29850006103516,1863177830,Solana
2023-12-31,101.50582122802734,105.133544921875,99.88642883300781,101.84417724609375,1748630533,Solana
2024-01-01,109.50868225097656,109.50868225097656,101.51280975341797,101.51280975341797,2157671990,Solana
2024-01-02,106.61122131347656,116.88249206542969,106.38898468017578,109.54906463623047,3782057553,Solana
2024-01-03,98.59443664550781,109.84809112548828,92.92366790771484,106.61653137207031,5472216595,Solana
2024-01-04,105.0775375366211,107.98246765136719,97.10832977294922,98.58697509765625,3272723247,Solana
2024-01-05,99.97879028320312,105.23542785644531,95.9427261352539,105.05200958251953,3022127826,Solana
2024-01-06,93.85771942138672,100.03740692138672,92.02278900146484,99.98799133300781,2235902092,Solana
2024-01-07,89.2763442993164,96.69239807128906,88.22345733642578,93.8603515625,2288061692,Solana
2024-01-08,97.79044342041016,99.76187133789062,85.64669799804688,89.2781753540039,4152448360,Solana
2024-01-09,99.40918731689453,103.7961654663086,95.89379119873047,97.81603240966797,4070131683,Solana
2024-01-10,102.03302001953125,105.0823745727539,92.56326293945312,99.38423919677734,4216429514,Solana
2024-01-11,99.90943908691406,106.93573760986328,98.4124984741211,102.10365295410156,4174026719,Solana
2024-01-12,91.72090911865234,100.2544937133789,88.30984497070312,99.91187286376953,2868799888,Solana
2024-01-13,95.73004913330078,96.91764831542969,89.7544937133789,91.7597427368164,1880329065,Solana
2024-01-14,94.13314056396484,102.173583984375,93.89056396484375,95.73265075683594,2736734725,Solana
2024-01-15,94.49022674560547,96.82123565673828,93.2411117553711,94.03654479980469,1755858499,Solana
2024-01-16,97.62691497802734,98.59530639648438,94.39668273925781,94.43834686279297,1806576879,Solana
2024-01-17,102.0635986328125,102.4337387084961,97.05516052246094,97.61580657958984,3220344763,Solana
2024-01-18,94.2509536743164,102.92314147949219,92.14057922363281,102.02949523925781,2684524713,Solana
2024-01-19,93.38616943359375,95.16472625732422,87.48365783691406,94.25067138671875,2631067383,Solana
2024-01-20,92.56983947753906,94.02531433105469,90.4937515258789,93.393798828125,1204443546,Solana
2024-01-21,90.84843444824219,93.71378326416016,90.84843444824219,92.58952331542969,894963197,Solana
2024-01-22,83.62281036376953,91.63616180419922,82.6597671508789,90.90369415283203,2662287481,Solana
2024-01-23,84.27450561523438,85.8401870727539,79.06669616699219,83.62184143066406,2990436327,Solana
2024-01-24,88.73200988769531,89.2677230834961,83.41868591308594,84.28726196289062,2352477736,Solana
2024-01-25,86.88921356201172,89.37682342529297,85.273681640625,88.73780059814453,1674093024,Solana
2024-01-26,92.44236755371094,93.52867126464844,86.14839172363281,86.88945007324219,2027305107,Solana
2024-01-27,94.16321563720703,94.43761444091797,90.84476470947266,92.38762664794922,1256585307,Solana
2024-01-28,95.93798065185547,99.37737274169922,93.538330078125,94.18190002441406,2425625612,Solana
2024-01-29,101.56666564941406,101.77191162109375,95.17613220214844,95.93798065185547,2604890575,Solana
2024-01-30,101.47297668457031,106.21345520019531,101.10939025878906,101.56666564941406,3328090833,Solana
2024-01-31,97.0287094116211,102.54806518554688,96.10359191894531,101.44925689697266,3814467068,Solana
2024-02-01,97.84669494628906,97.9441909790039,93.37918853759766,97.02484130859375,2951395444,Solana
2024-02-02,100.44052124023438,102.41262817382812,97.57415771484375,97.8346939086914,2574044077,Solana
2024-02-03,97.8799819946289,101.0589828491211,96.81257629394531,100.45113372802734,1349320819,Solana
2024-02-04,95.47695922851562,98.45758819580078,95.26637268066406,97.88506317138672,1304106726,Solana
2024-02-05,95.54866027832031,98.5440444946289,94.29252624511719,95.47146606445312,1635327054,Solana
2024-02-06,96.86107635498047,97.79078674316406,93.2807388305664,95.54961395263672,1699997346,Solana
2024-02-07,100.97927856445312,101.23660278320312,94.72022247314453,96.86189270019531,1733607189,Solana
2024-02-08,102.78563690185547,104.79804229736328,100.55369567871094,100.99549865722656,2288429230,Solana
2024-02-09,106.93333435058594,108.98772430419922,102.79017639160156,102.79017639160156,2852770180,Solana
2024-02-10,109.1314697265625,110.74279022216797,106.93366241455078,106.93366241455078,1836561570,Solana
2024-02-11,107.49528503417969,110.55686950683594,107.35765075683594,109.1166763305664,1370383843,Solana
2024-02-12,111.99275207519531,112.06966400146484,103.60929107666016,107.49263000488281,2650731894,Solana
2024-02-13,112.57930755615234,114.8106460571289,108.49378204345703,111.97724914550781,2709494768,Solana
2024-02-14,116.97632598876953,118.3277816772461,110.87847137451172,112.57496643066406,2391239729,Solana
2024-02-15,113.69940948486328,118.3064956665039,111.77587890625,116.98538970947266,2471486178,Solana
2024-02-16,110.44591522216797,114.25308990478516,108.34872436523438,113.6730728149414,1921299579,Solana
2024-02-17,108.98401641845703,111.07304382324219,106.1252212524414,110.44330596923828,1370606631,Solana
2024-02-18,112.17467498779297,114.00138092041016,107.60671997070312,108.98760223388672,1516321334,Solana
2024-02-19,111.4853286743164,114.71797943115234,111.08141326904297,112.17882537841797,1898655220,Solana
2024-02-20,108.45964050292969,112.0367431640625,104.89022827148438,111.48344421386719,2656976089,Solana
2024-02-21,105.1252212524414,108.45266723632812,100.41201782226562,108.45266723632812,2246861647,Solana
2024-02-22,101.66979217529297,106.99540710449219,101.64240264892578,105.12030792236328,1830636004,Solana
2024-02-23,99.95469665527344,103.02283477783203,98.9583511352539,101.67462158203125,1483285120,Solana
2024-02-24,104.1335220336914,104.64539337158203,98.585205078125,99.95437622070312,1083637514,Solana
2024-02-25,103.4534912109375,104.32994079589844,102.17102813720703,104.1326675415039,909662462,Solana
2024-02-26,109.91853332519531,110.58035278320312,100.4552001953125,103.4507064819336,2334408023,Solana
2024-02-27,108.3880844116211,112.2047119140625,105.89693450927734,109.91878509521484,2723995106,Solana
2024-02-28,118.05220031738281,118.05220031738281,107.46087646484375,108.39923858642578,5029492553,Solana
2024-02-29,125.71151733398438,134.4656982421875,117.66751861572266,118.2387466430664,6950123902,Solana
2024-03-01,129.9904022216797,137.60186767578125,125.63670349121094,125.63670349121094,4743077738,Solana
2024-03-02,129.70018005371094,131.45486450195312,127.6808853149414,129.98231506347656,2741772676,Solana
2024-03-03,130.45086669921875,132.062744140625,125.76932525634766,129.7933807373047,2875614168,Solana
2024-03-04,133.194580078125,134.87417602539062,127.79814147949219,130.42323303222656,4429758300,Solana
2024-03-05,125.70671081542969,142.65093994140625,109.53875732421875,133.15936279296875,8980294607,Solana
2024-03-06,130.7420196533203,134.8106231689453,120.31733703613281,125.69921112060547,5146680159,Solana
2024-03-07,143.9778594970703,149.2247314453125,130.70175170898438,130.7420196533203,7111178325,Solana
2024-03-08,145.2400360107422,152.4179229736328,142.53614807128906,143.97727966308594,5474659974,Solana
2024-03-09,144.6072540283203,149.35128784179688,144.29037475585938,145.24032592773438,2946261381,Solana
2024-03-10,144.5151824951172,148.6719207763672,140.83999633789062,144.60733032226562,3407621981,Solana
2024-03-11,148.75096130371094,150.01797485351562,137.6329803466797,144.5144805908203,5383624184,Solana
2024-03-12,151.01544189453125,154.94229125976562,142.87014770507812,148.7496795654297,6413617983,Solana
2024-03-13,163.83981323242188,166.44876098632812,148.94561767578125,151.01544189453125,5917471836,Solana
2024-03-14,176.67974853515625,177.8926239013672,160.23355102539062,163.83993530273438,8399967972,Solana
2024-03-15,182.96469116210938,188.50135803222656,165.4127197265625,176.67974853515625,14093348410,Solana
2024-03-16,181.88034057617188,197.65599060058594,177.46127319335938,182.96751403808594,11794134069,Solana
2024-03-17,202.12356567382812,204.29254150390625,179.22560119628906,181.88034057617188,10876218562,Solana
2024-03-18,195.9927520751953,209.69606018066406,194.8494110107422,202.1226043701172,11137647410,Solana
2024-03-19,170.0162811279297,198.24107360839844,166.17674255371094,195.9927520751953,11658593922,Solana
2024-03-20,191.54962158203125,192.9118194580078,163.2962646484375,170.0162811279297,8673957460,Solana
2024-03-21,179.2207489013672,195.30612182617188,176.2833251953125,191.54962158203125,5613811275,Solana
2024-03-22,174.36370849609375,181.3232421875,167.8778533935547,179.23980712890625,4150938142,Solana
2024-03-23,172.90225219726562,178.80010986328125,171.0169677734375,174.36370849609375,2711581881,Solana
2024-03-24,183.57345581054688,186.62942504882812,171.67372131347656,172.8978729248047,2661231893,Solana
2024-03-25,189.0835418701172,194.43026733398438,181.25234985351562,183.57345581054688,4066489821,Solana
2024-03-26,190.69985961914062,196.2930450439453,186.75282287597656,189.08338928222656,3520179571,Solana
2024-03-27,186.36146545410156,192.49658203125,180.42044067382812,190.69998168945312,3844985014,Solana
2024-03-28,189.6216278076172,190.8834686279297,180.99761962890625,186.36146545410156,2910414256,Solana
2024-03-29,192.2279510498047,192.96981811523438,183.6461639404297,189.6216278076172,3031009580,Solana
2024-03-30,194.3855438232422,199.73094177246094,191.21678161621094,192.2278594970703,2999311846,Solana
2024-03-31,202.87413024902344,203.02679443359375,194.0353240966797,194.37579345703125,2342185476,Solana
2024-04-01,192.5678253173828,204.1797637939453,187.4888916015625,202.8744354248047,3872515434,Solana
2024-04-02,181.17225646972656,192.56942749023438,176.132080078125,192.5678253173828,4553269015,Solana
2024-04-03,185.2486114501953,191.6926727294922,177.3955078125,181.1727294921875,4160370221,Solana
2024-04-04,183.95811462402344,190.06968688964844,180.51229858398438,185.2486114501953,4101220964,Solana
2024-04-05,174.5015106201172,184.977783203125,168.23606872558594,183.95811462402344,7398400404,Solana
2024-04-06,178.91534423828125,179.69752502441406,173.8743133544922,174.5015106201172,4672922789,Solana
2024-04-07,179.6498565673828,182.5382080078125,177.0657958984375,178.91534423828125,1854793003,Solana
2024-04-08,180.78477478027344,184.30287170410156,175.58998107910156,179.65069580078125,2744377905,Solana
2024-04-09,172.4136199951172,180.82568359375,169.36776733398438,180.77951049804688,2688188866,Solana
2024-04-10,173.43736267089844,175.32261657714844,163.81312561035156,172.4142608642578,3344074648,Solana
2024-04-11,172.5763702392578,176.2355194091797,170.3934326171875,173.43736267089844,2712334365,Solana
2024-04-12,153.63546752929688,175.8086395263672,145.51638793945312,172.5763702392578,4727185451,Solana
2024-04-13,139.34169006347656,154.94395446777344,119.83334350585938,153.6344757080078,8976793985,Solana
2024-04-14,151.28494262695312,152.50100708007812,131.28717041015625,139.34169006347656,7110974218,Solana
2024-04-15,138.5086212158203,155.96116638183594,134.5725555419922,151.2994384765625,5699439234,Solana
2024-04-16,136.27932739257812,140.27830505371094,126.86528015136719,138.507568359375,5156084639,Solana
2024-04-17,131.86618041992188,142.60438537597656,127.5289535522461,136.27911376953125,4888546522,Solana
2024-04-18,142.0823974609375,143.72735595703125,128.07675170898438,131.86717224121094,4193561506,Solana
2024-04-19,142.6804962158203,147.3337860107422,128.86282348632812,142.0823974609375,5857667913,Solana
2024-04-20,151.13356018066406,152.09918212890625,140.00570678710938,142.67845153808594,2795892211,Solana
2024-04-21,148.60931396484375,153.42225646972656,147.16952514648438,151.1340789794922,2211663291,Solana
2024-04-22,157.03121948242188,158.37271118164062,146.99169921875,148.60931396484375,2959650502,Solana
2024-04-23,154.70130920410156,159.94459533691406,153.3231201171875,157.03121948242188,2750685937,Solana
2024-04-24,147.74514770507812,159.58090209960938,145.77056884765625,154.70130920410156,3932336720,Solana
2024-04-25,144.89212036132812,149.3037567138672,142.2645721435547,147.74961853027344,3674969172,Solana
2024-04-26,139.10433959960938,145.8546142578125,138.90838623046875,144.88917541503906,2564389027,Solana
2024-04-27,141.28916931152344,142.87451171875,134.02891540527344,139.10433959960938,2373155947,Solana
2024-04-28,137.85641479492188,144.51388549804688,137.23301696777344,141.28916931152344,1959005342,Solana
2024-04-29,137.7766571044922,138.7387237548828,133.70916748046875,137.8601837158203,2464951751,Solana
2024-04-30,126.96270751953125,139.6676483154297,121.63745880126953,137.7772979736328,3407320371,Solana
2024-05-01,134.6279754638672,135.11386108398438,119.38481140136719,126.9625473022461,4136407963,Solana
2024-05-02,137.81448364257812,140.28152465820312,128.26028442382812,134.6279754638672,3380078368,Solana
2024-05-03,143.77255249023438,144.9600372314453,136.12342834472656,137.81448364257812,3216962298,Solana
2024-05-04,146.1350555419922,148.9357452392578,142.56625366210938,143.77220153808594,3050187811,Solana
2024-05-05,145.71302795410156,147.91647338867188,143.47845458984375,146.1350555419922,2034794725,Solana
2024-05-06,152.80239868164062,156.62669372558594,145.58432006835938,145.71205139160156,2926902880,Solana
2024-05-07,148.1343231201172,159.05345153808594,148.0836181640625,152.80667114257812,2687619013,Solana
2024-05-08,142.29473876953125,149.81089782714844,140.16909790039062,148.1343231201172,2502237557,Solana
2024-05-09,152.84994506835938,153.08624267578125,140.78964233398438,142.29473876953125,2249863780,Solana
2024-05-10,146.21690368652344,155.41159057617188,144.9387969970703,152.8529052734375,2471594251,Solana
2024-05-11,145.3143768310547,147.4264373779297,143.33140563964844,146.2169647216797,1243751505,Solana
2024-05-12,143.52081298828125,147.57147216796875,142.8818359375,145.3143768310547,936690341,Solana
2024-05-13,147.28233337402344,150.54666137695312,138.03285217285156,143.52081298828125,2556255769,Solana
2024-05-14,142.0303955078125,148.8286895751953,141.9068603515625,147.27908325195312,2586166419,Solana
2024-05-15,158.18682861328125,158.64071655273438,141.35032653808594,142.0303955078125,3585715674,Solana
2024-05-16,159.116455078125,164.31932067871094,156.7726287841797,158.18775939941406,3498272951,Solana
2024-05-17,169.53054809570312,171.6060791015625,159.116455078125,159.116455078125,3371355809,Solana
2024-05-18,172.5391387939453,175.7790985107422,168.9330596923828,169.53054809570312,2479657643,Solana
2024-05-19,170.0913543701172,175.1893310546875,166.7326202392578,172.53919982910156,2300080451,Solana
2024-05-20,186.52049255371094,187.44712829589844,168.0304412841797,170.0913543701172,4636864705,Solana
2024-05-21,178.11614990234375,188.49383544921875,174.71170043945312,186.51951599121094,4568414163,Solana
2024-05-22,176.86077880859375,183.0676727294922,175.4474639892578,178.1156768798828,3833758536,Solana
2024-05-23,175.98577880859375,180.165283203125,167.4036865234375,176.8631134033203,5117258940,Solana
2024-05-24,167.7969207763672,176.03147888183594,162.8658905029297,175.98577880859375,4013502065,Solana
2024-05-25,168.43763732910156,170.3550567626953,166.11300659179688,167.7969207763672,1875205755,Solana
2024-05-26,163.3509063720703,168.43927001953125,161.2638702392578,168.43763732910156,2543881488,Solana
2024-05-27,169.9961395263672,171.98854064941406,163.33544921875,163.3509063720703,2745440475,Solana
2024-05-28,168.65084838867188,173.0171356201172,164.97340393066406,169.9961395263672,3342283019,Solana
2024-05-29,168.0726776123047,173.64195251464844,167.3238525390625,168.65084838867188,2852496248,Solana
2024-05-30,166.97653198242188,172.41778564453125,163.6839599609375,168.0726776123047,2932316784,Solana
2024-05-31,165.63771057128906,170.63156127929688,163.93309020996094,166.97653198242188,2415920333,Solana
2024-06-01,166.03067016601562,167.73709106445312,165.5856170654297,165.63772583007812,1058869941,Solana
2024-06-02,163.24990844726562,166.9154815673828,161.6532440185547,166.0296173095703,1562269041,Solana
2024-06-03,164.9234619140625,167.03875732421875,161.8537139892578,163.25015258789062,2182487608,Solana
2024-06-04,171.8019256591797,171.8168182373047,164.51553344726562,164.92506408691406,2057558426,Solana
2024-06-05,173.48291015625,175.47531127929688,171.38299560546875,171.8019256591797,2405906612,Solana
2024-06-06,170.01622009277344,174.30470275878906,167.8642120361328,173.48291015625,1965442993,Solana
2024-06-07,162.50704956054688,172.4381561279297,155.79876708984375,170.01583862304688,3298527575,Solana
2024-06-08,157.96890258789062,163.62017822265625,157.54295349121094,162.4967498779297,1722237785,Solana
2024-06-09,162.08360290527344,162.91897583007812,156.76876831054688,157.96371459960938,1475878151,Solana
2024-06-10,158.9280242919922,162.8277587890625,157.77020263671875,162.07888793945312,1815361482,Solana
2024-06-11,149.42898559570312,159.52310180664062,145.8651885986328,158.9341278076172,2812642453,Solana
2024-06-12,155.1775665283203,161.51483154296875,145.82144165039062,149.4223175048828,2853692260,Solana
2024-06-13,147.31442260742188,155.19235229492188,146.1722412109375,155.19235229492188,2085097655,Solana
2024-06-14,143.0944366455078,148.78933715820312,140.11538696289062,147.28204345703125,2330458883,Solana
2024-06-15,145.41221618652344,145.5409698486328,143.02365112304688,143.07408142089844,1065293341,Solana
2024-06-16,151.12550354003906,151.12550354003906,143.17953491210938,145.41796875,1147997523,Solana
2024-06-17,143.3342742919922,151.58477783203125,140.13880920410156,151.13723754882812,2244770232,Solana
2024-06-18,137.50399780273438,143.61065673828125,130.28907775878906,143.314697265625,4046511952,Solana
2024-06-19,135.60960388183594,141.66993713378906,134.73263549804688,137.4798126220703,2241396569,Solana
2024-06-20,133.47296142578125,141.0752410888672,132.087646484375,135.60960388183594,2343938226,Solana
2024-06-21,134.5883026123047,135.22915649414062,128.9219207763672,133.47195434570312,2214701928,Solana
2024-06-22,133.6702423095703,136.46005249023438,133.14248657226562,134.56765747070312,948392979,Solana
2024-06-23,128.59042358398438,135.005859375,128.2696990966797,133.66000366210938,1063910411,Solana
2024-06-24,132.24139404296875,132.3112335205078,123.6693344116211,128.59800720214844,3420423301,Solana
2024-06-25,136.5592041015625,139.72958374023438,131.29635620117188,132.26934814453125,2517391150,Solana
2024-06-26,136.60914611816406,140.16876220703125,134.92576599121094,136.5549774169922,1670038554,Solana
2024-06-27,149.44837951660156,150.7672119140625,135.2449951171875,136.61341857910156,2831651846,Solana
2024-06-28,139.70339965820312,150.0515899658203,139.30589294433594,149.4542694091797,2396070692,Solana
2024-06-29,140.01014709472656,142.8238525390625,139.6678009033203,139.7193145751953,1139066175,Solana
2024-06-30,146.49249267578125,147.19932556152344,137.14137268066406,140.01272583007812,1567841881,Solana
2024-07-01,146.59506225585938,148.7985076904297,145.8227996826172,146.4812774658203,1814659116,Solana
2024-07-02,153.7004852294922,154.7129669189453,146.12054443359375,146.5885467529297,2024773533,Solana
2024-07-03,140.73141479492188,154.197998046875,139.5172576904297,153.7111358642578,2813419415,Solana
2024-07-04,127.55081939697266,142.51486206054688,127.55081939697266,140.71533203125,3243822145,Solana
2024-07-05,134.3693389892578,135.84579467773438,122.44230651855469,127.60507202148438,4644036182,Solana
2024-07-06,143.24118041992188,144.0084686279297,132.61329650878906,134.36329650878906,2078535871,Solana
2024-07-07,131.7740936279297,143.1870574951172,131.7740936279297,143.1870574951172,1842515124,Solana
2024-07-08,139.4636993408203,141.6341094970703,128.56292724609375,131.79702758789062,3692404575,Solana
2024-07-09,141.34844970703125,143.92938232421875,136.74093627929688,139.537353515625,2418798702,Solana
2024-07-10,141.97479248046875,145.8537139892578,138.85604858398438,141.3741455078125,1952272010,Solana
2024-07-11,135.8832244873047,145.32443237304688,135.84751892089844,141.98280334472656,2286890972,Solana
2024-07-12,139.52801513671875,140.42477416992188,134.15914916992188,135.86402893066406,1990173458,Solana
2024-07-13,141.9249725341797,143.367431640625,138.17953491210938,139.52639770507812,1131518484,Solana
2024-07-14,147.622314453125,148.54705810546875,141.92665100097656,141.92665100097656,2009294488,Solana
2024-07-15,159.93397521972656,159.9420623779297,147.202880859375,147.6661376953125,2580623500,Solana
2024-07-16,160.5518798828125,162.46951293945312,153.05372619628906,159.77333068847656,3034234774,Solana
2024-07-17,155.5841064453125,163.59523010253906,155.06703186035156,160.56329345703125,2255652667,Solana
2024-07-18,159.07241821289062,161.587158203125,155.5660400390625,155.59104919433594,2044591406,Solana
2024-07-19,169.1858673095703,171.50674438476562,156.60653686523438,159.0923309326172,3617009839,Solana
2024-07-20,173.89178466796875,174.831298828125,167.55731201171875,169.1826171875,1908476088,Solana
2024-07-21,184.54161071777344,184.8703155517578,171.1182098388672,173.89373779296875,3080452915,Solana
2024-07-22,178.97828674316406,184.79246520996094,177.04412841796875,184.54556274414062,2808509242,Solana
2024-07-23,172.757568359375,180.49615478515625,170.98854064941406,178.97828674316406,3230351478,Solana
2024-07-24,178.0323028564453,182.35760498046875,171.21041870117188,172.75851440429688,3112174836,Solana
2024-07-25,171.96307373046875,179.52093505859375,165.9325408935547,178.02952575683594,4067186719,Solana
2024-07-26,183.13671875,183.53836059570312,171.87789916992188,171.9625701904297,2816314095,Solana
2024-07-27,184.0854034423828,188.14059448242188,178.59835815429688,183.13809204101562,3248901126,Solana
2024-07-28,184.88607788085938,186.51461791992188,181.3953399658203,184.08599853515625,1852374783,Solana
2024-07-29,182.7805938720703,193.73228454589844,181.88536071777344,184.88719177246094,3654304391,Solana
2024-07-30,179.10719299316406,184.1801300048828,176.02243041992188,182.77159118652344,2766172800,Solana
2024-07-31,171.82615661621094,184.179443359375,171.81919860839844,179.10804748535156,3055204208,Solana
2024-08-01,167.672119140625,172.68980407714844,157.98838806152344,171.82566833496094,4402828194,Solana
2024-08-02,152.6382293701172,169.04396057128906,150.08499145507812,167.66053771972656,4507521137,Solana
2024-08-03,142.9219970703125,153.77685546875,140.22140502929688,152.6382293701172,3620526646,Solana
2024-08-04,138.05508422851562,145.83766174316406,132.13967895507812,142.9219512939453,4333596296,Solana
2024-08-05,129.8643035888672,139.14146423339844,110.60955810546875,138.0526885986328,14114308949,Solana
2024-08-06,144.09036254882812,149.35296630859375,129.78857421875,129.86294555664062,5813459735,Solana
2024-08-07,144.63209533691406,155.00779724121094,142.7469024658203,144.0882110595703,5529725414,Solana
2024-08-08,162.9307403564453,163.02590942382812,142.01992797851562,144.63247680664062,5385642745,Solana
2024-08-09,156.45721435546875,163.24948120117188,151.22613525390625,162.9307403564453,3217916997,Solana
2024-08-10,153.95916748046875,158.5860595703125,152.873046875,156.45721435546875,1662980960,Solana
2024-08-11,141.52685546875,157.93190002441406,141.34829711914062,153.961669921875,2411765937,Solana
2024-08-12,146.45423889160156,150.81463623046875,141.4407958984375,141.53207397460938,3380174341,Solana
2024-08-13,146.7126922607422,149.61012268066406,143.1520233154297,146.45455932617188,2224488388,Solana
2024-08-14,143.9234619140625,151.72604370117188,142.71792602539062,146.7126922607422,2714536693,Solana
2024-08-15,142.74581909179688,147.35154724121094,138.16192626953125,143.92266845703125,3032770371,Solana
2024-08-16,139.33056640625,144.7954559326172,136.3846435546875,142.7428741455078,2707615564,Solana
2024-08-17,141.7985076904297,141.96282958984375,137.86630249023438,139.33056640625,1199702073,Solana
2024-08-18,142.58688354492188,146.96298217773438,140.95962524414062,141.7985076904297,1866239536,Solana
2024-08-19,144.34368896484375,145.9236297607422,140.74871826171875,142.58688354492188,2077549615,Solana
2024-08-20,143.16773986816406,148.6486053466797,141.36070251464844,144.3468475341797,2124392770,Solana
2024-08-21,142.70960998535156,144.1562957763672,139.26654052734375,142.33303833007812,1923259439,Solana
2024-08-22,143.2579345703125,144.81321716308594,140.9344024658203,142.70960998535156,1368400829,Solana
2024-08-23,153.10708618164062,153.771240234375,143.16477966308594,143.2579345703125,2560976300,Solana
2024-08-24,160.73175048828125,162.16932678222656,152.15208435058594,153.10833740234375,2749419604,Solana
2024-08-25,158.90911865234375,161.94796752929688,155.50714111328125,160.73175048828125,2085078554,Solana
2024-08-26,157.23687744140625,161.91110229492188,155.88449096679688,158.9114990234375,2588808155,Solana
2024-08-27,146.8970947265625,159.62355041503906,145.65640258789062,157.23658752441406,2783392784,Solana
2024-08-28,143.89138793945312,148.69497680664062,140.97080993652344,146.8970947265625,2932401182,Solana
2024-08-29,140.0540313720703,147.2205810546875,138.2660675048828,143.8910675048828,2098251665,Solana
2024-08-30,138.09999084472656,141.01318359375,132.4513397216797,140.0540313720703,2683385690,Solana
2024-08-31,135.37425231933594,138.99224853515625,134.6364288330078,138.09999084472656,892155699,Solana
2024-09-01,128.6905517578125,135.99781799316406,128.24325561523438,135.37425231933594,1974170865,Solana
2024-09-02,135.0023651123047,135.35238647460938,127.26619720458984,128.6905517578125,2092221241,Solana
2024-09-03,127.57758331298828,137.14476013183594,127.57423400878906,135.0023651123047,1787700523,Solana
2024-09-04,133.60391235351562,134.86917114257812,123.61295318603516,127.57758331298828,2663812153,Solana
2024-09-05,129.32894897460938,135.085205078125,128.14137268066406,133.6043701171875,1926178088,Solana
2024-09-06,124.99007415771484,134.16807556152344,121.05538177490234,129.32894897460938,3520537699,Solana
2024-09-07,127.72156524658203,129.2908935546875,124.26908111572266,124.99007415771484,1321261949,Solana
2024-09-08,129.98951721191406,131.51524353027344,126.81302642822266,127.72156524658203,1317794291,Solana
2024-09-09,135.02561950683594,136.18653869628906,127.21979522705078,129.98951721191406,2443769044,Solana
2024-09-10,135.63522338867188,137.8063507080078,132.63108825683594,135.0263671875,1642358500,Solana
2024-09-11,132.4973907470703,135.8038787841797,128.4340057373047,135.63494873046875,2122617674,Solana
2024-09-12,136.14190673828125,136.61480712890625,132.44332885742188,132.49708557128906,1597055803,Solana
2024-09-13,139.1005401611328,139.83250427246094,131.86395263671875,136.14190673828125,1668690414,Solana
2024-09-14,137.17977905273438,139.7345733642578,135.9435577392578,139.1025390625,952465288,Solana
2024-09-15,131.4993896484375,137.92349243164062,130.9698028564453,137.17977905273438,1358403273,Solana
2024-09-16,131.47259521484375,132.29637145996094,129.13807678222656,131.4993896484375,1623218789,Solana
2024-09-17,131.53707885742188,135.4871368408203,130.47569274902344,131.47244262695312,1726861492,Solana
2024-09-18,133.99185180664062,133.99185180664062,127.25076293945312,131.53707885742188,2260675347,Solana
2024-09-19,142.83627319335938,143.9043731689453,133.99185180664062,133.99185180664062,2884543933,Solana
2024-09-20,146.56680297851562,151.7609405517578,141.316162109375,142.8365478515625,3241123621,Solana
2024-09-21,149.52703857421875,149.83645629882812,144.79803466796875,146.56680297851562,1385610390,Solana
2024-09-22,144.80364990234375,149.86582946777344,141.38461303710938,149.52703857421875,1597826979,Solana
2024-09-23,144.8149871826172,148.97042846679688,142.6438446044922,144.80364990234375,2344229720,Solana
2024-09-24,152.89215087890625,153.53628540039062,143.30413818359375,144.8149871826172,2927238360,Solana
2024-09-25,148.02342224121094,153.54763793945312,147.45013427734375,152.89096069335938,2138602628,Solana
2024-09-26,155.5760955810547,157.858154296875,146.87075805664062,148.02110290527344,3009969111,Solana
2024-09-27,157.74993896484375,160.9813995361328,154.13027954101562,155.5760955810547,2765830721,Solana
2024-09-28,156.9124298095703,159.34521484375,155.29931640625,157.7519073486328,1300870644,Solana
2024-09-29,158.62916564941406,161.62306213378906,155.2430877685547,156.9124298095703,1773980028,Solana
2024-09-30,152.61846923828125,159.50892639160156,152.01983642578125,158.63241577148438,2376780676,Solana
2024-10-01,145.28988647460938,157.25819396972656,142.8423309326172,152.61846923828125,3656164855,Solana
2024-10-02,140.38555908203125,148.82568359375,138.9187469482422,145.28988647460938,2892264150,Solana
2024-10-03,136.78518676757812,142.80543518066406,133.55316162109375,140.38490295410156,2914986844,Solana
2024-10-04,143.17227172851562,144.42678833007812,136.0756378173828,136.78518676757812,2361841303,Solana
2024-10-05,142.7117462158203,144.83428955078125,141.16966247558594,143.17227172851562,1113937760,Solana
2024-10-06,146.44236755371094,146.62001037597656,142.11424255371094,142.7117156982422,1168715645,Solana
2024-10-07,143.99179077148438,152.1038360595703,143.60458374023438,146.44354248046875,2678803498,Solana
2024-10-08,143.39442443847656,145.44879150390625,141.2363739013672,143.99179077148438,1710617951,Solana
2024-10-09,139.31553649902344,145.1295166015625,138.7974395751953,143.3953399658203,1697499287,Solana
2024-10-10,138.88841247558594,140.58058166503906,135.58270263671875,139.3137664794922,1770157917,Solana
2024-10-11,145.3811492919922,146.43063354492188,138.755859375,138.88674926757812,1797846253,Solana
2024-10-12,146.5002899169922,147.13690185546875,144.7617645263672,145.3811492919922,1118630507,Solana
2024-10-13,147.5724334716797,148.7133331298828,144.62364196777344,146.50033569335938,1294444111,Solana
2024-10-14,157.44512939453125,157.7541046142578,147.00582885742188,147.57025146484375,2929339176,Solana
2024-10-15,154.7206268310547,158.71575927734375,150.90951538085938,157.44512939453125,3451652506,Solana
2024-10-16,154.23422241210938,158.1370391845703,153.08169555664062,154.7206268310547,2397546608,Solana
2024-10-17,150.31602478027344,155.5516357421875,147.94349670410156,154.23817443847656,2157747733,Solana
2024-10-18,154.97593688964844,156.53741455078125,149.70101928710938,150.3227081298828,1754226839,Solana
2024-10-19,159.6393585205078,159.71041870117188,153.91282653808594,154.97593688964844,1440375026,Solana
2024-10-20,166.9398193359375,167.5856475830078,157.76573181152344,159.64122009277344,2579198899,Solana
2024-10-21,166.2168731689453,171.4306640625,161.8105010986328,166.93861389160156,3924173188,Solana
2024-10-22,167.26014709472656,170.7600860595703,163.28536987304688,166.2176055908203,3470792372,Solana
2024-10-23,170.9324951171875,173.8150177001953,164.19381713867188,167.26063537597656,3861697575,Solana
2024-10-24,177.1569366455078,178.99530029296875,170.5173797607422,171.11087036132812,3529481044,Solana
2024-10-25,164.75689697265625,177.1919403076172,160.0352783203125,177.15713500976562,4869966180,Solana
2024-10-26,170.70596313476562,172.8228302001953,162.443359375,164.75599670410156,2755373492,Solana
2024-10-27,176.5491943359375,177.89515686035156,170.19244384765625,170.70596313476562,2427933420,Solana
2024-10-28,178.1049041748047,179.40797424316406,172.87225341796875,176.55368041992188,3623055701,Solana
2024-10-29,179.36074829101562,183.03944396972656,176.85548400878906,178.1036376953125,3919545873,Solana
2024-10-30,174.9249725341797,181.1526641845703,173.39939880371094,179.36074829101562,2772422773,Solana
2024-10-31,168.42999267578125,176.27984619140625,167.5767822265625,174.92507934570312,2652620406,Solana
2024-11-01,166.2621307373047,173.8500213623047,164.0325469970703,168.4302215576172,3157093060,Solana
2024-11-02,166.01034545898438,168.4605712890625,162.38702392578125,166.2621307373047,1618170398,Solana
2024-11-03,162.55130004882812,166.37632751464844,158.1367645263672,166.01034545898438,2645801646,Solana
2024-11-04,157.74710083007812,164.71389770507812,155.16552734375,162.55169677734375,2809006700,Solana
2024-11-05,166.72239685058594,169.12664794921875,156.98818969726562,157.74710083007812,3243848057,Solana
2024-11-06,186.9547882080078,189.9154815673828,166.6982421875,166.72239685058594,9822932731,Solana
2024-11-07,196.3345947265625,197.90093994140625,186.13604736328125,186.9547882080078,4700842780,Solana
2024-11-08,199.9390106201172,204.96975708007812,196.02374267578125,196.3345947265625,5673142495,Solana
2024-11-09,200.19491577148438,203.3472900390625,195.47410583496094,199.93960571289062,3363617004,Solana
2024-11-10,210.6137237548828,215.1790771484375,198.9831085205078,200.19595336914062,8564655765,Solana
2024-11-11,222.6416778564453,223.2198028564453,204.5623016357422,210.6137237548828,10290809023,Solana
2024-11-12,212.2318115234375,225.0115203857422,205.44786071777344,222.6416778564453,11308516682,Solana
2024-11-13,215.18455505371094,220.3391876220703,201.4705810546875,212.2080078125,11296665808,Solana
2024-11-14,209.2190704345703,222.63914489746094,207.49681091308594,215.18446350097656,8094554275,Solana
2024-11-15,218.09490966796875,219.53878784179688,204.82801818847656,209.23623657226562,6109860311,Solana
2024-11-16,215.8488311767578,221.66236877441406,213.80477905273438,218.56936645507812,4698955745,Solana
2024-11-17,237.57553100585938,241.23533630371094,212.72816467285156,215.84779357910156,9981076722,Solana
2024-11-18,239.79425048828125,248.19281005859375,234.4010467529297,237.57553100585938,8798714213,Solana
2024-11-19,238.09754943847656,247.09056091308594,234.15306091308594,239.80088806152344,6711919414,Solana
2024-11-20,235.4236602783203,242.10787963867188,230.91055297851562,238.0925750732422,6454141445,Solana
2024-11-21,257.0658874511719,259.0535583496094,230.34156799316406,235.42739868164062,10735314060,Solana
2024-11-22,256.5186767578125,263.70086669921875,252.1354217529297,257.0814208984375,7249493783,Solana
2024-11-23,255.1785125732422,263.83154296875,253.18743896484375,256.5181579589844,6234742858,Solana
2024-11-24,252.91952514648438,259.6256408691406,243.12216186523438,255.1785125732422,5330146683,Solana
2024-11-25,234.4466094970703,256.4226989746094,231.55198669433594,252.9160614013672,6616015635,Solana
2024-11-26,230.9781951904297,239.63780212402344,222.9571990966797,234.4456787109375,6996936265,Solana
2024-11-27,242.30221557617188,243.1248016357422,228.1300506591797,230.9722137451172,5381404312,Solana
2024-11-28,237.76400756835938,245.20445251464844,233.20286560058594,242.3004608154297,4047310070,Solana
2024-11-29,243.54949951171875,246.7762908935547,236.8212432861328,237.76397705078125,4152396835,Solana
2024-11-30,237.74374389648438,245.23687744140625,237.7225341796875,243.54884338378906,3549156564,Solana
2024-12-01,237.06993103027344,239.80657958984375,234.5303955078125,237.74383544921875,3726118866,Solana
2024-12-02,225.75619506835938,237.87661743164062,220.5511932373047,237.0654296875,7374176295,Solana
2024-12-03,234.2003173828125,239.27252197265625,216.4730224609375,225.76856994628906,8404095315,Solana
2024-12-04,229.11929321289062,240.71958923339844,225.25491333007812,234.2003173828125,6569129896,Solana
2024-12-05,233.9987030029297,244.6809539794922,223.46054077148438,229.119384765625,8820663279,Solana
2024-12-06,237.0510711669922,246.4186553955078,231.42596435546875,236.54147338867188,6726557034,Solana
2024-12-07,238.54795837402344,243.1240234375,234.6590576171875,237.0510711669922,4003422914,Solana
2024-12-08,236.67233276367188,241.4407196044922,233.71337890625,239.48516845703125,3204778349,Solana
2024-12-09,217.34146118164062,237.4574432373047,209.7061309814453,237.4574432373047,8610208198,Solana
2024-12-10,213.82461547851562,220.74098205566406,203.7238311767578,217.32894897460938,8419973004,Solana
2024-12-11,227.44683837890625,230.5073699951172,211.99317932128906,213.83522033691406,5615074058,Solana
2024-12-12,227.02671813964844,234.33322143554688,225.95188903808594,227.4451141357422,4935392005,Solana
2024-12-13,224.83729553222656,228.27305603027344,220.82472229003906,227.02671813964844,4029626623,Solana
2024-12-14,219.84075927734375,227.241943359375,215.34423828125,224.83729553222656,2925240730,Solana
2024-12-15,223.6576690673828,225.066650390625,215.91073608398438,219.84075927734375,2969473030,Solana
2024-12-16,216.3349609375,227.04476928710938,213.48239135742188,223.6561279296875,5071129914,Solana
2024-12-17,222.8167266845703,228.68629455566406,211.90963745117188,216.33377075195312,6445051900,Solana
2024-12-18,206.38174438476562,225.89439392089844,205.00486755371094,222.82318115234375,6888988933,Solana
2024-12-19,194.28451538085938,211.99520874023438,188.02752685546875,206.3828125,8043974299,Solana
2024-12-20,194.2081756591797,199.36219787597656,175.90516662597656,194.2822723388672,9600073165,Solana
2024-12-21,181.30145263671875,201.63169860839844,178.74005126953125,194.2073974609375,5368845730,Solana
2024-12-22,180.16891479492188,187.53346252441406,177.13406372070312,181.2868194580078,4001292417,Solana
2024-12-23,189.75369262695312,193.0481414794922,176.71888732910156,180.17428588867188,4922594345,Solana
2024-12-24,196.98902893066406,198.69613647460938,186.11529541015625,189.75369262695312,3412375255,Solana
2024-12-25,197.4790802001953,201.6346435546875,195.35304260253906,196.99136352539062,2688415733,Solana
2024-12-26,188.21810913085938,199.39797973632812,186.8555908203125,197.47515869140625,2864701219,Solana
2024-12-27,183.82847595214844,193.75335693359375,182.94712829589844,188.216552734375,2788285851,Solana
2024-12-28,195.01353454589844,195.43544006347656,183.8333282470703,183.83338928222656,2158687217,Solana
2024-12-29,189.7442626953125,197.1810760498047,188.34100341796875,195.02244567871094,2165753102,Solana
2024-12-30,191.02804565429688,196.12290954589844,185.93760681152344,189.74420166015625,3246300054,Solana
2024-12-31,189.2644805908203,198.6783905029297,187.97987365722656,191.04530334472656,3276526561,Solana
2025-01-01,193.8737335205078,194.81849670410156,187.87945556640625,189.2669219970703,2324231668,Solana
2025-01-02,207.7670440673828,209.0667266845703,193.25852966308594,193.87213134765625,4230329837,Solana
2025-01-03,217.74732971191406,219.5595245361328,205.65240478515625,207.76760864257812,4064420852,Solana
2025-01-04,216.6229248046875,217.90504455566406,213.83145141601562,217.748046875,2432220391,Solana
2025-01-05,213.3936309814453,218.87840270996094,211.76522827148438,216.6227569580078,2403765299,Solana
2025-01-06,218.72312927246094,222.95297241210938,211.65313720703125,213.39483642578125,3408034919,Solana
2025-01-07,202.23025512695312,219.14230346679688,202.12490844726562,218.41293334960938,4360983978,Solana
2025-01-08,197.55905151367188,203.06031799316406,188.9578857421875,202.22787475585938,5028291858,Solana
2025-01-09,185.02528381347656,198.9010009765625,182.32232666015625,197.55905151367188,3815664216,Solana
2025-01-10,187.5791778564453,192.75631713867188,183.86676025390625,185.0131378173828,3739014100,Solana
2025-01-11,187.99551391601562,191.71881103515625,184.27743530273438,187.57118225097656,2174290937,Solana
2025-01-12,188.5603790283203,190.74917602539062,185.2522735595703,187.99533081054688,1544086708,Solana
2025-01-13,182.83535766601562,191.77517700195312,170.6289825439453,188.55091857910156,5225490858,Solana
2025-01-14,187.49859619140625,189.93731689453125,181.9566650390625,182.83299255371094,2748310371,Solana
2025-01-15,205.91134643554688,205.93495178222656,186.00299072265625,187.49818420410156,4071481523,Solana
2025-01-16,211.22784423828125,216.83995056152344,198.6625213623047,205.92196655273438,6099125467,Solana
2025-01-17,219.62161254882812,221.8524169921875,209.96925354003906,211.22840881347656,5118230275,Solana
2025-01-18,261.8697509765625,268.74658203125,217.57504272460938,219.62069702148438,23186958912,Solana
2025-01-19,250.58636474609375,294.3349609375,239.61058044433594,261.8724365234375,33172955667,Solana
2025-01-20,242.25022888183594,272.1530456542969,231.63455200195312,250.62496948242188,22690757561,Solana
2025-01-21,250.41378784179688,259.829345703125,231.67591857910156,242.2365264892578,10694802909,Solana
2025-01-22,257.23736572265625,271.530029296875,248.75160217285156,250.41378784179688,8880832578,Solana
2025-01-23,253.4552001953125,258.129150390625,242.49618530273438,257.2362365722656,9264528949,Solana
2025-01-24,253.36122131347656,269.8057861328125,247.6314697265625,253.4552001953125,7483041553,Solana
2025-01-25,256.0735778808594,260.5824890136719,246.65911865234375,253.36631774902344,5035419721,Solana
2025-01-26,240.88345336914062,259.6344909667969,240.85243225097656,256.0738830566406,4178231600,Solana
2025-01-27,235.07444763183594,242.42901611328125,221.97532653808594,240.8853302001953,10736630238,Solana
2025-01-28,227.20396423339844,243.894775390625,225.25985717773438,235.07296752929688,5105320114,Solana
2025-01-29,227.94493103027344,237.7097625732422,222.9235076904297,227.20278930664062,5385638692,Solana
2025-01-30,239.0231475830078,244.32595825195312,227.1376190185547,227.9530487060547,4636567306,Solana
2025-01-31,231.63790893554688,241.66659545898438,228.4788360595703,239.01669311523438,4043216055,Solana
2025-02-01,213.78501892089844,233.86383056640625,213.4364013671875,231.64060974121094,3546350864,Solana
2025-02-02,203.11962890625,218.38438415527344,195.44923400878906,213.78094482421875,8432593480,Solana
2025-02-03,216.1495819091797,218.64768981933594,180.4093017578125,203.1215057373047,15260840772,Solana
2025-02-04,207.09197998046875,219.99588012695312,202.84884643554688,216.1505126953125,7328632702,Solana
2025-02-05,195.98814392089844,209.31875610351562,195.3905792236328,207.0771026611328,3826498437,Solana
2025-02-06,189.77249145507812,203.8878173828125,188.16552734375,195.98638916015625,3936545265,Solana
2025-02-07,192.20465087890625,203.15052795410156,188.48074340820312,189.75770568847656,4593806344,Solana
2025-02-08,199.5998992919922,200.83197021484375,190.12876892089844,192.20254516601562,2387525186,Solana
2025-02-09,200.49755859375,207.27464294433594,194.24131774902344,199.5897979736328,3380872965,Solana
2025-02-10,200.35635375976562,208.82749938964844,196.38076782226562,200.4982452392578,4106376694,Solana
2025-02-11,197.98236083984375,205.9241943359375,195.32150268554688,200.35891723632812,3907611299,Solana
2025-02-12,196.7738037109375,198.44981384277344,189.60842895507812,197.98385620117188,4290836657,Solana
2025-02-13,194.46095275878906,198.26075744628906,189.42771911621094,196.7738037109375,2755407329,Solana
2025-02-14,199.9356689453125,205.12501525878906,194.3540496826172,194.45455932617188,3732334277,Solana
2025-02-15,194.48208618164062,200.0533905029297,192.81378173828125,199.88677978515625,1869221857,Solana
2025-02-16,188.4864044189453,196.0703125,186.97987365722656,194.4811553955078,2160799161,Solana
2025-02-17,177.6897430419922,189.50650024414062,175.2635498046875,188.48521423339844,4345262539,Solana
2025-02-18,169.08428955078125,178.94607543945312,161.30545043945312,177.68861389160156,6684824301,Solana
2025-02-19,169.01080322265625,174.12147521972656,163.9593963623047,169.08543395996094,3717681436,Solana
2025-02-20,176.04888916015625,176.588134765625,167.8734588623047,169.00534057617188,3347070717,Solana
2025-02-21,168.89163208007812,180.4339599609375,167.30506896972656,176.03500366210938,4684370707,Solana
2025-02-22,172.16285705566406,174.46559143066406,168.367431640625,168.89163208007812,2026581266,Solana
2025-02-23,168.03811645507812,173.0360565185547,166.62765502929688,172.16346740722656,1621130854,Solana
2025-02-24,141.98948669433594,169.56248474121094,140.56651306152344,168.03811645507812,7062261489,Solana
2025-02-25,144.10775756835938,146.7398681640625,132.48583984375,141.99234008789062,9341433919,Solana
2025-02-26,134.83132934570312,144.8746795654297,130.69107055664062,144.09996032714844,4916419994,Solana
2025-02-27,137.6208038330078,142.1814727783203,134.729736328125,134.83160400390625,3723520943,Solana
2025-02-28,148.03001403808594,148.183837890625,125.74221801757812,137.6207733154297,7544673033,Solana
2025-03-01,143.6757049560547,150.7871551513672,138.68467712402344,148.03021240234375,3305410077,Solana
2025-03-02,178.49549865722656,178.50856018066406,140.29757690429688,143.67672729492188,11540413390,Solana
2025-03-03,142.02108764648438,178.6346435546875,139.79010009765625,178.4952392578125,9241009702,Solana
2025-03-04,144.9165802001953,146.39646911621094,131.57347106933594,142.03318786621094,8035056091,Solana
2025-03-05,146.26730346679688,149.4854736328125,140.59686279296875,144.91880798339844,4501939048,Solana
2025-03-06,143.355224609375,152.7792510986328,142.7803955078125,146.27066040039062,4204376336,Solana
2025-03-07,139.20913696289062,150.02325439453125,135.7171630859375,143.355224609375,6090751623,Solana
2025-03-08,136.94207763671875,140.90457153320312,135.48297119140625,139.20913696289062,2270939562,Solana
2025-03-09,126.43543243408203,139.72576904296875,125.93571472167969,136.9428253173828,3429886567,Solana
2025-03-10,118.291748046875,131.24095153808594,115.91789245605469,126.43543243408203,5519806938,Solana
2025-03-11,125.26394653320312,128.14886474609375,113.189208984375,118.29167175292969,5259428587,Solana
2025-03-12,126.58324432373047,130.6551055908203,121.36756134033203,125.26190185546875,4112201839,Solana
2025-03-13,123.28614807128906,128.15863037109375,120.90947723388672,126.58324432373047,2871050068,Solana
2025-03-14,133.31448364257812,135.6434783935547,123.11714935302734,123.2865982055664,3161542602,Solana
2025-03-15,135.91253662109375,136.48133850097656,132.55995178222656,133.31324768066406,1844463215,Solana
2025-03-16,125.98810577392578,136.468994140625,125.38740539550781,135.9167938232422,2456569508,Solana
2025-03-17,128.16371154785156,130.52687072753906,125.86190032958984,125.98741912841797,2487364373,Solana
2025-03-18,125.31269836425781,128.16134643554688,121.94453430175781,128.16134643554688,2534317858,Solana
2025-03-19,135.572509765625,135.92552185058594,124.29732513427734,125.31228637695312,3539287974,Solana
2025-03-20,127.49718475341797,135.77261352539062,126.85357666015625,135.57415771484375,2469659459,Solana
2025-03-21,128.43031311035156,129.95623779296875,124.97737121582031,127.49885559082031,2370317364,Solana
2025-03-22,128.4849853515625,131.57618713378906,127.93255615234375,128.429931640625,1442831196,Solana
2025-03-23,132.5993194580078,133.9619598388672,128.34225463867188,128.48448181152344,1711242607,Solana
2025-03-24,140.86927795410156,144.88308715820312,132.16180419921875,132.5993194580078,4207560020,Solana
2025-03-25,143.81707763671875,147.05799865722656,138.3466796875,140.87472534179688,3585353324,Solana
2025-03-26,137.28857421875,145.3684844970703,136.1363525390625,143.81707763671875,3083070981,Solana
2025-03-27,138.34738159179688,140.1745147705078,135.92221069335938,137.29095458984375,2660348034,Solana
2025-03-28,129.42315673828125,138.95281982421875,127.98094177246094,138.3472442626953,3532896573,Solana
2025-03-29,124.587646484375,130.38050842285156,123.07389068603516,129.4245147705078,2253256988,Solana
2025-03-30,124.64263153076172,126.6233901977539,123.3007583618164,124.58648681640625,1639017444,Solana
2025-03-31,124.69412994384766,127.6968994140625,123.07923889160156,124.64402770996094,3206702485,Solana
2025-04-01,126.68238067626953,130.0324249267578,123.94904327392578,124.6953353881836,2993289339,Solana
2025-04-02,117.75762939453125,135.69578552246094,117.74427795410156,126.67960357666016,5399672438,Solana
2025-04-03,117.06145477294922,120.78982543945312,112.47826385498047,117.74919891357422,4633002432,Solana
2025-04-04,122.78688049316406,123.90060424804688,113.60323333740234,117.06481170654297,5182517335,Solana
2025-04-05,120.25899505615234,122.78691101074219,117.18880462646484,122.78643035888672,1667996329,Solana
2025-04-06,105.7120132446289,120.93267822265625,104.0041275024414,120.25850677490234,3822458629,Solana
2025-04-07,106.90277862548828,111.47198486328125,96.58806610107422,105.7120132446289,8644174246,Solana
2025-04-08,105.51219177246094,112.29893493652344,103.14452362060547,106.90526580810547,5353641480,Solana
2025-04-09,119.05754089355469,120.47077178955078,101.43473815917969,105.50959014892578,7096350476,Solana
2025-04-10,112.80392456054688,119.08255767822266,108.60169219970703,119.06228637695312,4310698523,Solana
2025-04-11,121.53237915039062,122.39859008789062,112.1864242553711,112.80731964111328,3953610468,Solana
2025-04-12,132.26055908203125,133.75885009765625,119.65934753417969,121.53269958496094,4089397536,Solana
2025-04-13,128.58079528808594,133.5068359375,125.52386474609375,132.26258850097656,3818650340,Solana
2025-04-14,129.3103790283203,135.18695068359375,128.23287963867188,128.5781707763672,4425565001,Solana
2025-04-15,126.26313018798828,134.1931915283203,126.1368637084961,129.31101989746094,3272094237,Solana
2025-04-16,131.44969177246094,133.59011840820312,123.72075653076172,126.26312255859375,4448562334,Solana
2025-04-17,134.69874572753906,135.9093475341797,129.73309326171875,131.45022583007812,3504448606,Solana
2025-04-18,134.07350158691406,135.868896484375,132.58799743652344,134.70419311523438,2142264993,Solana
2025-04-19,139.75025939941406,140.0926055908203,133.69476318359375,134.07350158691406,2522912658,Solana
2025-04-20,137.77459716796875,141.8303680419922,135.77146911621094,139.75289916992188,2796023398,Solana
2025-04-21,136.7043914794922,142.66159057617188,134.1223602294922,137.77459716796875,4162691832,Solana
2025-04-22,148.73941040039062,149.94924926757812,135.3777618408203,136.70184326171875,4659792312,Solana
2025-04-23,151.15272521972656,153.86874389648438,147.45079040527344,148.74000549316406,4699152180,Solana
2025-04-24,152.3036346435547,152.75404357910156,145.66134643554688,151.15394592285156,3903057847,Solana
2025-04-25,150.91500854492188,156.04518127441406,150.12779235839844,152.32135009765625,4411923686,Solana
2025-04-26,149.28936767578125,153.01953125,148.03741455078125,150.91726684570312,2128235815,Solana
2025-04-27,148.24583435058594,150.20872497558594,145.7666015625,149.28970336914062,2015737709,Solana
2025-04-28,147.8099365234375,153.20770263671875,144.89144897460938,148.2451629638672,3819502747,Solana
2025-04-29,146.42787170410156,150.044189453125,145.16932678222656,147.8099365234375,2872743502,Solana
2025-04-30,147.64320373535156,148.20928955078125,140.71209716796875,146.427490234375,3017472875,Solana
2025-05-01,150.84658813476562,153.86590576171875,147.61297607421875,147.6449737548828,3224541533,Solana
2025-05-02,148.05003356933594,151.73170471191406,147.45223999023438,150.8431396484375,2823970426,Solana
2025-05-03,146.79605102539062,148.95945739746094,146.1094970703125,148.0498504638672,1567415096,Solana
2025-05-04,143.98306274414062,147.68251037597656,143.82241821289062,146.79595947265625,1636835620,Solana
2025-05-05,146.69664001464844,147.61659240722656,142.89988708496094,143.98593139648438,2238980623,Solana
2025-05-06,146.7664031982422,147.0896453857422,141.6705322265625,146.69577026367188,2728680947,Solana
2025-05-07,147.2137451171875,149.33984375,144.88270568847656,146.7668914794922,4316881378,Solana
2025-05-08,163.96078491210938,163.9750518798828,147.2141876220703,147.21726989746094,6372889923,Solana
2025-05-09,172.82827758789062,175.86207580566406,161.24777221679688,163.96023559570312,7452318987,Solana
2025-05-10,177.62181091308594,178.5718536376953,168.92941284179688,172.82769775390625,4012477696,Solana
2025-05-11,173.02645874023438,179.62252807617188,169.7177276611328,177.62289428710938,4025374577,Solana
2025-05-12,174.24789428710938,180.9514923095703,169.07826232910156,173.03668212890625,6940951587,Solana
2025-05-13,184.00625610351562,184.70140075683594,166.80731201171875,174.24620056152344,5170161208,Solana
2025-05-14,176.709228515625,184.7181854248047,173.7317352294922,184.0063018798828,4610872279,Solana
2025-05-15,169.00999450683594,178.10504150390625,167.28016662597656,176.7086639404297,4347587992,Solana
2025-05-16,167.33395385742188,173.95809936523438,166.75723266601562,169.0146942138672,3495576096,Solana
2025-05-17,165.9308319091797,169.76828002929688,164.22494506835938,167.33395385742188,2783616834,Solana
2025-05-18,173.89871215820312,176.4924774169922,165.51353454589844,165.93197631835938,3866092629,Solana
2025-05-19,166.86422729492188,173.83853149414062,159.64749145507812,173.83578491210938,4498613127,Solana
2025-05-20,168.4836883544922,172.86056518554688,164.77964782714844,166.8642120361328,3787047019,Solana
2025-05-21,173.68173217773438,175.5224151611328,166.30487060546875,168.48411560058594,5254974027,Solana
2025-05-22,179.69094848632812,180.54624938964844,172.7552490234375,173.6822052001953,4913432701,Solana
2025-05-23,173.82542419433594,187.27975463867188,173.5706329345703,179.69146728515625,7488253558,Solana
2025-05-24,176.0424041748047,178.1427459716797,172.79171752929688,173.8404083251953,3002798120,Solana
2025-05-25,175.72547912597656,176.72129821777344,169.3577880859375,176.03448486328125,3395309315,Solana
2025-05-26,174.90789794921875,178.97799682617188,173.7002410888672,175.7256622314453,2872898398,Solana
2025-05-27,176.815185546875,179.2212677001953,171.57545471191406,174.90769958496094,3737068836,Solana
2025-05-28,172.18955993652344,177.37599182128906,169.10569763183594,176.8146514892578,3454599629,Solana
2025-05-29,166.5881805419922,175.1842803955078,166.25851440429688,172.1905975341797,3480369993,Solana
2025-05-30,156.23471069335938,167.3471221923828,156.03465270996094,166.5934295654297,4458908034,Solana
2025-05-31,156.63894653320312,157.9366912841797,152.441650390625,156.23594665527344,2817151487,Solana
2025-06-01,157.7845458984375,157.82785034179688,150.84341430664062,156.6378936767578,2554572841,Solana
2025-06-02,156.99806213378906,158.89463806152344,151.99745178222656,157.7837371826172,3070599881,Solana
2025-06-03,155.34317016601562,163.39369201660156,154.70765686035156,156.9980926513672,3739800274,Solana
2025-06-04,153.35964965820312,157.85304260253906,153.17564392089844,155.3417205810547,2694510572,Solana
2025-06-05,144.54295349121094,154.5604248046875,141.90293884277344,153.3593292236328,4691163987,Solana
2025-06-06,147.9131317138672,152.02252197265625,144.44039916992188,144.54290771484375,2780168622,Solana
2025-06-07,150.13406372070312,152.82553100585938,147.18727111816406,147.90805053710938,1895979261,Solana
2025-06-08,152.4300994873047,155.04188537597656,148.22442626953125,150.13389587402344,1928262265,Solana
2025-06-09,161.08865356445312,161.4990997314453,149.8399200439453,152.4300994873047,3689102023,Solana
2025-06-10,165.02816772460938,165.53392028808594,156.84259033203125,161.09471130371094,4891108456,Solana
2025-06-11,161.0558624267578,168.0181121826172,159.42578125,165.02816772460938,5292694830,Solana
2025-06-12,152.7896728515625,161.20278930664062,152.23741149902344,161.0558624267578,3655760294,Solana
2025-06-13,148.62835693359375,152.78704833984375,141.43714904785156,152.78704833984375,6346327306,Solana
2025-06-14,144.7637481689453,148.64666748046875,142.22569274902344,148.63223266601562,2159011897,Solana
2025-06-15,152.81439208984375,153.21786499023438,144.36363220214844,144.76339721679688,3600058127,Solana
2025-06-16,150.8699951171875,158.60787963867188,150.8699951171875,152.81439208984375,4629439778,Solana
2025-06-17,147.7498016357422,154.14801025390625,145.87115478515625,150.8648681640625,4505742897,Solana
2025-06-18,146.35311889648438,149.15914916992188,143.96722412109375,147.74905395507812,3507323344,Solana
2025-06-19,147.07147216796875,147.78707885742188,143.11187744140625,146.3552703857422,2754965137,Solana
2025-06-20,140.16859436035156,148.71890258789062,136.5124053955078,147.07290649414062,4112242022,Solana
2025-06-21,135.1610107421875,142.49974060058594,132.41424560546875,140.1680450439453,3335622844,Solana
2025-06-22,131.61569213867188,137.55213928222656,126.82627868652344,135.19635009765625,4990284543,Solana
2025-06-23,144.8467254638672,146.59849548339844,131.16085815429688,131.61585998535156,5742740781,Solana
2025-06-24,145.95452880859375,146.5894775390625,142.56668090820312,144.8467254638672,3709899362,Solana
2025-06-25,143.505126953125,147.77401733398438,142.55795288085938,145.95350646972656,3095794422,Solana
2025-06-26,139.0598602294922,147.7301483154297,138.8082275390625,143.5052947998047,3480832173,Solana
2025-06-27,142.1914825439453,144.4037322998047,137.79420471191406,139.05978393554688,3327165986,Solana
2025-06-28,150.8275604248047,152.43739318847656,141.3493194580078,142.19203186035156,2847495210,Solana
2025-06-29,153.35308837890625,154.42337036132812,149.532470703125,150.82598876953125,2462940245,Solana
2025-06-30,154.7353057861328,159.63160705566406,149.61244201660156,153.35308837890625,4752163067,Solana
2025-07-01,146.9266357421875,155.34742736816406,145.212890625,154.7350311279297,3599415509,Solana
2025-07-02,152.22763061523438,154.4098358154297,146.232177734375,146.92874145507812,3941952132,Solana
2025-07-03,152.40179443359375,156.1884765625,150.15145874023438,152.2285614013672,3748228101,Solana
2025-07-04,147.76364135742188,153.55760192871094,145.45196533203125,152.4020233154297,3575641174,Solana
2025-07-05,147.64144897460938,148.59071350097656,146.07684326171875,147.76290893554688,1579874806,Solana
2025-07-06,151.87294006347656,153.38705444335938,146.8997344970703,147.64146423339844,2921512526,Solana
2025-07-07,148.87234497070312,153.27696228027344,147.78939819335938,151.8733367919922,3661294298,Solana
2025-07-08,151.81039428710938,152.79660034179688,147.9498748779297,148.87196350097656,3885408944,Solana
2025-07-09,157.28150939941406,157.88002014160156,150.69989013671875,151.81039428710938,4759358090,Solana
2025-07-10,164.06277465820312,165.0765838623047,156.0460662841797,157.28150939941406,5703252463,Solana
2025-07-11,162.8833770751953,167.92196655273438,160.06564331054688,164.06253051757812,7095844188,Solana
2025-07-12,160.68484497070312,163.84532165527344,157.99803161621094,162.8833770751953,3795297694,Solana
2025-07-13,161.1940155029297,163.9575958251953,159.9158477783203,160.68484497070312,3865898680,Solana
2025-07-14,162.2752227783203,168.33612060546875,160.7777862548828,161.1940155029297,7130680773,Solana
2025-07-15,163.950439453125,164.12208557128906,157.60275268554688,162.27561950683594,6533486768,Solana
2025-07-16,173.70848083496094,175.83580017089844,161.69142150878906,163.950439453125,8415349750,Solana
2025-07-17,175.7930450439453,178.0684356689453,169.03152465820312,173.70848083496094,7913250794,Solana
2025-07-18,177.38197326660156,184.36900329589844,173.91468811035156,175.79193115234375,8439352014,Solana
2025-07-19,177.07012939453125,178.369384765625,174.31314086914062,177.3819122314453,4074891432,Solana
2025-07-20,181.54603576660156,183.31976318359375,176.52830505371094,177.07049560546875,6503778374,Solana
2025-07-21,195.9942626953125,198.91555786132812,178.56219482421875,181.54525756835938,11211509986,Solana
2025-07-22,205.70054626464844,205.87147521972656,194.2823028564453,195.98789978027344,14508715185,Solana
2025-07-23,189.54293823242188,205.75608825683594,184.32736206054688,205.71124267578125,10671351702,Solana
2025-07-24,182.60606384277344,191.88336181640625,179.94815063476562,189.539306640625,8921891799,Solana
2025-07-25,186.7796630859375,186.78858947753906,176.41354370117188,182.60394287109375,8613557362,Solana
2025-07-26,184.91387939453125,189.64695739746094,184.5326690673828,186.77980041503906,3756183776,Solana
2025-07-27,188.73348999023438,190.44314575195312,184.74012756347656,184.91197204589844,4713357652,Solana
2025-07-28,182.54156494140625,194.65802001953125,182.36875915527344,188.7321014404297,7456216270,Solana
2025-07-29,181.33531188964844,186.4884490966797,178.57058715820312,182.55848693847656,5430304723,Solana
2025-07-30,177.6940155029297,182.3795166015625,172.34226989746094,181.33531188964844,6074764559,Solana
2025-07-31,172.42434692382812,182.48248291015625,171.85279846191406,177.69378662109375,5443530167,Solana
2025-08-01,162.87709045410156,172.4171142578125,159.78857421875,172.4171142578125,8200357157,Solana
2025-08-02,158.48301696777344,165.1070098876953,156.0843505859375,162.87709045410156,4455060056,Solana
2025-08-03,161.95497131347656,162.8240509033203,156.87167358398438,158.48341369628906,3702562222,Solana
2025-08-04,169.42568969726562,169.71173095703125,161.43699645996094,161.9629669189453,4977909460,Solana
2025-08-05,164.096435546875,171.56015014648438,161.64089965820312,169.4277801513672,4979304041,Solana
2025-08-06,168.1757354736328,169.86183166503906,161.40118408203125,164.09857177734375,3851544154,Solana
2025-08-07,175.4854278564453,175.48870849609375,166.89454650878906,168.17543029785156,5177005321,Solana
2025-08-08,176.76329040527344,179.35963439941406,173.70159912109375,175.48545837402344,6565011386,Solana
2025-08-09,180.18234252929688,183.14248657226562,176.7598419189453,176.76312255859375,5297615193,Solana
2025-08-10,182.90301513671875,185.916748046875,177.99513244628906,180.18289184570312,6719478867,Solana
2025-08-11,174.97781372070312,186.6573028564453,173.68667602539062,182.9030303955078,7353962794,Solana
2025-08-12,191.85682678222656,193.4408416748047,173.8356170654297,174.9778289794922,8611505118,Solana
2025-08-13,201.59042358398438,204.4700164794922,191.49545288085938,191.85682678222656,11831412257,Solana
2025-08-14,192.58595275878906,209.66685485839844,187.7833709716797,201.58673095703125,14664456934,Solana
2025-08-15,185.7412567138672,198.13832092285156,183.76400756835938,192.5877685546875,7685764515,Solana
2025-08-16,189.76699829101562,189.98114013671875,185.45777893066406,185.7395477294922,3716008732,Solana
2025-08-17,191.16482543945312,195.4407958984375,187.7236785888672,189.76585388183594,4221788171,Solana
2025-08-18,183.0698699951172,191.35415649414062,180.4141082763672,191.16448974609375,6328028844,Solana
2025-08-19,176.11227416992188,185.7837371826172,175.99241638183594,183.06968688964844,5990636025,Solana
2025-08-20,187.5863037109375,187.68954467773438,176.10101318359375,176.11387634277344,6283111574,Solana
2025-08-21,180.28062438964844,189.40052795410156,179.7133331298828,187.5863037109375,5379108039,Solana
2025-08-22,200.64744567871094,201.93734741210938,177.47476196289062,180.27969360351562,10256417346,Solana
2025-08-23,203.93673706054688,207.83900451660156,195.37184143066406,200.6461639404297,7845395369,Solana
2025-08-24,205.8523712158203,211.76023864746094,201.7071990966797,203.93714904785156,11456987571,Solana
2025-08-25,187.2784423828125,213.00613403320312,186.02505493164062,205.85543823242188,13048248034,Solana
2025-08-26,195.90509033203125,197.84652709960938,186.17344665527344,187.26841735839844,8032115173,Solana
2025-08-27,202.92337036132812,211.85757446289062,194.0631103515625,195.906005859375,12883119559,Solana
2025-08-28,214.4056396484375,216.08740234375,202.00714111328125,202.9257049560547,12079041801,Solana
2025-08-29,205.22000122070312,217.83670043945312,200.43594360351562,214.40133666992188,14055051455,Solana
2025-08-30,202.86013793945312,206.80039978027344,197.89419555664062,205.2144775390625,5828701739,Solana
2025-08-31,200.86354064941406,206.5069580078125,200.6566925048828,202.85719299316406,5028997406,Solana
2025-09-01,197.10833740234375,204.2178497314453,194.37802124023438,200.8618621826172,7253329838,Solana
2025-09-02,209.48153686523438,209.48153686523438,197.09365844726562,197.10958862304688,8625200488,Solana
2025-09-03,210.74630737304688,212.82351684570312,207.58407592773438,209.4827880859375,6966454259,Solana
2025-09-04,202.5601806640625,211.79501342773438,202.12701416015625,210.74630737304688,5241887525,Solana
2025-09-05,203.49851989746094,209.8600616455078,201.1800079345703,202.54673767089844,7780086538,Solana
2025-09-06,200.24630737304688,204.5575408935547,199.64039611816406,203.49851989746094,3057210360,Solana
2025-09-07,206.4681854248047,207.86734008789062,200.22850036621094,200.2473602294922,4153166545,Solana
2025-09-08,214.1864013671875,216.8997802734375,205.7173614501953,206.46453857421875,10019366594,Solana
2025-09-09,217.2506866455078,219.52349853515625,211.1582489013672,214.18653869628906,8798692220,Solana
2025-09-10,223.98690795898438,225.51246643066406,215.27252197265625,217.25039672851562,9070263027,Solana
2025-09-11,228.7561798095703,228.90882873535156,222.025146484375,223.98568725585938,9580815361,Solana
2025-09-12,242.30328369140625,243.78890991210938,228.2635498046875,228.75624084472656,13008621197,Solana
2025-09-13,242.5959014892578,244.14328002929688,236.47329711914062,242.3009796142578,7478581447,Solana
2025-09-14,240.5576934814453,249.12413024902344,240.21392822265625,242.59559631347656,9358190854,Solana
2025-09-15,234.35755920410156,244.0004119873047,230.4840087890625,240.548095703125,10017744936,Solana
2025-09-16,236.9895782470703,240.6835174560547,231.8729705810547,234.35922241210938,7521208086,Solana
2025-09-17,244.85745239257812,246.4639434814453,232.7739715576172,236.97752380371094,10420751509,Solana
2025-09-18,247.6371307373047,253.20989990234375,242.90658569335938,244.85130310058594,9258651570,Solana
2025-09-19,238.55270385742188,248.50660705566406,235.87193298339844,247.63824462890625,7513642552,Solana
2025-09-20,239.5924835205078,240.99896240234375,237.17776489257812,238.5497589111328,3518711912,Solana
2025-09-21,236.57545471191406,241.80892944335938,235.71669006347656,239.5933074951172,3513052984,Solana
2025-09-22,220.49644470214844,236.8692626953125,216.9177703857422,236.57421875,12102727916,Solana
2025-09-23,213.71730041503906,221.3500518798828,212.8028564453125,220.50390625,7373425460,Solana
2025-09-24,211.75625610351562,216.38018798828125,206.0406036376953,213.71072387695312,8377116522,Solana
2025-09-25,192.38076782226562,212.4007568359375,192.08314514160156,211.75344848632812,12314273479,Solana
2025-09-26,205.35255432128906,205.415283203125,191.12664794921875,192.39796447753906,10334548744,Solana
2025-09-27,203.5833282470703,205.39913940429688,200.2690887451172,205.34518432617188,4016294139,Solana
2025-09-28,210.7377471923828,210.89622497558594,198.3204345703125,203.58323669433594,4467879569,Solana
2025-09-29,213.05340576171875,214.6881103515625,205.1308135986328,210.73973083496094,6886600486,Solana
2025-09-30,208.7431182861328,213.50680541992188,204.56564331054688,213.0449676513672,6873718512,Solana
2025-10-01,221.67587280273438,221.67587280273438,206.62066650390625,208.7422332763672,8264703260,Solana
2025-10-02,234.85687255859375,234.86058044433594,219.85984802246094,221.69473266601562,9665302715,Solana
2025-10-03,233.00196838378906,236.7911834716797,227.67674255371094,234.85398864746094,9289248668,Solana
2025-10-04,228.00320434570312,233.90084838867188,224.4738311767578,233.0009765625,4553115834,Solana
2025-10-05,228.6011962890625,236.77723693847656,226.89816284179688,228.00250244140625,7132874650,Solana
2025-10-06,232.5160369873047,237.32254028320312,227.998046875,228.60110473632812,7521265450,Solana
2025-10-07,220.4827117919922,235.08648681640625,220.45469665527344,232.5147705078125,9339230314,Solana
2025-10-08,229.10121154785156,229.5643310546875,218.18418884277344,220.4855499267578,7198664384,Solana
2025-10-09,220.99107360839844,229.31578063964844,217.19894409179688,229.0968780517578,7901186012,Solana
2025-10-10,188.6638641357422,224.25440979003906,174.06973266601562,220.99305725097656,16784427014,Solana
2025-10-11,178.05416870117188,190.87913513183594,173.75479125976562,188.63890075683594,12850012618,Solana
2025-10-12,197.508544921875,198.8739776611328,173.52139282226562,178.0561981201172,11797041281,Solana
2025-10-13,208.36729431152344,209.2491912841797,191.9441680908203,197.51219177246094,11469454798,Solana
2025-10-14,202.46034240722656,211.10504150390625,191.6710205078125,208.36355590820312,13600198608,Solana
2025-10-15,194.02186584472656,208.33116149902344,192.70005798339844,202.4618682861328,9867608882,Solana
2025-10-16,184.68894958496094,197.95574951171875,182.2513427734375,194.02186584472656,10042886154,Solana
2025-10-17,182.0347900390625,187.42857360839844,174.74417114257812,184.6862030029297,10401735741,Solana
2025-10-18,187.66029357910156,188.26788330078125,182.02398681640625,182.03616333007812,4108902789,Solana
2025-10-19,187.79820251464844,192.2006072998047,183.458251953125,187.66029357910156,4863227045,Solana
2025-10-20,189.75067138671875,194.34115600585938,184.046630859375,187.79830932617188,6103945646,Solana
2025-10-21,185.66627502441406,197.37448120117188,183.31324768066406,189.7620391845703,8186574439,Solana
2025-10-22,180.14813232421875,187.32662963867188,177.6731414794922,185.66732788085938,7337365275,Solana
2025-10-23,191.38827514648438,193.17556762695312,179.80087280273438,180.14813232421875,6358339771,Solana
2025-10-24,193.5602264404297,195.3123321533203,189.10888671875,191.3885955810547,5855077941,Solana
2025-10-25,194.04037475585938,195.08335876464844,191.60333251953125,193.56082153320312,3170047006,Solana
2025-10-26,200.02862548828125,200.6212158203125,192.1607666015625,194.03758239746094,4753310567,Solana
2025-10-27,198.74171447753906,205.02005004882812,197.59854125976562,200.02748107910156,6714497027,Solana
2025-10-28,194.4427947998047,203.83175659179688,191.38519287109375,198.74099731445312,8093133805,Solana
2025-10-29,194.41087341308594,201.6774444580078,190.6092071533203,194.43362426757812,8057327834,Solana
2025-10-30,184.62442016601562,198.0394744873047,179.2217254638672,194.40017700195312,8688393422,Solana
2025-10-31,187.20947265625,189.85353088378906,184.02078247070312,184.6289520263672,5699604751,Solana
2025-11-01,186.3800506591797,187.34556579589844,184.0620880126953,187.20925903320312,2742470897,Solana
2025-11-02,187.8259735107422,188.1415252685547,182.82925415039062,186.37965393066406,3213989849,Solana
2025-11-03,166.0906982421875,188.7412109375,163.5452880859375,187.8260498046875,10083921329,Solana
2025-11-04,155.40318298339844,168.20030212402344,146.7495574951172,166.0955352783203,11720472283,Solana
2025-11-05,162.56607055664062,163.65786743164062,147.89247131347656,155.3994598388672,7278004532,Solana
2025-11-06,155.06591796875,162.779296875,153.79432678222656,162.56338500976562,5543550041,Solana
2025-11-07,161.7081756591797,164.09254455566406,150.44387817382812,155.06640625,6565811742,Solana
2025-11-08,158.10250854492188,164.70510864257812,156.08547973632812,161.70852661132812,3777278818,Solana
2025-11-09,164.45384216308594,166.2310333251953,155.38453674316406,158.1029815673828,4538025398,Solana
2025-11-10,167.36700439453125,170.15528869628906,163.8563995361328,164.45126342773438,5424364139,Solana
2025-11-11,154.56832885742188,171.6073455810547,154.26486206054688,167.36734008789062,6202061657,Solana
2025-11-12,153.2620391845703,161.01406860351562,151.46876525878906,154.56333923339844,5979682267,Solana
2025-11-13,145.1084747314453,156.98609924316406,141.3976593017578,153.2600555419922,7354986019,Solana
2025-11-14,138.67660522460938,145.46722412109375,136.0413360595703,145.1084747314453,8170562276,Solana
2025-11-15,139.5352020263672,143.59059143066406,138.67660522460938,138.67660522460938,3449336899,Solana
2025-11-16,137.26573181152344,143.15945434570312,134.96566772460938,139.5326690673828,4722106857,Solana
2025-11-17,130.8482666015625,142.46754455566406,129.01918029785156,137.26535034179688,7330608944,Solana
2025-11-18,140.71438598632812,141.83172607421875,129.3094024658203,130.84869384765625,7400753648,Solana
2025-11-19,136.76695251464844,142.47825622558594,130.64390563964844,140.71438598632812,6005404886,Solana
2025-11-20,133.51715087890625,144.3306121826172,131.38912963867188,136.76776123046875,8497498957,Solana
2025-11-21,128.50050354003906,134.7876434326172,122.27206420898438,133.5139617919922,10081815694,Solana
2025-11-22,127.55120086669922,129.64389038085938,125.40487670898438,128.49856567382812,3490973210,Solana
2025-11-23,130.70506286621094,133.32691955566406,127.55113220214844,127.55113220214844,3820042054,Solana
2025-11-24,138.37135314941406,139.48390197753906,128.54151916503906,130.70603942871094,6046925667,Solana
2025-11-25,138.89114379882812,140.3466339111328,133.5081329345703,138.37889099121094,4512057787,Solana
2025-11-26,143.01219177246094,144.47103881835938,135.63246154785156,138.88987731933594,5361639551,Solana
2025-11-27,140.84640502929688,144.1732177734375,140.6957550048828,143.0125274658203,3419017564,Solana
2025-11-28,137.39019775390625,143.30421447753906,136.28543090820312,140.8464813232422,4865188881,Solana
2025-11-29,136.0817108154297,137.8857879638672,135.1206817626953,137.39064025878906,2428334173,Solana
2025-11-30,133.5648193359375,139.93711853027344,133.5648193359375,136.0821075439453,3123775023,Solana
2025-12-01,126.70902252197266,133.60720825195312,123.31387329101562,133.5648193359375,6212210725,Solana
2025-12-02,138.67420959472656,140.66482543945312,126.1412582397461,126.7086181640625,6173683503,Solana
2025-12-03,144.89849853515625,145.73007202148438,137.94105529785156,138.673095703125,5809364566,Solana
2025-12-04,139.0145263671875,146.7203826904297,138.0679931640625,144.89154052734375,4304817495,Solana
2025-12-05,133.322998046875,140.3798828125,131.1352996826172,139.01397705078125,4557254539,Solana
2025-12-06,132.34844970703125,134.06983947753906,131.50657653808594,133.32437133789062,2061286212,Solana
2025-12-07,132.09356689453125,136.23268127441406,128.2851104736328,132.34986877441406,3824892147,Solana
2025-12-08,133.27822875976562,139.2073516845703,131.67465209960938,132.0959930419922,4710407082,Solana
2025-12-09,137.901611328125,144.74278259277344,131.8707275390625,133.27833557128906,5869893316,Solana
2025-12-10,136.46902465820312,142.44235229492188,135.8628692626953,137.90609741210938,5949930252,Solana
2025-12-11,136.37156677246094,137.67807006835938,129.38401794433594,136.46376037597656,5833676784,Solana
2025-12-12,132.3242950439453,139.98731994628906,130.67987060546875,136.36993408203125,5282060650,Solana
2025-12-13,133.24746704101562,134.24513244628906,131.98580932617188,132.32403564453125,2024059188,Solana
2025-12-14,129.48109436035156,133.5909881591797,128.9016571044922,133.24761962890625,2489001258,Solana
2025-12-15,127.75711822509766,134.71762084960938,123.998046875,129.48333740234375,5120043768,Solana
2025-12-16,129.25120544433594,129.9452667236328,125.45384979248047,127.75730895996094,3918682307,Solana
2025-12-17,123.11980438232422,133.4417724609375,121.55805206298828,129.25282287597656,5452646038,Solana
2025-12-18,119.57015228271484,128.76417541503906,117.31623077392578,123.12610626220703,5835673225,Solana
2025-12-19,126.1927490234375,127.5052261352539,117.79812622070312,119.57015228271484,5045203467,Solana
2025-12-20,125.80903625488281,126.76323699951172,125.39103698730469,126.19405364990234,1703857955,Solana
2025-12-21,125.99150085449219,126.45636749267578,123.60157775878906,125.81024169921875,2335972346,Solana
2025-12-22,125.80123138427734,128.38507080078125,124.4066162109375,125.99151611328125,3657779407,Solana
2025-12-23,123.85721588134766,126.73116302490234,122.32801818847656,125.80123138427734,3084149409,Solana
2025-12-24,122.45860290527344,124.10684204101562,120.78385925292969,123.85684204101562,2313559221,Solana
2025-12-25,119.9471206665039,124.19391632080078,119.90099334716797,122.45835876464844,2194207451,Solana
2025-12-26,122.19595336914062,124.92918395996094,119.57316589355469,119.94737243652344,3779508002,Solana
2025-12-27,124.64771270751953,124.74816131591797,121.86039733886719,122.19612121582031,1711358748,Solana
2025-12-28,125.19935607910156,125.21761322021484,123.07058715820312,124.6484146118164,2003713687,Solana
2025-12-29,123.12522888183594,129.30441284179688,122.42872619628906,125.19874572753906,4871847248,Solana
2025-12-30,124.93132019042969,126.19066619873047,122.53900146484375,123.1244888305664,3096711898,Solana
2025-12-31,124.48446655273438,127.11942291259766,123.46351623535156,124.93132019042969,3627228070,Solana
2026-01-01,126.76112365722656,126.98711395263672,124.0515365600586,124.4847412109375,2461653813,Solana
2026-01-02,132.1336669921875,132.98789978027344,125.79122161865234,126.76112365722656,4508641946,Solana
2026-01-03,133.29847717285156,133.60838317871094,129.93521118164062,132.13339233398438,2477037555,Solana
2026-01-04,133.8996124267578,135.35447692871094,133.22732543945312,133.2982177734375,2982580991,Solana
2026-01-05,137.98997497558594,139.63558959960938,133.34866333007812,133.9026336669922,5200675282,Solana
2026-01-06,141.09841918945312,143.0365753173828,136.3661346435547,137.9898223876953,5874437271,Solana
2026-01-07,136.31301879882812,141.0989227294922,134.6916046142578,141.0961151123047,3910044770,Solana
2026-01-08,138.29342651367188,139.83444213867188,132.82118225097656,136.31301879882812,4776764584,Solana
2026-01-09,135.7563934326172,140.8950653076172,135.04872131347656,138.29727172851562,5002612595,Solana
2026-01-10,135.7270050048828,136.81883239746094,135.29322814941406,135.75704956054688,1631651535,Solana
2026-01-11,139.49046325683594,141.0433807373047,135.6405029296875,135.72767639160156,3148787073,Solana
2026-01-12,139.1361846923828,143.9115753173828,138.42050170898438,139.49087524414062,6095296933,Solana
2026-01-13,145.36087036132812,147.30531311035156,137.80845642089844,139.13543701171875,6784244711,Solana
2026-01-14,146.7528076171875,148.21600341796875,143.52069091796875,145.36163330078125,6358680886,Solana
2026-01-15,142.3324432373047,146.76199340820312,141.03555297851562,146.75563049316406,4616638822,Solana
2026-01-16,144.8604736328125,145.3809814453125,140.43679809570312,142.3328857421875,3652609587,Solana
2026-01-17,143.72567749023438,144.8657684326172,143.57345581054688,144.8601531982422,1900249993,Solana
2026-01-18,137.99542236328125,143.82252502441406,137.9600372314453,143.72593688964844,2984193864,Solana
2026-01-19,133.3386993408203,137.99765014648438,132.81777954101562,137.99720764160156,5018545520,Solana
2026-01-20,125.70572662353516,134.38629150390625,125.67015838623047,133.33859252929688,5647782627,Solana
2026-01-21,129.3790740966797,131.8393096923828,125.58707427978516,125.70572662353516,5435243612,Solana
2026-01-22,128.28834533691406,130.49163818359375,126.85424041748047,129.3789520263672,3212054901,Solana
2026-01-23,127.36157989501953,129.72862243652344,125.3766098022461,128.28851318359375,3766000022,Solana
2026-01-24,127.05381774902344,127.90245056152344,126.56280517578125,127.363037109375,1620566908,Solana
2026-01-25,118.77285766601562,127.22686004638672,117.57979583740234,127.05250549316406,5349293195,Solana
2026-01-26,124.13972473144531,125.06038665771484,118.6618423461914,118.77265167236328,4273720547,Solana
2026-01-27,127.05479431152344,127.62338256835938,123.04519653320312,124.13898468017578,3683537052,Solana
2026-01-28,125.11844635009766,127.9662857055664,124.89337921142578,127.0533218383789,3544660044,Solana
2026-01-29,117.60576629638672,125.18667602539062,115.41664123535156,125.11925506591797,6044075471,Solana
2026-01-30,117.363037109375,118.86773681640625,112.96723175048828,117.60324096679688,6818716389,Solana
2026-01-31,105.441650390625,118.61029052734375,99.98045349121094,117.36463165283203,9542017060,Solana
2026-02-01,100.85052490234375,106.20301818847656,98.52946472167969,105.44039916992188,5440089988,Solana
2026-02-02,104.47115325927734,105.69131469726562,96.42904663085938,100.8449478149414,6949524331,Solana
2026-02-03,97.56390380859375,104.91223907470703,96.8131332397461,104.47044372558594,5824450887,Solana
2026-02-04,92.02930450439453,99.45185852050781,89.66161346435547,97.56403350830078,7163239530,Solana
2026-02-05,78.18741607666016,92.90266418457031,77.77494049072266,92.02930450439453,10561367080,Solana
2026-02-06,87.46477508544922,89.50743865966797,68.69181823730469,78.18553161621094,11668451362,Solana
2026-02-07,87.63983154296875,89.0591812133789,84.32820892333984,87.4673080444336,5200795827,Solana
2026-02-08,87.04410552978516,88.67376708984375,85.87124633789062,87.63983154296875,3068974562,Solana
2026-02-09,86.7017822265625,88.4691162109375,82.9388427734375,87.04224395751953,4074999909,Solana
2026-02-10,82.91548156738281,87.34439086914062,81.989990234375,86.70360565185547,2879051689,Solana
2026-02-11,79.2542495727539,84.22687530517578,78.39973449707031,82.91615295410156,4305057649,Solana
2026-02-12,78.34844207763672,82.10655975341797,76.66899108886719,79.25389862060547,3687924145,Solana
2026-02-13,84.32254028320312,85.46414184570312,77.61656951904297,78.34674072265625,3663739655,Solana
2026-02-14,88.16083526611328,88.80354309082031,84.23580932617188,84.32231140136719,2954230209,Solana
2026-02-15,86.00509643554688,91.07579040527344,85.0082015991211,88.16121673583984,4172988583,Solana
2026-02-16,86.42878723144531,86.67033386230469,82.7319107055664,86.00759887695312,3523436883,Solana
2026-02-17,85.1976089477539,87.5501708984375,83.13166046142578,86.4288330078125,3175385366,Solana
2026-02-18,81.56694793701172,85.85118865966797,80.5713119506836,85.19692993164062,3282222779,Solana
2026-02-19,82.39324951171875,82.57433319091797,79.75370025634766,81.56705474853516,2887552822,Solana
2026-02-20,84.6351089477539,85.26191711425781,81.85164642333984,82.39338684082031,3866512374,Solana
2026-02-21,85.21113586425781,86.6406478881836,84.02863311767578,84.63516998291016,2020472698,Solana
2026-02-22,82.79097747802734,85.48234558105469,82.55017852783203,85.21121978759766,2030721314,Solana
2026-02-23,77.7533187866211,82.78715515136719,77.27669525146484,82.78715515136719,4967335032,Solana
2026-02-24,79.0365219116211,79.57894897460938,76.02326965332031,77.7544174194336,3622232562,Solana
2026-02-25,87.91560363769531,91.04756927490234,78.80804443359375,79.0365219116211,5782225888,Solana
2026-02-26,85.90911865234375,89.1194076538086,84.5010986328125,87.9095687866211,4154129610,Solana
2026-02-27,81.95148468017578,88.04073333740234,80.9331283569336,85.90913391113281,3859172094,Solana
2026-02-28,84.36618041992188,85.25884246826172,77.44635772705078,81.9506607055664,4761528427,Solana
2026-03-01,83.5776596069336,88.65435028076172,81.84449005126953,84.36634826660156,4665364489,Solana
2026-03-02,86.634521484375,89.88912200927734,82.49097442626953,83.57645416259766,5455789912,Solana
2026-03-03,87.0197525024414,87.32257080078125,82.87655639648438,86.63624572753906,4835947541,Solana
2026-03-04,90.83426666259766,93.82653045654297,84.94286346435547,87.01956939697266,6907739136,Solana
2026-03-05,88.69110870361328,92.78878784179688,88.00936889648438,90.83426666259766,4462211662,Solana
2026-03-06,84.68180084228516,89.24493408203125,83.7433090209961,88.69347381591797,3739561333,Solana
2026-03-07,83.1799545288086,85.00260162353516,82.49453735351562,84.68055725097656,1916017174,Solana
2026-03-08,81.62458801269531,84.05389404296875,80.71095275878906,83.18003845214844,2686950610,Solana
2026-03-09,84.93617248535156,86.91543579101562,81.59979248046875,81.62455749511719,4216355210,Solana
2026-03-10,85.83822631835938,88.63069152832031,84.92603302001953,84.93749237060547,4341777505,Solana
2026-03-11,86.56493377685547,87.83213806152344,84.45158386230469,85.8381576538086,3960189193,Solana
2026-03-12,86.86779022216797,87.5905990600586,84.81645202636719,86.56668090820312,3741395035,Solana
2026-03-13,88.15328979492188,92.88053131103516,86.81328582763672,86.86770629882812,5722483290,Solana
2026-03-14,88.07068634033203,88.67119598388672,86.63023376464844,88.15412902832031,2167169768,Solana
2026-03-15,92.25182342529297,92.99776458740234,87.49870300292969,88.0704345703125,3277177955,Solana
2026-03-16,96.22372436523438,97.41771697998047,91.24591827392578,92.25813293457031,6507301442,Solana
2026-03-17,94.70597076416016,96.74771881103516,93.32286071777344,96.22423553466797,4239635773,Solana
2026-03-18,90.06571960449219,95.53937530517578,88.81206512451172,94.70464324951172,4331839385,Solana
2026-03-19,88.9178466796875,91.22755432128906,87.19413757324219,90.06442260742188,3654219084,Solana
2026-03-20,89.85356903076172,90.23690795898438,88.241943359375,88.91725158691406,3090719128,Solana
2026-03-21,87.46537017822266,90.76116943359375,87.44123840332031,89.8543701171875,1903136993,Solana
2026-03-22,86.12834930419922,89.047119140625,85.29344940185547,87.46663665771484,2979255573,Solana
2026-03-23,91.42407989501953,92.16435241699219,85.25033569335938,86.12869262695312,5416789599,Solana
2026-03-24,90.82242584228516,92.150390625,88.48899841308594,91.42520904541016,4147126404,Solana
2026-03-25,91.70822143554688,93.26300811767578,90.80261993408203,90.82242584228516,3750957246,Solana
2026-03-26,86.44393157958984,91.89579772949219,85.51251220703125,91.70822143554688,4280339140,Solana
2026-03-27,83.01882934570312,86.91437530517578,82.04327392578125,86.4457015991211,3694287477,Solana
2026-03-28,82.0156021118164,84.05540466308594,81.86953735351562,83.0184555053711,2278504599,Solana
2026-03-29,81.42240142822266,83.07173919677734,79.57503509521484,82.01568603515625,2398386905,Solana
2026-03-30,82.44405364990234,84.7214126586914,81.19849395751953,81.42201232910156,3987544544,Solana
2026-03-31,83.10646057128906,84.22917938232422,80.2129135131836,82.44381713867188,4833199759,Solana
2026-04-01,81.19525909423828,86.39097595214844,80.93441009521484,83.10919952392578,5093477642,Solana
2026-04-02,78.9513168334961,81.70182037353516,76.81694030761719,81.19540405273438,4928225665,Solana
2026-04-03,80.36854553222656,80.56055450439453,78.91806030273438,78.9513168334961,2994787677,Solana
2026-04-04,80.80838012695312,81.29010009765625,79.74375915527344,80.3687515258789,2127989928,Solana
2026-04-05,81.8544921875,81.96971893310547,78.60292053222656,80.80895233154297,2423711503,Solana
2026-04-06,80.15157318115234,82.87333679199219,79.73141479492188,81.8546371459961,3541988994,Solana
2026-04-07,85.64801025390625,86.81489562988281,78.43101501464844,80.14375305175781,5460070540,Solana
2026-04-08,82.58169555664062,85.80680847167969,82.34860229492188,85.64922332763672,4682919248,Solana
2026-04-09,83.2977294921875,85.60839080810547,81.54859924316406,82.58191680908203,4470806838,Solana
2026-04-10,84.82847595214844,85.48262786865234,82.76587677001953,83.2974853515625,12723244529,Solana
2026-04-11,84.94876861572266,86.18183135986328,83.98721313476562,84.82858276367188,11558630681,Solana
2026-04-12,81.53523254394531,84.9939193725586,81.40650939941406,84.94941711425781,3897286488,Solana
2026-04-13,86.65656280517578,86.6780014038086,81.50765991210938,81.53523254394531,4977932541,Solana
2026-04-14,83.77462768554688,87.5316162109375,83.3962173461914,86.65412139892578,5728418790,Solana
2026-04-15,84.9193344116211,85.57784271240234,82.74671936035156,83.77422332763672,4650021670,Solana
2026-04-16,88.99420928955078,90.37765502929688,84.20401000976562,84.91986083984375,6215173056,Solana
2026-04-17,88.87416076660156,90.66972351074219,87.43824005126953,88.99522399902344,6454981141,Solana
2026-04-18,86.20271301269531,89.15110778808594,85.94215393066406,88.87432861328125,3619028688,Solana
2026-04-19,83.58094787597656,87.0755844116211,83.17298126220703,86.2026138305664,4429065589,Solana
2026-04-20,85.33295440673828,86.16846466064453,83.4819107055664,83.5799560546875,4326731566,Solana
2026-04-21,86.02946472167969,86.7049789428711,84.42058563232422,85.33198547363281,4083758344,Solana
2026-04-22,86.91582489013672,89.2636947631836,86.02729797363281,86.02954864501953,5098022834,Solana
2026-04-23,86.14105987548828,87.0466537475586,84.62688446044922,86.91651916503906,4738760145,Solana
2026-04-24,86.23188018798828,86.92535400390625,85.07626342773438,86.14019012451172,3681485520,Solana
2026-04-25,86.15117645263672,86.7752456665039,85.6143569946289,86.23165130615234,2482382785,Solana
2026-04-26,86.97038269042969,87.12043762207031,85.90538024902344,86.15117645263672,2965743271,Solana
2026-04-27,84.81778717041016,88.04618072509766,83.8490219116211,86.97071838378906,4759031980,Solana
2026-04-28,84.03897857666016,84.90164184570312,83.04501342773438,84.81807708740234,3290032033,Solana
2026-04-29,83.02687072753906,85.510009765625,81.62645721435547,84.0380630493164,4529973017,Solana
2026-04-30,83.02375793457031,83.93118286132812,82.27413177490234,83.0271224975586,3355884138,Solana
2026-05-01,83.72350311279297,84.72229766845703,83.0185317993164,83.02366638183594,3514127644,Solana
2026-05-02,84.276611328125,84.81966400146484,83.51140594482422,83.72327423095703,2492556942,Solana
2026-05-03,83.89957427978516,84.76557159423828,83.59339141845703,84.27677917480469,2703436374,Solana
2026-05-04,84.08985900878906,85.80261993408203,83.36557006835938,83.89957427978516,5375059086,Solana
2026-05-05,86.3191909790039,86.894287109375,84.05145263671875,84.08901977539062,4431996628,Solana
2026-05-06,89.14501953125,89.89232635498047,86.13868713378906,86.31890106201172,5689603384,Solana
2026-05-07,88.40478515625,90.3149642944336,87.68258666992188,89.14566802978516,4791004890,Solana
2026-05-08,91.94982147216797,92.72510528564453,87.69198608398438,88.40478515625,4607631630,Solana
2026-05-09,93.14551544189453,94.03012084960938,91.89601135253906,91.94982147216797,3739835286,Solana
2026-05-10,96.42698669433594,96.81140899658203,92.64257049560547,93.14557647705078,4711429504,Solana
2026-05-11,97.35015106201172,98.26667785644531,94.4325180053711,96.42698669433594,5304012390,Solana
2026-05-12,94.28429412841797,97.61836242675781,93.642822265625,97.34989166259766,4206766577,Solana
2026-05-13,91.0854721069336,95.86444854736328,90.41958618164062,94.28395080566406,4567512131,Solana
2026-05-14,92.14872741699219,93.57910919189453,89.8965072631836,91.08574676513672,4117442304,Solana
2026-05-15,89.20035552978516,92.56310272216797,88.7619400024414,92.14762878417969,3954608210,Solana
2026-05-16,86.53648376464844,89.34794616699219,85.6948013305664,89.20050811767578,3093543960,Solana
2026-05-17,85.1729507446289,87.17208099365234,83.80232238769531,86.53648376464844,2900109291,Solana
2026-05-18,85.2968978881836,85.66810607910156,83.51810455322266,85.17218780517578,3814216398,Solana
2026-05-19,84.20860290527344,85.77772521972656,83.85479736328125,85.2970199584961,2746890424,Solana
2026-05-20,86.04193878173828,86.90013885498047,83.86244201660156,84.2085189819336,3466596442,Solana
2026-05-21,87.15620422363281,87.78675842285156,85.3567886352539,86.04206085205078,3835849177,Solana
2026-05-22,84.30709075927734,87.66146087646484,84.03662109375,87.15680694580078,3382830764,Solana
2026-05-23,85.65848541259766,87.14362335205078,81.69161987304688,84.30712127685547,4032785357,Solana
2026-05-24,85.24969482421875,86.76220703125,83.82029724121094,85.65848541259766,3092213910,Solana
2026-05-25,85.01050567626953,86.36697387695312,84.72305297851562,85.24903106689453,2786627394,Solana
2026-05-26,83.58651733398438,85.98423767089844,83.1919174194336,85.00969696044922,3652722719,Solana
2026-05-27,82.36812591552734,84.56281280517578,82.0627212524414,83.5865707397461,3313099113,Solana
2026-05-28,81.98542785644531,82.8121337890625,80.04185485839844,82.36811065673828,3669754717,Solana
2026-05-29,81.93248748779297,83.04985046386719,80.35662078857422,81.9854507446289,3340907091,Solana
2026-05-30,82.54729461669922,82.98881530761719,81.82415008544922,81.93290710449219,2257737109,Solana
2026-05-31,82.29830169677734,83.21792602539062,81.3418197631836,82.54814910888672,2207975455,Solana
2026-06-01,81.08702087402344,82.88072204589844,79.1003189086914,82.29805755615234,3764320653,Solana
2026-06-02,74.14286041259766,81.14237976074219,72.87040710449219,81.08702087402344,4479904038,Solana
2026-06-03,71.61238098144531,75.54337310791016,70.97111511230469,74.14256286621094,4320073081,Solana
2026-06-04,68.71892547607422,71.96021270751953,67.52440643310547,71.61207580566406,5532042136,Solana
2026-06-05,63.486942291259766,68.92997741699219,61.588035583496094,68.71894073486328,6580342268,Solana
2026-06-06,62.18980407714844,64.79163360595703,60.41471862792969,63.4875602722168,3098233389,Solana
2026-06-07,66.31063079833984,67.44498443603516,62.002479553222656,62.189266204833984,2721563824,Solana
2026-06-08,66.79495239257812,67.96731567382812,65.0238265991211,66.3108139038086,2829739169,Solana
2026-06-09,64.9620590209961,67.38933563232422,63.63323211669922,66.79525756835938,2794618813,Solana
2026-06-10,63.160953521728516,65.40795135498047,62.37593078613281,64.96215057373047,2771122697,Solana
2026-06-11,66.82200622558594,67.20780944824219,63.15878677368164,63.16065216064453,2584434257,Solana
2026-06-12,66.74927520751953,68.68759155273438,65.94096374511719,66.82258605957031,2496073408,Solana
2026-06-13,68.87278747558594,69.4537582397461,66.64533233642578,66.75007629394531,1473600629,Solana
2026-06-14,71.16618347167969,71.18206024169922,66.97917938232422,68.87287139892578,1618939393,Solana
2026-06-15,73.97933197021484,75.93878936767578,70.76821899414062,71.16622924804688,2855926507,Solana
2026-06-16,73.41378784179688,75.4468002319336,72.47508239746094,73.979248046875,2180655774,Solana
2026-06-17,71.93098449707031,74.37615966796875,71.05014038085938,73.41378784179688,2589799897,Solana
2026-06-18,69.62649536132812,72.54530334472656,68.30553436279297,71.93000793457031,2261568852,Solana
2026-06-19,69.7206039428711,69.98245239257812,67.91853332519531,69.62493896484375,1724372055,Solana
2026-06-20,73.17265319824219,74.11849975585938,69.47498321533203,69.72179412841797,2008492615,Solana
2026-06-21,72.41815948486328,74.50792694091797,72.38007354736328,73.17269134521484,1920143205,Solana
2026-06-22,71.90816497802734,74.89154052734375,71.63517761230469,72.41764831542969,2409081243,Solana
2026-06-23,69.64368438720703,71.9219970703125,68.33940124511719,71.90752410888672,2072312842,Solana
2026-06-24,67.98249816894531,70.22642517089844,64.83097839355469,69.6436767578125,3271251788,Solana
2026-06-25,67.57408905029297,69.4368896484375,64.41836547851562,67.98225402832031,3473874338,Solana
2026-06-26,71.83538055419922,73.7033462524414,65.920654296875,67.57408905029297,4463148306,Solana
2026-06-27,70.41069793701172,73.01641082763672,70.38837432861328,71.83490753173828,1872823921,Solana
2026-06-28,71.31294250488281,72.04798889160156,69.83883666992188,70.41077423095703,1793569190,Solana
2026-06-29,74.94681549072266,75.92020416259766,70.50906372070312,71.31309509277344,4009589866,Solana
2026-06-30,73.52330780029297,75.05793762207031,71.91878509521484,74.94664764404297,2808926983,Solana
2026-07-01,77.38370513916016,78.61175537109375,72.5937271118164,73.52627563476562,3886778163,Solana
2026-07-02,80.64398193359375,82.5986557006836,76.9002685546875,77.38359069824219,4145904986,Solana
2026-07-03,82.28005981445312,82.95433807373047,80.34859466552734,80.64398193359375,2166541336,Solana
2026-07-04,81.6496353149414,83.80886840820312,81.36467742919922,82.28022003173828,2119524835,Solana
2026-07-05,81.42304229736328,82.21096801757812,79.73486328125,81.64923858642578,1773256119,Solana
2026-07-06,81.91517639160156,83.05941772460938,79.2204818725586,81.42499542236328,2786913228,Solana
2026-07-07,80.6487045288086,82.6734390258789,80.46250915527344,81.9156723022461,2279589175,Solana
2026-07-08,77.78702545166016,80.68988037109375,76.25662994384766,80.6482162475586,2467047352,Solana
2026-07-09,78.04546356201172,78.58692932128906,76.84323120117188,77.7870101928711,1792200591,Solana
2026-07-10,78.06661224365234,79.552490234375,77.29653930664062,78.04427337646484,2145859531,Solana
2026-07-11,76.82416534423828,78.716552734375,76.8143539428711,78.06732940673828,1454994477,Solana
2026-07-12,76.87384033203125,77.6579360961914,75.7974853515625,76.82418823242188,1385994112,Solana
2026-07-13,74.86138916015625,78.02100372314453,74.16178131103516,76.87406158447266,1940829057,Solana
2026-07-14,77.76244354248047,77.81726837158203,74.55088806152344,74.86170196533203,2122308075,Solana
2026-07-15,77.26406860351562,78.8773422241211,77.05978393554688,77.76290893554688,2085836919,Solana
2026-07-16,75.27197265625,77.43384552001953,75.03547668457031,77.26362609863281,1794252183,Solana
2026-07-17,75.0115966796875,75.63973236083984,73.40169525146484,75.27239227294922,1654645230,Solana
2026-07-18,75.46090698242188,75.55998992919922,74.53146362304688,75.00988006591797,889545169,Solana
2026-07-19,76.35526275634766,76.58616638183594,75.43280792236328,75.46100616455078,1306988109,Solana
2026-07-20,77.79191589355469,78.19161224365234,75.55673217773438,76.35409545898438,2188464392,Solana
2026-07-21,78.10860443115234,78.7259521484375,77.56338500976562,77.7923812866211,1592514558,Solana
2026-07-22,77.90626525878906,78.70796966552734,76.99382019042969,78.10875701904297,1695110149,Solana
2026-07-23,75.85980224609375,78.45469665527344,75.46961212158203,77.90589141845703,1579075500,Solana
2026-07-24,73.87991333007812,76.27669525146484,73.46923065185547,75.85990905761719,1659258809,Solana
2026-07-25,74.4285659790039,74.64422607421875,73.61634063720703,73.88034057617188,879280475,Solana
2026-07-26,76.60216522216797,76.9161605834961,74.42886352539062,74.42887878417969,1070329957,Solana
2026-07-27,74.141845703125,77.37088775634766,73.82536315917969,76.6031265258789,1866082368,Solana
2026-07-28,73.69912719726562,74.42768096923828,72.3792724609375,74.14334869384766,1901784233,Solana
2026-07-29,73.59720611572266,74.40301513671875,72.3996810913086,73.70181274414062,1911038318,Solana
2026-07-30,74.46800231933594,74.85637664794922,73.08580780029297,73.59806060791016,1435786109,Solana
2026-07-31,72.78968048095703,75.11493682861328,72.65089416503906,74.46890258789062,1582701858,Solana
2026-08-01,71.86627960205078,73.11865234375,70.6942138671875,72.78939819335938,1163302717,Solana
2026-08-02,73.44882202148438,74.09449005126953,71.86648559570312,71.86648559570312,1052914463,Solana
2026-08-03,73.47370147705078,74.11248779296875,71.959716796875,73.45074462890625,1450637712,Solana
2026-08-04,73.71775817871094,74.34225463867188,73.00811004638672,73.47379302978516,1454644591,Solana
2026-08-05,73.96138000488281,74.64229583740234,73.28363037109375,73.71784973144531,1749454360,Solana
2026-08-06,72.57652282714844,74.21630859375,72.30938720703125,73.96202850341797,1489469428,Solana
2026-08-07,73.64265441894531,74.23199462890625,72.46678161621094,72.57699584960938,1652529951,Solana
2026-08-08,75.97223663330078,76.61744689941406,73.56792449951172,73.6425552368164,1505941284,Solana
2026-08-09,76.21212768554688,77.61698150634766,75.73880767822266,75.97233581542969,1166793770,Solana
2026-08-10,75.94520568847656,77.01038360595703,75.58626556396484,76.21320343017578,1496390290,Solana
2026-08-11,76.19506072998047,76.54029083251953,74.66185760498047,75.9465103149414,1440764130,Solana
2026-08-12,75.5254898071289,76.99951171875,75.36260223388672,76.19635772705078,1317223755,Solana
2026-08-13,76.17732238769531,76.50263977050781,75.07923889160156,75.52593231201172,1229603276,Solana
2026-08-14,75.32730865478516,76.2370834350586,74.66978454589844,76.17520904541016,1141924174,Solana
2026-08-15,75.27230072021484,75.64248657226562,74.99343872070312,75.32775115966797,674624941,Solana
2026-08-16,74.53901672363281,75.59960174560547,74.20420837402344,75.27239990234375,754939968,Solana
2026-08-17,75.9440689086914,76.1190414428711,74.39868927001953,74.53902435302734,1367560466,Solana
2026-08-18,77.03120422363281,77.28145599365234,75.18598937988281,75.94358825683594,1532779241,Solana
2026-08-19,85.37448120117188,86.89724731445312,76.6189956665039,77.03154754638672,4534447560,Solana
2026-08-20,87.6369400024414,87.89700317382812,84.08366394042969,85.37183380126953,4371687960,Solana
2026-08-21,93.65361022949219,94.74337768554688,87.60498809814453,87.63804626464844,7161166024,Solana
2026-08-22,93.91252899169922,101.75000762939453,91.28316497802734,93.6584701538086,8719705613,Solana
2026-08-23,95.44223022460938,96.62347412109375,91.81587982177734,93.91322326660156,4711237515,Solana
2026-08-24,98.5616683959961,98.65320587158203,93.33456420898438,95.44103240966797,5841862285,Solana
2026-08-25,96.6035385131836,102.58708953857422,96.05950927734375,98.558837890625,6535134478,Solana
2026-08-26,102.16743469238281,102.28263854980469,95.2346420288086,96.60279846191406,3573894029,Solana
2026-08-27,109.20824432373047,110.03900146484375,100.63220977783203,102.163818359375,7155838121,Solana
2026-08-28,104.126953125,109.91187286376953,102.58251190185547,109.20793151855469,6006683790,Solana
2026-08-29,105.65202331542969,105.76616668701172,103.14342498779297,104.12696075439453,2051847724,Solana
2026-08-30,101.87669372558594,107.3084716796875,100.69129943847656,105.65214538574219,2856461629,Solana
2026-08-31,102.99690246582031,104.82479095458984,100.98350524902344,101.875732421875,3072699027,Solana
2026-09-01,99.98687744140625,104.29521942138672,98.51537322998047,102.99818420410156,3212628309,Solana
2026-09-02,100.3856201171875,100.5806884765625,97.45088195800781,99.98672485351562,2681164773,Solana
2026-09-03,103.97835540771484,105.50759887695312,99.4423828125,100.38726043701172,4006843685,Solana
2026-09-04,101.9494857788086,104.58451080322266,100.56633758544922,103.9779052734375,3323635657,Solana
2026-09-05,103.18762969970703,104.2466049194336,101.6900405883789,101.94972229003906,2183017785,Solana
2026-09-06,106.4476318359375,107.116455078125,103.17562103271484,103.18824005126953,3636915298,Solana
2026-09-07,103.8662338256836,106.84940338134766,103.11210632324219,106.44831848144531,3048619480,Solana
2026-09-08,103.32512664794922,104.650146484375,101.84962463378906,103.8661880493164,2815722796,Solana
2026-09-09,101.60806274414062,104.98393249511719,100.69060516357422,103.32490539550781,2975874780,Solana
2026-09-10,98.68991088867188,102.10133361816406,98.68991088867188,101.60813903808594,2724393615,Solana
2026-09-11,102.39624786376953,105.48805236816406,98.62586975097656,98.6902847290039,4430290675,Solana
2026-09-12,101.78559112548828,102.50067138671875,101.27464294433594,102.39570617675781,1515467936,Solana
2026-09-13,99.24577331542969,102.26318359375,99.23538970947266,101.78558349609375,1810208961,Solana
2026-09-14,102.49505615234375,104.66559600830078,99.07793426513672,99.25003814697266,3056074624,Solana
2026-09-15,96.88836669921875,102.74225616455078,96.3935317993164,102.49525451660156,3727168281,Solana
2026-09-16,98.64186096191406,98.7246322631836,96.22552490234375,96.88912200927734,3172832119,Solana
2026-09-17,101.6033935546875,101.83881378173828,98.4560317993164,98.63709259033203,2985379034,Solana
2026-09-18,112.5992202758789,114.05921173095703,100.9478530883789,101.60353088378906,6481095369,Solana
2026-09-19,111.01493835449219,113.73841857910156,110.13224029541016,112.59785461425781,2988170676,Solana
2026-09-20,111.1329116821289,111.24195098876953,107.53234100341797,111.01461029052734,3209670387,Solana
2026-09-21,118.75012969970703,119.80717468261719,110.96224212646484,111.12926483154297,6854063256,Solana
2026-09-22,118.5074234008789,119.2859115600586,115.62030029296875,118.75113677978516,4713746303,Solana
2026-09-23,114.97534942626953,119.62113189697266,113.3078842163086,118.5097427368164,5299051131,Solana
2026-09-24,117.00911712646484,117.6060562133789,112.83660888671875,114.97523498535156,3949288140,Solana
2026-09-25,122.0097427368164,122.74842834472656,115.94450378417969,117.00987243652344,6073934976,Solana
2026-09-26,121.42564392089844,122.24577331542969,119.8941421508789,122.00957489013672,2607847014,Solana
2026-09-27,122.05870056152344,124.61737823486328,120.13606262207031,121.4256591796875,3640855654,Solana
2026-09-28,118.83673095703125,122.72016906738281,117.35467529296875,122.05738830566406,3960586898,Solana
2026-09-29,119.05546569824219,121.49431610107422,116.52644348144531,118.83621978759766,3528143156,Solana
2026-09-30,117.99481201171875,122.52479553222656,117.22755432128906,119.0554428100586,4311290678,Solana
2026-10-01,118.31999969482422,119.4828109741211,116.86585235595703,118.005615234375,3264198400,Solana
