Date,Close,High,Low,Open,Volume,Activo
2021-01-04,3700.64990234375,3769.989990234375,3662.7099609375,3764.610107421875,5015000000,S&P_500
2021-01-05,3726.860107421875,3737.830078125,3695.070068359375,3698.02001953125,4591020000,S&P_500
2021-01-06,3748.139892578125,3783.0400390625,3705.340087890625,3712.199951171875,6064110000,S&P_500
2021-01-07,3803.7900390625,3811.550048828125,3764.7099609375,3764.7099609375,5099160000,S&P_500
2021-01-08,3824.679931640625,3826.68994140625,3783.60009765625,3815.050048828125,4773040000,S&P_500
2021-01-11,3799.610107421875,3817.860107421875,3789.02001953125,3803.139892578125,4465430000,S&P_500
2021-01-12,3801.18994140625,3810.780029296875,3776.510009765625,3801.6201171875,4994950000,S&P_500
2021-01-13,3809.840087890625,3820.9599609375,3791.5,3802.22998046875,4602510000,S&P_500
2021-01-14,3795.5400390625,3823.60009765625,3792.860107421875,3814.97998046875,5198480000,S&P_500
2021-01-15,3768.25,3788.72998046875,3749.6201171875,3788.72998046875,5369820000,S&P_500
2021-01-19,3798.909912109375,3804.530029296875,3780.3701171875,3781.8798828125,5014440000,S&P_500
2021-01-20,3851.85009765625,3859.75,3816.219970703125,3816.219970703125,4566190000,S&P_500
2021-01-21,3853.070068359375,3861.449951171875,3845.050048828125,3857.4599609375,4501760000,S&P_500
2021-01-22,3841.469970703125,3852.31005859375,3830.409912109375,3844.239990234375,5110890000,S&P_500
2021-01-25,3855.360107421875,3859.22998046875,3797.159912109375,3851.679931640625,7000840000,S&P_500
2021-01-26,3849.6201171875,3870.89990234375,3847.780029296875,3862.9599609375,6137500000,S&P_500
2021-01-27,3750.77001953125,3836.830078125,3732.47998046875,3836.830078125,9976520000,S&P_500
2021-01-28,3787.3798828125,3830.5,3755.75,3755.75,6992770000,S&P_500
2021-01-29,3714.239990234375,3778.050048828125,3694.1201171875,3778.050048828125,6643370000,S&P_500
2021-02-01,3773.860107421875,3784.320068359375,3725.6201171875,3731.169921875,5436230000,S&P_500
2021-02-02,3826.31005859375,3843.090087890625,3791.840087890625,3791.840087890625,5514090000,S&P_500
2021-02-03,3830.169921875,3847.510009765625,3816.679931640625,3840.27001953125,4864870000,S&P_500
2021-02-04,3871.739990234375,3872.419921875,3836.659912109375,3836.659912109375,4879240000,S&P_500
2021-02-05,3886.830078125,3894.56005859375,3874.929931640625,3878.300048828125,4879470000,S&P_500
2021-02-08,3915.590087890625,3915.77001953125,3892.590087890625,3892.590087890625,4648360000,S&P_500
2021-02-09,3911.22998046875,3918.35009765625,3902.639892578125,3910.489990234375,4568320000,S&P_500
2021-02-10,3909.8798828125,3931.5,3884.93994140625,3920.780029296875,4837070000,S&P_500
2021-02-11,3916.3798828125,3925.989990234375,3890.389892578125,3916.39990234375,4590960000,S&P_500
2021-02-12,3934.830078125,3937.22998046875,3905.780029296875,3911.64990234375,4135060000,S&P_500
2021-02-16,3932.590087890625,3950.429931640625,3923.85009765625,3939.610107421875,5058990000,S&P_500
2021-02-17,3931.330078125,3933.610107421875,3900.429931640625,3918.5,4730650000,S&P_500
2021-02-18,3913.969970703125,3921.97998046875,3885.030029296875,3915.860107421875,4793650000,S&P_500
2021-02-19,3906.7099609375,3930.409912109375,3903.070068359375,3921.159912109375,4845320000,S&P_500
2021-02-22,3876.5,3902.919921875,3874.7099609375,3885.550048828125,5917100000,S&P_500
2021-02-23,3881.3701171875,3895.97998046875,3805.590087890625,3857.070068359375,6296610000,S&P_500
2021-02-24,3925.429931640625,3928.64990234375,3859.60009765625,3873.7099609375,6012790000,S&P_500
2021-02-25,3829.340087890625,3925.02001953125,3814.0400390625,3915.800048828125,6547470000,S&P_500
2021-02-26,3811.14990234375,3861.080078125,3789.5400390625,3839.659912109375,6526070000,S&P_500
2021-03-01,3901.820068359375,3914.5,3842.510009765625,3842.510009765625,5114820000,S&P_500
2021-03-02,3870.2900390625,3906.409912109375,3868.570068359375,3903.639892578125,5536010000,S&P_500
2021-03-03,3819.719970703125,3874.469970703125,3818.860107421875,3863.989990234375,6173660000,S&P_500
2021-03-04,3768.469970703125,3843.669921875,3723.340087890625,3818.530029296875,7195400000,S&P_500
2021-03-05,3841.93994140625,3851.68994140625,3730.18994140625,3793.580078125,6851070000,S&P_500
2021-03-08,3821.35009765625,3881.06005859375,3819.25,3844.389892578125,5871710000,S&P_500
2021-03-09,3875.43994140625,3903.760009765625,3851.929931640625,3851.929931640625,5513560000,S&P_500
2021-03-10,3898.81005859375,3917.35009765625,3885.72998046875,3891.989990234375,5847380000,S&P_500
2021-03-11,3939.340087890625,3960.27001953125,3915.5400390625,3915.5400390625,5312880000,S&P_500
2021-03-12,3943.340087890625,3944.989990234375,3915.2099609375,3924.52001953125,4476280000,S&P_500
2021-03-15,3968.93994140625,3970.080078125,3923.5400390625,3942.9599609375,4900100000,S&P_500
2021-03-16,3962.7099609375,3981.0400390625,3953.43994140625,3973.590087890625,4613080000,S&P_500
2021-03-17,3974.1201171875,3983.8701171875,3935.739990234375,3949.570068359375,4561660000,S&P_500
2021-03-18,3915.4599609375,3969.6201171875,3910.860107421875,3953.5,5118590000,S&P_500
2021-03-19,3913.10009765625,3930.1201171875,3886.75,3913.139892578125,7757420000,S&P_500
2021-03-22,3940.590087890625,3955.31005859375,3914.159912109375,3916.47998046875,4316260000,S&P_500
2021-03-23,3910.52001953125,3949.1298828125,3901.570068359375,3937.60009765625,4669010000,S&P_500
2021-03-24,3889.139892578125,3942.080078125,3889.070068359375,3919.929931640625,4783020000,S&P_500
2021-03-25,3909.52001953125,3919.5400390625,3853.5,3879.340087890625,4948340000,S&P_500
2021-03-26,3974.5400390625,3978.18994140625,3917.1201171875,3917.1201171875,5483160000,S&P_500
2021-03-29,3971.090087890625,3981.830078125,3943.25,3969.31005859375,4628180000,S&P_500
2021-03-30,3958.550048828125,3968.010009765625,3944.35009765625,3963.340087890625,4121510000,S&P_500
2021-03-31,3972.889892578125,3994.409912109375,3966.97998046875,3967.25,4578050000,S&P_500
2021-04-01,4019.8701171875,4020.6298828125,3992.780029296875,3992.780029296875,4162130000,S&P_500
2021-04-05,4077.909912109375,4083.419921875,4034.43994140625,4034.43994140625,4005030000,S&P_500
2021-04-06,4073.93994140625,4086.22998046875,4068.139892578125,4075.570068359375,4081270000,S&P_500
2021-04-07,4079.949951171875,4083.1298828125,4068.31005859375,4074.2900390625,4120810000,S&P_500
2021-04-08,4097.169921875,4098.18994140625,4082.5400390625,4089.949951171875,3907100000,S&P_500
2021-04-09,4128.7998046875,4129.47998046875,4095.510009765625,4096.10986328125,3640390000,S&P_500
2021-04-12,4127.990234375,4131.759765625,4114.81982421875,4124.7099609375,3588900000,S&P_500
2021-04-13,4141.58984375,4148.0,4124.43017578125,4130.10009765625,3734720000,S&P_500
2021-04-14,4124.66015625,4151.68994140625,4120.8701171875,4141.580078125,3985350000,S&P_500
2021-04-15,4170.419921875,4173.490234375,4139.759765625,4139.759765625,4033420000,S&P_500
2021-04-16,4185.47021484375,4191.31005859375,4170.75,4174.14013671875,4163820000,S&P_500
2021-04-19,4163.259765625,4180.81005859375,4150.47021484375,4179.7998046875,3810290000,S&P_500
2021-04-20,4134.93994140625,4159.18017578125,4118.3798828125,4159.18017578125,4342650000,S&P_500
2021-04-21,4173.419921875,4175.02001953125,4126.35009765625,4128.419921875,3887250000,S&P_500
2021-04-22,4134.97998046875,4179.56982421875,4123.68994140625,4170.4599609375,4245140000,S&P_500
2021-04-23,4180.169921875,4194.169921875,4138.77978515625,4138.77978515625,3569880000,S&P_500
2021-04-26,4187.6201171875,4194.18994140625,4182.35986328125,4185.02978515625,3748320000,S&P_500
2021-04-27,4186.72021484375,4193.35009765625,4176.22021484375,4188.25,3710700000,S&P_500
2021-04-28,4183.18017578125,4201.52978515625,4181.77978515625,4185.14013671875,3787360000,S&P_500
2021-04-29,4211.47021484375,4218.77978515625,4176.81005859375,4206.14013671875,4298680000,S&P_500
2021-04-30,4181.169921875,4198.10009765625,4174.85009765625,4198.10009765625,4300880000,S&P_500
2021-05-03,4192.66015625,4209.39013671875,4188.02978515625,4191.97998046875,4070220000,S&P_500
2021-05-04,4164.66015625,4179.0400390625,4128.58984375,4179.0400390625,4452460000,S&P_500
2021-05-05,4167.58984375,4187.72021484375,4160.93994140625,4177.06005859375,4230920000,S&P_500
2021-05-06,4201.6201171875,4202.7001953125,4147.330078125,4169.14013671875,4511000000,S&P_500
2021-05-07,4232.60009765625,4238.0400390625,4201.64013671875,4210.33984375,4016080000,S&P_500
2021-05-10,4188.43017578125,4236.39013671875,4188.1298828125,4228.2900390625,4560700000,S&P_500
2021-05-11,4152.10009765625,4162.0400390625,4111.52978515625,4150.33984375,4870710000,S&P_500
2021-05-12,4063.0400390625,4134.72998046875,4056.8798828125,4130.5498046875,4733070000,S&P_500
2021-05-13,4112.5,4131.580078125,4074.989990234375,4074.989990234375,4779540000,S&P_500
2021-05-14,4173.85009765625,4183.1298828125,4129.580078125,4129.580078125,4008880000,S&P_500
2021-05-17,4163.2900390625,4171.919921875,4142.68994140625,4169.919921875,4125050000,S&P_500
2021-05-18,4127.830078125,4169.14990234375,4125.990234375,4165.93994140625,4398150000,S&P_500
2021-05-19,4115.68017578125,4116.93017578125,4061.409912109375,4098.4501953125,4247450000,S&P_500
2021-05-20,4159.1201171875,4172.7998046875,4121.97021484375,4121.97021484375,3978880000,S&P_500
2021-05-21,4155.85986328125,4188.72021484375,4151.72021484375,4168.60986328125,3995250000,S&P_500
2021-05-24,4197.0498046875,4209.52001953125,4170.16015625,4170.16015625,3684800000,S&P_500
2021-05-25,4188.1298828125,4213.419921875,4182.52001953125,4205.93994140625,4182250000,S&P_500
2021-05-26,4195.990234375,4202.60986328125,4184.10986328125,4191.58984375,4420890000,S&P_500
2021-05-27,4200.8798828125,4213.3798828125,4197.77978515625,4201.93994140625,6406310000,S&P_500
2021-05-28,4204.10986328125,4218.35986328125,4203.56982421875,4210.77001953125,4649250000,S&P_500
2021-06-01,4202.0400390625,4234.1201171875,4197.58984375,4216.52001953125,5074670000,S&P_500
2021-06-02,4208.1201171875,4217.3701171875,4198.27001953125,4206.81982421875,5833670000,S&P_500
2021-06-03,4192.85009765625,4204.39013671875,4167.93017578125,4191.43017578125,5587970000,S&P_500
2021-06-04,4229.89013671875,4233.4501953125,4206.0498046875,4206.0498046875,4139790000,S&P_500
2021-06-07,4226.52001953125,4232.33984375,4215.66015625,4229.33984375,4476920000,S&P_500
2021-06-08,4227.259765625,4236.740234375,4208.41015625,4233.81005859375,4659620000,S&P_500
2021-06-09,4219.5498046875,4237.08984375,4218.740234375,4232.990234375,4713260000,S&P_500
2021-06-10,4239.18017578125,4249.740234375,4220.33984375,4228.56005859375,4408210000,S&P_500
2021-06-11,4247.43994140625,4248.3798828125,4232.25,4242.89990234375,3815010000,S&P_500
2021-06-14,4255.14990234375,4255.58984375,4234.06982421875,4248.31005859375,4151200000,S&P_500
2021-06-15,4246.58984375,4257.16015625,4238.35009765625,4255.27978515625,4048940000,S&P_500
2021-06-16,4223.7001953125,4251.89013671875,4202.4501953125,4248.8701171875,4538350000,S&P_500
2021-06-17,4221.85986328125,4232.2900390625,4196.0498046875,4220.3701171875,5312680000,S&P_500
2021-06-18,4166.4501953125,4204.77978515625,4164.39990234375,4204.77978515625,6817010000,S&P_500
2021-06-21,4224.7900390625,4226.240234375,4173.39990234375,4173.39990234375,4128950000,S&P_500
2021-06-22,4246.43994140625,4255.83984375,4217.27001953125,4224.60986328125,3828390000,S&P_500
2021-06-23,4241.83984375,4256.60009765625,4241.43017578125,4249.27001953125,3730350000,S&P_500
2021-06-24,4266.490234375,4271.27978515625,4256.97021484375,4256.97021484375,3816660000,S&P_500
2021-06-25,4280.7001953125,4286.1201171875,4271.16015625,4274.4501953125,7341450000,S&P_500
2021-06-28,4290.60986328125,4292.14013671875,4274.669921875,4284.89990234375,4147890000,S&P_500
2021-06-29,4291.7998046875,4300.52001953125,4287.0400390625,4293.2099609375,3707150000,S&P_500
2021-06-30,4297.5,4302.43017578125,4287.9599609375,4290.64990234375,4266040000,S&P_500
2021-07-01,4319.93994140625,4320.66015625,4300.72998046875,4300.72998046875,3788230000,S&P_500
2021-07-02,4352.33984375,4355.43017578125,4326.60009765625,4326.60009765625,3225840000,S&P_500
2021-07-06,4343.5400390625,4356.4599609375,4314.3701171875,4356.4599609375,4309570000,S&P_500
2021-07-07,4358.1298828125,4361.8798828125,4329.7900390625,4351.009765625,4037380000,S&P_500
2021-07-08,4320.81982421875,4330.8798828125,4289.3701171875,4321.06982421875,4347500000,S&P_500
2021-07-09,4369.5498046875,4371.60009765625,4329.3798828125,4329.3798828125,3531120000,S&P_500
2021-07-12,4384.6298828125,4386.68017578125,4364.02978515625,4372.41015625,3384460000,S&P_500
2021-07-13,4369.2099609375,4392.3701171875,4366.919921875,4381.06982421875,3695430000,S&P_500
2021-07-14,4374.2998046875,4393.68017578125,4362.35986328125,4380.10986328125,4006370000,S&P_500
2021-07-15,4360.02978515625,4369.02001953125,4340.7001953125,4369.02001953125,3905230000,S&P_500
2021-07-16,4327.16015625,4375.08984375,4322.52978515625,4367.43017578125,3985700000,S&P_500
2021-07-19,4258.490234375,4296.39990234375,4233.1298828125,4296.39990234375,5157660000,S&P_500
2021-07-20,4323.06005859375,4336.83984375,4262.0498046875,4265.10986328125,4438270000,S&P_500
2021-07-21,4358.68994140625,4359.7001953125,4331.1298828125,4331.1298828125,3810280000,S&P_500
2021-07-22,4367.47998046875,4369.8701171875,4350.06005859375,4361.27001953125,3358300000,S&P_500
2021-07-23,4411.7900390625,4415.18017578125,4381.2001953125,4381.2001953125,4540070000,S&P_500
2021-07-26,4422.2998046875,4422.72998046875,4405.4501953125,4409.580078125,4275630000,S&P_500
2021-07-27,4401.4599609375,4416.3798828125,4372.509765625,4416.3798828125,4241950000,S&P_500
2021-07-28,4400.64013671875,4415.47021484375,4387.009765625,4402.9501953125,4215290000,S&P_500
2021-07-29,4419.14990234375,4429.97021484375,4403.58984375,4403.58984375,4044600000,S&P_500
2021-07-30,4395.259765625,4412.25,4389.64990234375,4395.1201171875,3956740000,S&P_500
2021-08-02,4387.16015625,4422.18017578125,4384.81005859375,4406.85986328125,3724090000,S&P_500
2021-08-03,4423.14990234375,4423.7900390625,4373.0,4392.740234375,3965190000,S&P_500
2021-08-04,4402.66015625,4416.169921875,4400.22998046875,4415.9501953125,4260760000,S&P_500
2021-08-05,4429.10009765625,4429.759765625,4408.85986328125,4408.85986328125,3769410000,S&P_500
2021-08-06,4436.52001953125,4440.81982421875,4429.06982421875,4429.06982421875,3451870000,S&P_500
2021-08-09,4432.35009765625,4439.39013671875,4424.740234375,4437.77001953125,3449280000,S&P_500
2021-08-10,4436.75,4445.2099609375,4430.02978515625,4435.7900390625,3886610000,S&P_500
2021-08-11,4442.41015625,4449.43994140625,4436.419921875,4442.18017578125,3532560000,S&P_500
2021-08-12,4460.830078125,4461.77001953125,4435.9599609375,4446.080078125,3375310000,S&P_500
2021-08-13,4468.0,4468.3701171875,4460.81982421875,4464.83984375,3016470000,S&P_500
2021-08-16,4479.7099609375,4480.259765625,4437.66015625,4461.64990234375,3370640000,S&P_500
2021-08-17,4448.080078125,4462.1201171875,4417.830078125,4462.1201171875,3836960000,S&P_500
2021-08-18,4400.27001953125,4454.31982421875,4397.58984375,4440.93994140625,3755590000,S&P_500
2021-08-19,4405.7998046875,4418.60986328125,4367.72998046875,4382.43994140625,4398410000,S&P_500
2021-08-20,4441.669921875,4444.35009765625,4406.7998046875,4410.56005859375,3652610000,S&P_500
2021-08-23,4479.52978515625,4489.8798828125,4450.2900390625,4450.2900390625,3576530000,S&P_500
2021-08-24,4486.22998046875,4492.81005859375,4482.27978515625,4484.39990234375,3979220000,S&P_500
2021-08-25,4496.18994140625,4501.7099609375,4485.66015625,4490.4501953125,3444700000,S&P_500
2021-08-26,4470.0,4495.89990234375,4468.990234375,4493.75,3263980000,S&P_500
2021-08-27,4509.3701171875,4513.330078125,4474.10009765625,4474.10009765625,3331200000,S&P_500
2021-08-30,4528.7900390625,4537.35986328125,4513.759765625,4513.759765625,3168660000,S&P_500
2021-08-31,4522.68017578125,4531.39013671875,4515.7998046875,4529.75,4290710000,S&P_500
2021-09-01,4524.08984375,4537.10986328125,4522.02001953125,4528.7998046875,4057340000,S&P_500
2021-09-02,4536.9501953125,4545.85009765625,4524.66015625,4534.47998046875,3735990000,S&P_500
2021-09-03,4535.43017578125,4541.4501953125,4521.2998046875,4532.419921875,3217530000,S&P_500
2021-09-07,4520.02978515625,4535.3798828125,4513.0,4535.3798828125,3822960000,S&P_500
2021-09-08,4514.06982421875,4521.7900390625,4493.9501953125,4518.08984375,3750880000,S&P_500
2021-09-09,4493.27978515625,4529.89990234375,4492.06982421875,4513.02001953125,3735390000,S&P_500
2021-09-10,4458.580078125,4520.47021484375,4457.66015625,4506.919921875,3623180000,S&P_500
2021-09-13,4468.72998046875,4492.990234375,4445.7001953125,4474.81005859375,3914220000,S&P_500
2021-09-14,4443.0498046875,4485.68017578125,4435.4599609375,4479.330078125,3670460000,S&P_500
2021-09-15,4480.7001953125,4486.8701171875,4438.3701171875,4447.490234375,4032020000,S&P_500
2021-09-16,4473.75,4485.8701171875,4443.7998046875,4477.08984375,3984560000,S&P_500
2021-09-17,4432.990234375,4471.52001953125,4427.759765625,4469.740234375,7289530000,S&P_500
2021-09-20,4357.72998046875,4402.9501953125,4305.91015625,4402.9501953125,4898070000,S&P_500
2021-09-21,4354.18994140625,4394.8701171875,4347.9599609375,4374.4501953125,3920920000,S&P_500
2021-09-22,4395.64013671875,4416.75,4367.43017578125,4367.43017578125,3939170000,S&P_500
2021-09-23,4448.97998046875,4465.39990234375,4406.75,4406.75,3916350000,S&P_500
2021-09-24,4455.47998046875,4463.1201171875,4430.27001953125,4438.0400390625,3384290000,S&P_500
2021-09-27,4443.10986328125,4457.2998046875,4436.18994140625,4442.1201171875,4058650000,S&P_500
2021-09-28,4352.6298828125,4419.5400390625,4346.330078125,4419.5400390625,4416550000,S&P_500
2021-09-29,4359.4599609375,4385.56982421875,4355.080078125,4362.41015625,3712660000,S&P_500
2021-09-30,4307.5400390625,4382.5498046875,4306.240234375,4370.669921875,4448140000,S&P_500
2021-10-01,4357.0400390625,4375.18994140625,4288.52001953125,4317.16015625,4010370000,S&P_500
2021-10-04,4300.4599609375,4355.509765625,4278.93994140625,4348.83984375,4307870000,S&P_500
2021-10-05,4345.72021484375,4369.22998046875,4309.8701171875,4309.8701171875,3902890000,S&P_500
2021-10-06,4363.5498046875,4365.56982421875,4290.490234375,4319.56982421875,4009630000,S&P_500
2021-10-07,4399.759765625,4429.97021484375,4383.72998046875,4383.72998046875,3843740000,S&P_500
2021-10-08,4391.33984375,4412.02001953125,4386.22021484375,4406.509765625,3280160000,S&P_500
2021-10-11,4361.18994140625,4415.8798828125,4360.58984375,4385.43994140625,3281970000,S&P_500
2021-10-12,4350.64990234375,4374.89013671875,4342.08984375,4368.31005859375,3558450000,S&P_500
2021-10-13,4363.7998046875,4372.8701171875,4329.919921875,4358.009765625,3620070000,S&P_500
2021-10-14,4438.259765625,4439.72998046875,4386.75,4386.75,3598280000,S&P_500
2021-10-15,4471.3701171875,4475.81982421875,4447.68994140625,4447.68994140625,3819380000,S&P_500
2021-10-18,4486.4599609375,4488.75,4447.47021484375,4463.72021484375,3662010000,S&P_500
2021-10-19,4519.6298828125,4520.39990234375,4496.41015625,4497.33984375,3459130000,S&P_500
2021-10-20,4536.18994140625,4540.8701171875,4524.39990234375,4524.419921875,3670760000,S&P_500
2021-10-21,4549.77978515625,4551.43994140625,4526.89013671875,4532.240234375,3822330000,S&P_500
2021-10-22,4544.89990234375,4559.669921875,4524.0,4546.1201171875,3758220000,S&P_500
2021-10-25,4566.47998046875,4572.6201171875,4537.35986328125,4553.68994140625,3899400000,S&P_500
2021-10-26,4574.7900390625,4598.52978515625,4569.169921875,4578.68994140625,3879740000,S&P_500
2021-10-27,4551.68017578125,4584.56982421875,4551.66015625,4580.22021484375,4226050000,S&P_500
2021-10-28,4596.419921875,4597.5498046875,4562.83984375,4562.83984375,4132950000,S&P_500
2021-10-29,4605.3798828125,4608.080078125,4567.58984375,4572.8701171875,4510200000,S&P_500
2021-11-01,4613.669921875,4620.33984375,4595.06005859375,4610.6201171875,3971540000,S&P_500
2021-11-02,4630.64990234375,4635.14990234375,4613.33984375,4613.33984375,3975250000,S&P_500
2021-11-03,4660.56982421875,4663.4599609375,4621.18994140625,4630.64990234375,4319660000,S&P_500
2021-11-04,4680.06005859375,4683.0,4662.58984375,4662.93017578125,4462300000,S&P_500
2021-11-05,4697.52978515625,4718.5,4681.31982421875,4699.259765625,4467180000,S&P_500
2021-11-08,4701.7001953125,4714.919921875,4694.39013671875,4701.47998046875,4269710000,S&P_500
2021-11-09,4685.25,4708.52978515625,4670.8701171875,4707.25,4117080000,S&P_500
2021-11-10,4646.7099609375,4684.85009765625,4630.85986328125,4670.259765625,4503720000,S&P_500
2021-11-11,4649.27001953125,4664.5498046875,4648.31005859375,4659.39013671875,3926870000,S&P_500
2021-11-12,4682.85009765625,4688.47021484375,4650.77001953125,4655.240234375,3728600000,S&P_500
2021-11-15,4682.7998046875,4697.419921875,4672.85986328125,4689.2998046875,3488410000,S&P_500
2021-11-16,4700.89990234375,4714.9501953125,4679.419921875,4679.419921875,3972640000,S&P_500
2021-11-17,4688.669921875,4701.5,4684.41015625,4701.5,3969070000,S&P_500
2021-11-18,4704.5400390625,4708.7998046875,4672.77978515625,4700.72021484375,4226410000,S&P_500
2021-11-19,4697.9599609375,4717.75,4694.22021484375,4708.43994140625,4253180000,S&P_500
2021-11-22,4682.93994140625,4743.830078125,4682.169921875,4712.0,4441100000,S&P_500
2021-11-23,4690.7001953125,4699.39013671875,4652.66015625,4678.47998046875,4277590000,S&P_500
2021-11-24,4701.4599609375,4702.8701171875,4659.89013671875,4675.77978515625,3418430000,S&P_500
2021-11-26,4594.6201171875,4664.6298828125,4585.43017578125,4664.6298828125,3517700000,S&P_500
2021-11-29,4655.27001953125,4672.9501953125,4625.259765625,4628.75,4336410000,S&P_500
2021-11-30,4567.0,4646.02001953125,4560.0,4640.25,6625990000,S&P_500
2021-12-01,4513.0400390625,4652.93994140625,4510.27001953125,4602.81982421875,5366730000,S&P_500
2021-12-02,4577.10009765625,4595.4599609375,4504.72998046875,4504.72998046875,5077180000,S&P_500
2021-12-03,4538.43017578125,4608.02978515625,4495.1201171875,4589.490234375,5240070000,S&P_500
2021-12-06,4591.669921875,4612.60009765625,4540.509765625,4548.3701171875,4770800000,S&P_500
2021-12-07,4686.75,4694.0400390625,4631.97021484375,4631.97021484375,4492400000,S&P_500
2021-12-08,4701.2099609375,4705.06005859375,4674.52001953125,4690.85986328125,4234600000,S&P_500
2021-12-09,4667.4501953125,4695.259765625,4665.97998046875,4691.0,3903840000,S&P_500
2021-12-10,4712.02001953125,4713.56982421875,4670.240234375,4687.64013671875,3870110000,S&P_500
2021-12-13,4668.97021484375,4710.2998046875,4667.60009765625,4710.2998046875,4397230000,S&P_500
2021-12-14,4634.08984375,4660.47021484375,4606.52001953125,4642.990234375,4485430000,S&P_500
2021-12-15,4709.85009765625,4712.60009765625,4611.22021484375,4636.4599609375,4910130000,S&P_500
2021-12-16,4668.669921875,4731.990234375,4651.89013671875,4719.1298828125,4829500000,S&P_500
2021-12-17,4620.64013671875,4666.7001953125,4600.22021484375,4652.5,7987090000,S&P_500
2021-12-20,4568.02001953125,4587.89990234375,4531.10009765625,4587.89990234375,4635700000,S&P_500
2021-12-21,4649.22998046875,4651.14013671875,4583.16015625,4594.9599609375,4072430000,S&P_500
2021-12-22,4696.56005859375,4697.669921875,4645.52978515625,4650.35986328125,3319610000,S&P_500
2021-12-23,4725.7900390625,4740.740234375,4703.9599609375,4703.9599609375,2913040000,S&P_500
2021-12-27,4791.18994140625,4791.490234375,4733.990234375,4733.990234375,2770290000,S&P_500
2021-12-28,4786.35009765625,4807.02001953125,4780.0400390625,4795.490234375,2707920000,S&P_500
2021-12-29,4793.06005859375,4804.06005859375,4778.080078125,4788.64013671875,2963310000,S&P_500
2021-12-30,4778.72998046875,4808.93017578125,4775.330078125,4794.22998046875,3124950000,S&P_500
2021-12-31,4766.18017578125,4786.830078125,4765.75,4775.2099609375,2677820000,S&P_500
2022-01-03,4796.56005859375,4796.64013671875,4758.169921875,4778.14013671875,3831020000,S&P_500
2022-01-04,4793.5400390625,4818.6201171875,4774.27001953125,4804.509765625,4683170000,S&P_500
2022-01-05,4700.580078125,4797.7001953125,4699.43994140625,4787.990234375,4887960000,S&P_500
2022-01-06,4696.0498046875,4725.009765625,4671.259765625,4693.39013671875,4295280000,S&P_500
2022-01-07,4677.02978515625,4707.9501953125,4662.740234375,4697.66015625,4181510000,S&P_500
2022-01-10,4670.2900390625,4673.02001953125,4582.240234375,4655.33984375,4511810000,S&P_500
2022-01-11,4713.06982421875,4714.1298828125,4638.27001953125,4669.14013671875,4101590000,S&P_500
2022-01-12,4726.35009765625,4748.830078125,4706.7099609375,4728.58984375,4048220000,S&P_500
2022-01-13,4659.02978515625,4744.1298828125,4650.2900390625,4733.56005859375,4251730000,S&P_500
2022-01-14,4662.85009765625,4665.1298828125,4614.75,4637.990234375,4338490000,S&P_500
2022-01-18,4577.10986328125,4632.240234375,4568.7001953125,4632.240234375,4748700000,S&P_500
2022-01-19,4532.759765625,4611.5498046875,4530.2001953125,4588.02978515625,4465740000,S&P_500
2022-01-20,4482.72998046875,4602.10986328125,4477.9501953125,4547.35009765625,4640870000,S&P_500
2022-01-21,4397.93994140625,4494.52001953125,4395.33984375,4471.3798828125,5589100000,S&P_500
2022-01-24,4410.1298828125,4417.35009765625,4222.6201171875,4356.31982421875,6928110000,S&P_500
2022-01-25,4356.4501953125,4411.009765625,4287.10986328125,4366.64013671875,5145050000,S&P_500
2022-01-26,4349.93017578125,4453.22998046875,4304.7998046875,4408.43017578125,5570640000,S&P_500
2022-01-27,4326.509765625,4428.740234375,4309.5,4380.580078125,5214200000,S&P_500
2022-01-28,4431.85009765625,4432.72021484375,4292.4599609375,4336.18994140625,5031090000,S&P_500
2022-01-31,4515.5498046875,4516.89013671875,4414.02001953125,4431.7900390625,5098610000,S&P_500
2022-02-01,4546.5400390625,4550.490234375,4483.52978515625,4519.56982421875,4816830000,S&P_500
2022-02-02,4589.3798828125,4595.31005859375,4544.31982421875,4566.39013671875,4481580000,S&P_500
2022-02-03,4477.43994140625,4542.8798828125,4470.39013671875,4535.41015625,4401970000,S&P_500
2022-02-04,4500.52978515625,4539.66015625,4451.5,4482.7900390625,4706290000,S&P_500
2022-02-07,4483.8701171875,4521.85986328125,4471.47021484375,4505.75,4228480000,S&P_500
2022-02-08,4521.5400390625,4531.31982421875,4465.39990234375,4480.02001953125,4459620000,S&P_500
2022-02-09,4587.18017578125,4590.02978515625,4547.0,4547.0,4524350000,S&P_500
2022-02-10,4504.080078125,4588.919921875,4484.31005859375,4553.240234375,5314860000,S&P_500
2022-02-11,4418.64013671875,4526.330078125,4401.41015625,4506.27001953125,5251500000,S&P_500
2022-02-14,4401.669921875,4426.22021484375,4364.83984375,4412.60986328125,4600390000,S&P_500
2022-02-15,4471.06982421875,4472.77001953125,4429.27978515625,4429.27978515625,4430830000,S&P_500
2022-02-16,4475.009765625,4489.5498046875,4429.68017578125,4455.75,4283640000,S&P_500
2022-02-17,4380.259765625,4456.06005859375,4373.81005859375,4456.06005859375,4539420000,S&P_500
2022-02-18,4348.8701171875,4394.60009765625,4327.22021484375,4384.56982421875,4708060000,S&P_500
2022-02-22,4304.759765625,4362.1201171875,4267.10986328125,4332.740234375,5121900000,S&P_500
2022-02-23,4225.5,4341.509765625,4221.509765625,4324.93017578125,4797430000,S&P_500
2022-02-24,4288.7001953125,4294.72998046875,4114.64990234375,4155.77001953125,6752130000,S&P_500
2022-02-25,4384.64990234375,4385.33984375,4286.830078125,4298.3798828125,5177060000,S&P_500
2022-02-28,4373.93994140625,4388.83984375,4315.1201171875,4354.169921875,6071370000,S&P_500
2022-03-01,4306.259765625,4378.4501953125,4279.5400390625,4363.14013671875,5846230000,S&P_500
2022-03-02,4386.5400390625,4401.47998046875,4322.56005859375,4322.56005859375,5337870000,S&P_500
2022-03-03,4363.490234375,4416.77978515625,4345.56005859375,4401.31005859375,5039890000,S&P_500
2022-03-04,4328.8701171875,4342.1201171875,4284.97998046875,4342.1201171875,5797380000,S&P_500
2022-03-07,4201.08984375,4327.009765625,4199.85009765625,4327.009765625,6940470000,S&P_500
2022-03-08,4170.7001953125,4276.93994140625,4157.8701171875,4202.66015625,7243120000,S&P_500
2022-03-09,4277.8798828125,4299.39990234375,4223.10009765625,4223.10009765625,5662670000,S&P_500
2022-03-10,4259.52001953125,4268.27978515625,4209.7998046875,4252.5498046875,4980830000,S&P_500
2022-03-11,4204.31005859375,4291.009765625,4200.490234375,4279.5,4938640000,S&P_500
2022-03-14,4173.10986328125,4247.56982421875,4161.72021484375,4202.75,5574920000,S&P_500
2022-03-15,4262.4501953125,4271.0498046875,4187.89990234375,4188.81982421875,5392470000,S&P_500
2022-03-16,4357.85986328125,4358.89990234375,4251.990234375,4288.14013671875,6309750000,S&P_500
2022-03-17,4411.669921875,4412.669921875,4335.64990234375,4345.10986328125,4985090000,S&P_500
2022-03-18,4463.1201171875,4465.39990234375,4390.56982421875,4407.33984375,8278430000,S&P_500
2022-03-21,4461.18017578125,4481.75,4424.2998046875,4462.39990234375,4869820000,S&P_500
2022-03-22,4511.60986328125,4522.0,4469.10009765625,4469.10009765625,4754840000,S&P_500
2022-03-23,4456.240234375,4501.06982421875,4455.81005859375,4493.10009765625,4550670000,S&P_500
2022-03-24,4520.16015625,4520.580078125,4465.169921875,4469.97998046875,4131390000,S&P_500
2022-03-25,4543.06005859375,4546.02978515625,4501.06982421875,4522.91015625,4305020000,S&P_500
2022-03-28,4575.52001953125,4575.64990234375,4517.68994140625,4541.08984375,4312260000,S&P_500
2022-03-29,4631.60009765625,4637.2998046875,4589.66015625,4602.85986328125,5085910000,S&P_500
2022-03-30,4602.4501953125,4627.77001953125,4581.31982421875,4624.2001953125,4385570000,S&P_500
2022-03-31,4530.41015625,4603.06982421875,4530.41015625,4599.02001953125,4823020000,S&P_500
2022-04-01,4545.85986328125,4548.7001953125,4507.56982421875,4540.31982421875,4562940000,S&P_500
2022-04-04,4582.64013671875,4583.5,4539.2099609375,4547.97021484375,4547350000,S&P_500
2022-04-05,4525.1201171875,4593.4501953125,4514.169921875,4572.4501953125,4800620000,S&P_500
2022-04-06,4481.14990234375,4503.93994140625,4450.0400390625,4494.169921875,4986830000,S&P_500
2022-04-07,4500.2099609375,4521.16015625,4450.2998046875,4474.64990234375,4821490000,S&P_500
2022-04-08,4488.27978515625,4520.41015625,4474.60009765625,4494.14990234375,4083200000,S&P_500
2022-04-11,4412.52978515625,4464.35009765625,4408.3798828125,4462.64013671875,4266290000,S&P_500
2022-04-12,4397.4501953125,4471.0,4381.33984375,4437.58984375,4152090000,S&P_500
2022-04-13,4446.58984375,4453.919921875,4392.7001953125,4394.2998046875,3828150000,S&P_500
2022-04-14,4392.58984375,4460.4599609375,4390.77001953125,4449.1201171875,4083090000,S&P_500
2022-04-18,4391.68994140625,4410.31005859375,4370.2998046875,4385.6298828125,3910490000,S&P_500
2022-04-19,4462.2099609375,4471.02978515625,4390.6298828125,4390.6298828125,4108120000,S&P_500
2022-04-20,4459.4501953125,4488.2900390625,4448.759765625,4472.259765625,4290450000,S&P_500
2022-04-21,4393.66015625,4512.93994140625,4384.47021484375,4489.169921875,4636890000,S&P_500
2022-04-22,4271.77978515625,4385.830078125,4267.6201171875,4385.830078125,4651940000,S&P_500
2022-04-25,4296.1201171875,4299.02001953125,4200.81982421875,4255.33984375,5240040000,S&P_500
2022-04-26,4175.2001953125,4278.14013671875,4175.0400390625,4278.14013671875,4689970000,S&P_500
2022-04-27,4183.9599609375,4240.7099609375,4162.89990234375,4186.52001953125,4769680000,S&P_500
2022-04-28,4287.5,4308.4501953125,4188.6298828125,4222.580078125,4854180000,S&P_500
2022-04-29,4131.93017578125,4269.68017578125,4124.27978515625,4253.75,5084030000,S&P_500
2022-05-02,4155.3798828125,4169.81005859375,4062.510009765625,4130.60986328125,5163790000,S&P_500
2022-05-03,4175.47998046875,4200.10009765625,4147.080078125,4159.77978515625,4582050000,S&P_500
2022-05-04,4300.169921875,4307.66015625,4148.91015625,4181.18017578125,5136360000,S&P_500
2022-05-05,4146.8701171875,4270.43017578125,4106.009765625,4270.43017578125,5077030000,S&P_500
2022-05-06,4123.33984375,4157.68994140625,4067.909912109375,4128.169921875,5116940000,S&P_500
2022-05-09,3991.239990234375,4081.27001953125,3975.47998046875,4081.27001953125,5954520000,S&P_500
2022-05-10,4001.050048828125,4068.820068359375,3958.169921875,4035.179931640625,5885820000,S&P_500
2022-05-11,3935.179931640625,4049.090087890625,3928.820068359375,3990.080078125,5816140000,S&P_500
2022-05-12,3930.080078125,3964.800048828125,3858.8701171875,3903.949951171875,6286450000,S&P_500
2022-05-13,4023.889892578125,4038.8798828125,3963.89990234375,3963.89990234375,5183340000,S&P_500
2022-05-16,4008.010009765625,4046.4599609375,3983.989990234375,4013.02001953125,4415030000,S&P_500
2022-05-17,4088.85009765625,4090.719970703125,4033.929931640625,4052.0,4841410000,S&P_500
2022-05-18,3923.679931640625,4051.97998046875,3911.909912109375,4051.97998046875,5103220000,S&P_500
2022-05-19,3900.7900390625,3945.9599609375,3876.580078125,3899.0,5113550000,S&P_500
2022-05-20,3901.360107421875,3943.419921875,3810.320068359375,3927.760009765625,5130730000,S&P_500
2022-05-23,3973.75,3981.8798828125,3909.0400390625,3919.419921875,4420030000,S&P_500
2022-05-24,3941.47998046875,3955.679931640625,3875.1298828125,3942.93994140625,4923190000,S&P_500
2022-05-25,3978.72998046875,3999.330078125,3925.030029296875,3929.590087890625,4802560000,S&P_500
2022-05-26,4057.840087890625,4075.139892578125,3984.60009765625,3984.60009765625,4709970000,S&P_500
2022-05-27,4158.240234375,4158.490234375,4077.429931640625,4077.429931640625,4375620000,S&P_500
2022-05-31,4132.14990234375,4168.33984375,4104.8798828125,4151.08984375,6822640000,S&P_500
2022-06-01,4101.22998046875,4166.5400390625,4073.85009765625,4149.77978515625,4531800000,S&P_500
2022-06-02,4176.81982421875,4177.509765625,4074.3701171875,4095.409912109375,4405790000,S&P_500
2022-06-03,4108.5400390625,4142.669921875,4098.669921875,4137.56982421875,3711110000,S&P_500
2022-06-06,4121.43017578125,4168.77978515625,4109.18017578125,4134.72021484375,4332700000,S&P_500
2022-06-07,4160.68017578125,4164.85986328125,4080.18994140625,4096.47021484375,4248210000,S&P_500
2022-06-08,4115.77001953125,4160.14013671875,4107.2001953125,4147.1201171875,4159470000,S&P_500
2022-06-09,4017.820068359375,4119.10009765625,4017.169921875,4101.64990234375,4134170000,S&P_500
2022-06-10,3900.860107421875,3974.389892578125,3900.159912109375,3974.389892578125,4889640000,S&P_500
2022-06-13,3749.6298828125,3838.14990234375,3734.300048828125,3838.14990234375,5636890000,S&P_500
2022-06-14,3735.47998046875,3778.179931640625,3705.679931640625,3763.52001953125,5153890000,S&P_500
2022-06-15,3789.989990234375,3837.56005859375,3722.300048828125,3764.050048828125,5530480000,S&P_500
2022-06-16,3666.77001953125,3728.179931640625,3639.77001953125,3728.179931640625,5644930000,S&P_500
2022-06-17,3674.840087890625,3707.7099609375,3636.8701171875,3665.89990234375,8520740000,S&P_500
2022-06-21,3764.7900390625,3779.64990234375,3715.31005859375,3715.31005859375,5292260000,S&P_500
2022-06-22,3759.889892578125,3801.7900390625,3717.68994140625,3733.889892578125,5058990000,S&P_500
2022-06-23,3795.72998046875,3802.580078125,3743.52001953125,3774.7099609375,5098640000,S&P_500
2022-06-24,3911.739990234375,3913.64990234375,3821.75,3821.75,8120260000,S&P_500
2022-06-27,3900.110107421875,3927.719970703125,3889.659912109375,3920.760009765625,4325310000,S&P_500
2022-06-28,3821.550048828125,3945.860107421875,3820.139892578125,3913.0,4270120000,S&P_500
2022-06-29,3818.830078125,3836.5,3799.02001953125,3825.090087890625,4211240000,S&P_500
2022-06-30,3785.3798828125,3818.989990234375,3738.669921875,3785.989990234375,4840070000,S&P_500
2022-07-01,3825.330078125,3829.820068359375,3752.10009765625,3781.0,4046950000,S&P_500
2022-07-05,3831.389892578125,3832.18994140625,3742.06005859375,3792.610107421875,5076590000,S&P_500
2022-07-06,3845.080078125,3870.909912109375,3809.3701171875,3831.97998046875,4417720000,S&P_500
2022-07-07,3902.6201171875,3910.6298828125,3858.85009765625,3858.85009765625,4057770000,S&P_500
2022-07-08,3899.3798828125,3918.5,3869.340087890625,3888.260009765625,3521620000,S&P_500
2022-07-11,3854.429931640625,3880.93994140625,3847.219970703125,3880.93994140625,3423480000,S&P_500
2022-07-12,3818.800048828125,3873.409912109375,3802.360107421875,3851.949951171875,3817210000,S&P_500
2022-07-13,3801.780029296875,3829.43994140625,3759.070068359375,3779.669921875,4109390000,S&P_500
2022-07-14,3790.3798828125,3796.409912109375,3721.56005859375,3763.989990234375,4199690000,S&P_500
2022-07-15,3863.159912109375,3863.6201171875,3817.179931640625,3818.0,4143800000,S&P_500
2022-07-18,3830.85009765625,3902.43994140625,3818.6298828125,3883.7900390625,4046870000,S&P_500
2022-07-19,3936.68994140625,3939.81005859375,3860.72998046875,3860.72998046875,4041070000,S&P_500
2022-07-20,3959.89990234375,3974.1298828125,3922.030029296875,3935.320068359375,4185300000,S&P_500
2022-07-21,3998.949951171875,3999.2900390625,3927.639892578125,3955.469970703125,4132790000,S&P_500
2022-07-22,3961.6298828125,4012.43994140625,3938.860107421875,3998.429931640625,3979240000,S&P_500
2022-07-25,3966.840087890625,3975.300048828125,3943.4599609375,3965.719970703125,3568340000,S&P_500
2022-07-26,3921.050048828125,3953.219970703125,3910.739990234375,3953.219970703125,3778950000,S&P_500
2022-07-27,4023.610107421875,4039.56005859375,3951.429931640625,3951.429931640625,4112180000,S&P_500
2022-07-28,4072.429931640625,4078.949951171875,3992.969970703125,4026.1298828125,4413000000,S&P_500
2022-07-29,4130.2900390625,4140.14990234375,4079.219970703125,4087.330078125,4616360000,S&P_500
2022-08-01,4118.6298828125,4144.9501953125,4096.02001953125,4112.3798828125,4202810000,S&P_500
2022-08-02,4091.18994140625,4140.47021484375,4079.81005859375,4104.2099609375,4727710000,S&P_500
2022-08-03,4155.169921875,4167.66015625,4107.9599609375,4107.9599609375,4351760000,S&P_500
2022-08-04,4151.93994140625,4161.2900390625,4135.419921875,4154.85009765625,4283320000,S&P_500
2022-08-05,4145.18994140625,4151.580078125,4107.31005859375,4115.8701171875,4085940000,S&P_500
2022-08-08,4140.06005859375,4186.6201171875,4128.97021484375,4155.93017578125,4221090000,S&P_500
2022-08-09,4122.47021484375,4137.2998046875,4112.08984375,4133.10986328125,3913090000,S&P_500
2022-08-10,4210.240234375,4211.02978515625,4177.259765625,4181.02001953125,4546010000,S&P_500
2022-08-11,4207.27001953125,4257.91015625,4201.41015625,4227.39990234375,4630200000,S&P_500
2022-08-12,4280.14990234375,4280.47021484375,4219.77978515625,4225.02001953125,3788010000,S&P_500
2022-08-15,4297.14013671875,4301.7900390625,4256.89990234375,4269.3701171875,3696830000,S&P_500
2022-08-16,4305.2001953125,4325.27978515625,4277.77001953125,4290.4599609375,4329820000,S&P_500
2022-08-17,4274.0400390625,4302.18017578125,4253.080078125,4280.39990234375,3885030000,S&P_500
2022-08-18,4283.740234375,4292.52978515625,4261.97998046875,4273.1298828125,3340330000,S&P_500
2022-08-19,4228.47998046875,4266.31005859375,4218.7001953125,4266.31005859375,3761340000,S&P_500
2022-08-22,4137.990234375,4195.080078125,4129.85986328125,4195.080078125,3907430000,S&P_500
2022-08-23,4128.72998046875,4159.77001953125,4124.02978515625,4133.08984375,3823520000,S&P_500
2022-08-24,4140.77001953125,4156.56005859375,4119.97021484375,4126.5498046875,3583630000,S&P_500
2022-08-25,4199.1201171875,4200.5400390625,4147.58984375,4153.259765625,3566870000,S&P_500
2022-08-26,4057.659912109375,4203.0400390625,4057.659912109375,4198.740234375,3832750000,S&P_500
2022-08-29,4030.610107421875,4062.989990234375,4017.419921875,4034.580078125,3396510000,S&P_500
2022-08-30,3986.159912109375,4044.97998046875,3965.2099609375,4041.25,3835860000,S&P_500
2022-08-31,3955.0,4015.3701171875,3954.530029296875,4000.669921875,4542490000,S&P_500
2022-09-01,3966.85009765625,3970.22998046875,3903.64990234375,3936.72998046875,4152250000,S&P_500
2022-09-02,3924.260009765625,4018.429931640625,3906.2099609375,3994.659912109375,3665850000,S&P_500
2022-09-06,3908.18994140625,3942.550048828125,3886.75,3930.889892578125,4127340000,S&P_500
2022-09-07,3979.8701171875,3987.889892578125,3906.030029296875,3909.429931640625,3890320000,S&P_500
2022-09-08,4006.179931640625,4010.5,3944.81005859375,3959.93994140625,3966850000,S&P_500
2022-09-09,4067.360107421875,4076.81005859375,4022.93994140625,4022.93994140625,3901940000,S&P_500
2022-09-12,4110.41015625,4119.27978515625,4083.669921875,4083.669921875,3814200000,S&P_500
2022-09-13,3932.68994140625,4037.1201171875,3921.280029296875,4037.1201171875,4224550000,S&P_500
2022-09-14,3946.010009765625,3961.93994140625,3912.179931640625,3940.72998046875,4293240000,S&P_500
2022-09-15,3901.35009765625,3959.139892578125,3888.280029296875,3932.409912109375,4441830000,S&P_500
2022-09-16,3873.330078125,3880.949951171875,3837.080078125,3880.949951171875,7954650000,S&P_500
2022-09-19,3899.889892578125,3900.449951171875,3838.5,3849.909912109375,3766850000,S&P_500
2022-09-20,3855.929931640625,3876.010009765625,3827.5400390625,3875.22998046875,4058050000,S&P_500
2022-09-21,3789.929931640625,3907.070068359375,3789.489990234375,3871.39990234375,4078330000,S&P_500
2022-09-22,3757.989990234375,3790.89990234375,3749.449951171875,3782.360107421875,4284600000,S&P_500
2022-09-23,3693.22998046875,3727.139892578125,3647.469970703125,3727.139892578125,5144270000,S&P_500
2022-09-26,3655.0400390625,3715.669921875,3644.760009765625,3682.719970703125,4886140000,S&P_500
2022-09-27,3647.2900390625,3717.530029296875,3623.2900390625,3686.43994140625,4577740000,S&P_500
2022-09-28,3719.0400390625,3736.739990234375,3640.610107421875,3651.93994140625,4684850000,S&P_500
2022-09-29,3640.469970703125,3687.010009765625,3610.39990234375,3687.010009765625,4681810000,S&P_500
2022-09-30,3585.6201171875,3671.43994140625,3584.1298828125,3633.47998046875,5645360000,S&P_500
2022-10-03,3678.429931640625,3698.35009765625,3604.929931640625,3609.780029296875,4806680000,S&P_500
2022-10-04,3790.929931640625,3791.919921875,3726.4599609375,3726.4599609375,5146580000,S&P_500
2022-10-05,3783.280029296875,3806.909912109375,3722.659912109375,3753.25,4293180000,S&P_500
2022-10-06,3744.52001953125,3797.929931640625,3739.219970703125,3771.969970703125,4252100000,S&P_500
2022-10-07,3639.659912109375,3706.739990234375,3620.72998046875,3706.739990234375,4449660000,S&P_500
2022-10-10,3612.389892578125,3652.169921875,3588.10009765625,3647.510009765625,3834320000,S&P_500
2022-10-11,3588.840087890625,3640.659912109375,3568.449951171875,3595.860107421875,4759030000,S&P_500
2022-10-12,3577.030029296875,3608.340087890625,3573.860107421875,3590.830078125,4006830000,S&P_500
2022-10-13,3669.909912109375,3685.409912109375,3491.580078125,3520.3701171875,5021680000,S&P_500
2022-10-14,3583.070068359375,3712.0,3579.679931640625,3690.409912109375,4243030000,S&P_500
2022-10-17,3677.949951171875,3689.72998046875,3638.64990234375,3638.64990234375,4352780000,S&P_500
2022-10-18,3719.97998046875,3762.7900390625,3686.530029296875,3746.260009765625,4483740000,S&P_500
2022-10-19,3695.159912109375,3728.580078125,3666.510009765625,3703.110107421875,4223800000,S&P_500
2022-10-20,3665.780029296875,3736.0,3656.43994140625,3689.050048828125,4496620000,S&P_500
2022-10-21,3752.75,3757.889892578125,3647.419921875,3657.10009765625,5078020000,S&P_500
2022-10-24,3797.340087890625,3810.739990234375,3741.64990234375,3762.010009765625,4747930000,S&P_500
2022-10-25,3859.110107421875,3862.85009765625,3799.43994140625,3799.43994140625,4843120000,S&P_500
2022-10-26,3830.60009765625,3886.14990234375,3824.070068359375,3825.969970703125,4817310000,S&P_500
2022-10-27,3807.300048828125,3859.949951171875,3803.7900390625,3834.68994140625,4687320000,S&P_500
2022-10-28,3901.06005859375,3905.419921875,3808.260009765625,3808.260009765625,4459410000,S&P_500
2022-10-31,3871.97998046875,3893.72998046875,3863.179931640625,3881.85009765625,4820620000,S&P_500
2022-11-01,3856.10009765625,3911.7900390625,3843.800048828125,3901.7900390625,4481210000,S&P_500
2022-11-02,3759.68994140625,3894.43994140625,3758.679931640625,3852.89990234375,4899000000,S&P_500
2022-11-03,3719.889892578125,3750.590087890625,3698.14990234375,3733.25,4625290000,S&P_500
2022-11-04,3770.550048828125,3796.340087890625,3708.840087890625,3766.97998046875,5400180000,S&P_500
2022-11-07,3806.800048828125,3813.949951171875,3764.699951171875,3780.7099609375,4341620000,S&P_500
2022-11-08,3828.110107421875,3859.39990234375,3786.280029296875,3817.02001953125,4607640000,S&P_500
2022-11-09,3748.570068359375,3818.199951171875,3744.219970703125,3810.93994140625,4645010000,S&P_500
2022-11-10,3956.3701171875,3958.330078125,3859.889892578125,3859.889892578125,5781260000,S&P_500
2022-11-11,3992.929931640625,4001.47998046875,3944.820068359375,3963.719970703125,5593310000,S&P_500
2022-11-14,3957.25,4008.969970703125,3956.39990234375,3977.969970703125,4561930000,S&P_500
2022-11-15,3991.72998046875,4028.840087890625,3953.169921875,4006.409912109375,5015310000,S&P_500
2022-11-16,3958.7900390625,3983.090087890625,3954.340087890625,3976.820068359375,4165320000,S&P_500
2022-11-17,3946.56005859375,3954.330078125,3906.5400390625,3919.260009765625,4051780000,S&P_500
2022-11-18,3965.340087890625,3979.889892578125,3935.97998046875,3966.389892578125,4037360000,S&P_500
2022-11-21,3949.93994140625,3962.0,3933.340087890625,3956.22998046875,3850690000,S&P_500
2022-11-22,4003.580078125,4005.8798828125,3956.8798828125,3965.510009765625,3887990000,S&P_500
2022-11-23,4027.260009765625,4033.780029296875,3998.659912109375,4000.300048828125,3279720000,S&P_500
2022-11-25,4026.1201171875,4034.02001953125,4020.760009765625,4023.340087890625,1706460000,S&P_500
2022-11-28,3963.93994140625,4012.27001953125,3955.77001953125,4005.360107421875,3615430000,S&P_500
2022-11-29,3957.6298828125,3976.77001953125,3937.64990234375,3964.18994140625,3546040000,S&P_500
2022-11-30,4080.110107421875,4080.110107421875,3938.580078125,3957.179931640625,6579360000,S&P_500
2022-12-01,4076.570068359375,4100.509765625,4050.8701171875,4087.139892578125,4527130000,S&P_500
2022-12-02,4071.699951171875,4080.47998046875,4026.6298828125,4040.169921875,4012620000,S&P_500
2022-12-05,3998.840087890625,4052.449951171875,3984.489990234375,4052.02001953125,4280820000,S&P_500
2022-12-06,3941.260009765625,4001.510009765625,3918.389892578125,3996.6298828125,4368380000,S&P_500
2022-12-07,3933.919921875,3957.570068359375,3922.679931640625,3933.280029296875,4118050000,S&P_500
2022-12-08,3963.510009765625,3974.18994140625,3935.830078125,3947.7900390625,4006900000,S&P_500
2022-12-09,3934.3798828125,3977.02001953125,3933.0400390625,3954.169921875,3888260000,S&P_500
2022-12-12,3990.56005859375,3990.7099609375,3935.300048828125,3939.2900390625,3904130000,S&P_500
2022-12-13,4019.64990234375,4100.9599609375,3993.030029296875,4069.3798828125,5079360000,S&P_500
2022-12-14,3995.320068359375,4053.760009765625,3965.64990234375,4015.5400390625,4472340000,S&P_500
2022-12-15,3895.75,3958.3701171875,3879.449951171875,3958.3701171875,4493900000,S&P_500
2022-12-16,3852.360107421875,3890.909912109375,3827.909912109375,3890.909912109375,7493660000,S&P_500
2022-12-19,3817.659912109375,3854.860107421875,3800.0400390625,3853.7900390625,3969610000,S&P_500
2022-12-20,3821.6201171875,3838.239990234375,3795.6201171875,3810.469970703125,3985370000,S&P_500
2022-12-21,3878.43994140625,3889.820068359375,3839.489990234375,3839.489990234375,3775200000,S&P_500
2022-12-22,3822.389892578125,3853.260009765625,3764.489990234375,3853.260009765625,3956950000,S&P_500
2022-12-23,3844.820068359375,3845.800048828125,3797.010009765625,3815.110107421875,2819280000,S&P_500
2022-12-27,3829.25,3846.64990234375,3813.219970703125,3843.340087890625,3030300000,S&P_500
2022-12-28,3783.219970703125,3848.320068359375,3780.780029296875,3829.56005859375,3083520000,S&P_500
2022-12-29,3849.280029296875,3858.18994140625,3805.449951171875,3805.449951171875,3003680000,S&P_500
2022-12-30,3839.5,3839.85009765625,3800.340087890625,3829.06005859375,2979870000,S&P_500
2023-01-03,3824.139892578125,3878.4599609375,3794.330078125,3853.2900390625,3959140000,S&P_500
2023-01-04,3852.969970703125,3873.159912109375,3815.77001953125,3840.360107421875,4414080000,S&P_500
2023-01-05,3808.10009765625,3839.739990234375,3802.419921875,3839.739990234375,3893450000,S&P_500
2023-01-06,3895.080078125,3906.18994140625,3809.56005859375,3823.3701171875,3923560000,S&P_500
2023-01-09,3892.090087890625,3950.570068359375,3890.419921875,3910.820068359375,4311770000,S&P_500
2023-01-10,3919.25,3919.830078125,3877.2900390625,3888.570068359375,3851030000,S&P_500
2023-01-11,3969.610107421875,3970.070068359375,3928.5400390625,3932.35009765625,4303360000,S&P_500
2023-01-12,3983.169921875,3997.760009765625,3937.56005859375,3977.570068359375,4440260000,S&P_500
2023-01-13,3999.090087890625,4003.949951171875,3947.669921875,3960.60009765625,3939700000,S&P_500
2023-01-17,3990.969970703125,4015.389892578125,3984.570068359375,3999.280029296875,4235560000,S&P_500
2023-01-18,3928.860107421875,4014.159912109375,3926.590087890625,4002.25,4298710000,S&P_500
2023-01-19,3898.85009765625,3922.93994140625,3885.5400390625,3911.840087890625,3991500000,S&P_500
2023-01-20,3972.610107421875,3972.9599609375,3897.860107421875,3909.0400390625,4013360000,S&P_500
2023-01-23,4019.81005859375,4039.31005859375,3971.639892578125,3978.139892578125,3945210000,S&P_500
2023-01-24,4016.949951171875,4023.919921875,3989.7900390625,4001.739990234375,3320430000,S&P_500
2023-01-25,4016.219970703125,4019.550048828125,3949.06005859375,3982.7099609375,3724020000,S&P_500
2023-01-26,4060.429931640625,4061.570068359375,4013.2900390625,4036.080078125,3809590000,S&P_500
2023-01-27,4070.56005859375,4094.2099609375,4048.699951171875,4053.719970703125,3907760000,S&P_500
2023-01-30,4017.77001953125,4063.85009765625,4015.550048828125,4049.27001953125,3802000000,S&P_500
2023-01-31,4076.60009765625,4077.159912109375,4020.43994140625,4020.85009765625,4679320000,S&P_500
2023-02-01,4119.2099609375,4148.9501953125,4037.199951171875,4070.070068359375,4856930000,S&P_500
2023-02-02,4179.759765625,4195.43994140625,4141.8798828125,4158.68017578125,5624360000,S&P_500
2023-02-03,4136.47998046875,4182.35986328125,4123.35986328125,4136.68994140625,4694510000,S&P_500
2023-02-06,4111.080078125,4124.6298828125,4093.3798828125,4119.56982421875,4114240000,S&P_500
2023-02-07,4164.0,4176.5400390625,4088.389892578125,4105.35009765625,4355860000,S&P_500
2023-02-08,4117.85986328125,4156.85009765625,4111.669921875,4153.47021484375,4029820000,S&P_500
2023-02-09,4081.5,4156.22998046875,4069.669921875,4144.25,4270200000,S&P_500
2023-02-10,4090.4599609375,4094.360107421875,4060.7900390625,4068.919921875,3891520000,S&P_500
2023-02-13,4137.2900390625,4138.89990234375,4092.669921875,4096.6201171875,3448620000,S&P_500
2023-02-14,4136.1298828125,4159.77001953125,4095.010009765625,4126.7001953125,3929200000,S&P_500
2023-02-15,4147.60009765625,4148.10986328125,4103.97998046875,4119.5,4075980000,S&P_500
2023-02-16,4090.409912109375,4136.5400390625,4089.489990234375,4114.75,4143660000,S&P_500
2023-02-17,4079.090087890625,4081.510009765625,4047.949951171875,4077.389892578125,4045480000,S&P_500
2023-02-21,3997.340087890625,4052.35009765625,3995.18994140625,4052.35009765625,4121590000,S&P_500
2023-02-22,3991.050048828125,4017.3701171875,3976.89990234375,4001.830078125,4079320000,S&P_500
2023-02-23,4012.320068359375,4028.300048828125,3969.18994140625,4018.60009765625,3952940000,S&P_500
2023-02-24,3970.0400390625,3978.25,3943.080078125,3973.239990234375,3877700000,S&P_500
2023-02-27,3982.239990234375,4018.050048828125,3973.550048828125,3992.360107421875,3836950000,S&P_500
2023-02-28,3970.14990234375,3997.5,3968.97998046875,3977.18994140625,5043400000,S&P_500
2023-03-01,3951.389892578125,3971.72998046875,3939.050048828125,3963.340087890625,4249480000,S&P_500
2023-03-02,3981.35009765625,3990.840087890625,3928.159912109375,3938.679931640625,4244900000,S&P_500
2023-03-03,4045.639892578125,4048.2900390625,3995.169921875,3998.02001953125,4084730000,S&P_500
2023-03-06,4048.419921875,4078.489990234375,4044.610107421875,4055.14990234375,4000870000,S&P_500
2023-03-07,3986.3701171875,4050.0,3980.31005859375,4048.260009765625,3922500000,S&P_500
2023-03-08,3992.010009765625,4000.409912109375,3969.760009765625,3987.550048828125,3535570000,S&P_500
2023-03-09,3918.320068359375,4017.81005859375,3908.699951171875,3998.659912109375,4445260000,S&P_500
2023-03-10,3861.590087890625,3934.050048828125,3846.320068359375,3912.77001953125,5518190000,S&P_500
2023-03-13,3855.760009765625,3905.050048828125,3808.860107421875,3835.1201171875,6558020000,S&P_500
2023-03-14,3919.2900390625,3937.2900390625,3873.6298828125,3894.010009765625,5665870000,S&P_500
2023-03-15,3891.929931640625,3894.260009765625,3838.239990234375,3876.739990234375,6594010000,S&P_500
2023-03-16,3960.280029296875,3964.4599609375,3864.110107421875,3878.929931640625,5695790000,S&P_500
2023-03-17,3916.639892578125,3958.909912109375,3901.27001953125,3958.68994140625,9354280000,S&P_500
2023-03-20,3951.570068359375,3956.6201171875,3916.889892578125,3917.469970703125,5347140000,S&P_500
2023-03-21,4002.8701171875,4009.080078125,3971.18994140625,3975.889892578125,4920240000,S&P_500
2023-03-22,3936.969970703125,4039.489990234375,3936.169921875,4002.0400390625,4533010000,S&P_500
2023-03-23,3948.719970703125,4007.659912109375,3919.050048828125,3959.2099609375,4991600000,S&P_500
2023-03-24,3970.989990234375,3972.739990234375,3909.159912109375,3939.2099609375,4583970000,S&P_500
2023-03-27,3977.530029296875,4003.830078125,3970.489990234375,3982.929931640625,4233540000,S&P_500
2023-03-28,3971.27001953125,3979.199951171875,3951.530029296875,3974.1298828125,4014600000,S&P_500
2023-03-29,4027.81005859375,4030.590087890625,3999.530029296875,3999.530029296875,4145250000,S&P_500
2023-03-30,4050.830078125,4057.85009765625,4032.10009765625,4046.739990234375,3930860000,S&P_500
2023-03-31,4109.31005859375,4110.75,4056.179931640625,4056.179931640625,4525120000,S&P_500
2023-04-03,4124.509765625,4127.66015625,4098.7900390625,4102.2001953125,4234700000,S&P_500
2023-04-04,4100.60009765625,4133.1298828125,4086.8701171875,4128.02978515625,4227800000,S&P_500
2023-04-05,4090.3798828125,4099.68994140625,4072.56005859375,4094.5,3968020000,S&P_500
2023-04-06,4105.02001953125,4107.31982421875,4069.840087890625,4081.14990234375,3486690000,S&P_500
2023-04-10,4109.10986328125,4109.5,4072.550048828125,4085.199951171875,3423650000,S&P_500
2023-04-11,4108.93994140625,4124.259765625,4102.60986328125,4110.2900390625,3665830000,S&P_500
2023-04-12,4091.949951171875,4134.3701171875,4086.93994140625,4121.72021484375,3633120000,S&P_500
2023-04-13,4146.22021484375,4150.259765625,4099.39990234375,4100.0400390625,3596590000,S&P_500
2023-04-14,4137.64013671875,4163.18994140625,4113.2001953125,4140.10986328125,3575690000,S&P_500
2023-04-17,4151.31982421875,4151.72021484375,4123.18017578125,4137.169921875,3611180000,S&P_500
2023-04-18,4154.8701171875,4169.47998046875,4140.35986328125,4164.259765625,3536640000,S&P_500
2023-04-19,4154.52001953125,4162.56982421875,4134.490234375,4139.330078125,3572560000,S&P_500
2023-04-20,4129.7900390625,4148.56982421875,4114.56982421875,4130.47998046875,3772080000,S&P_500
2023-04-21,4133.52001953125,4138.02001953125,4113.85986328125,4132.14013671875,3611750000,S&P_500
2023-04-24,4137.0400390625,4142.41015625,4117.77001953125,4132.06982421875,3290940000,S&P_500
2023-04-25,4071.6298828125,4126.43017578125,4071.3798828125,4126.43017578125,3978640000,S&P_500
2023-04-26,4055.989990234375,4089.669921875,4049.35009765625,4087.780029296875,3837030000,S&P_500
2023-04-27,4135.35009765625,4138.240234375,4075.2900390625,4075.2900390625,3750550000,S&P_500
2023-04-28,4169.47998046875,4170.06005859375,4127.18017578125,4129.6298828125,4087800000,S&P_500
2023-05-01,4167.8701171875,4186.919921875,4164.1201171875,4166.7900390625,3321370000,S&P_500
2023-05-02,4119.580078125,4164.10009765625,4089.719970703125,4164.10009765625,4486130000,S&P_500
2023-05-03,4090.75,4148.2998046875,4088.860107421875,4122.25,4246510000,S&P_500
2023-05-04,4061.219970703125,4082.610107421875,4048.280029296875,4082.550048828125,4920090000,S&P_500
2023-05-05,4136.25,4147.02001953125,4084.72998046875,4084.72998046875,4186270000,S&P_500
2023-05-08,4138.1201171875,4142.2998046875,4123.81005859375,4136.97998046875,3641640000,S&P_500
2023-05-09,4119.169921875,4130.35009765625,4116.64990234375,4124.25,3810140000,S&P_500
2023-05-10,4137.64013671875,4154.27978515625,4098.919921875,4143.740234375,4057160000,S&P_500
2023-05-11,4130.6201171875,4132.7998046875,4109.2900390625,4132.240234375,3752900000,S&P_500
2023-05-12,4124.080078125,4143.740234375,4099.1201171875,4138.5400390625,3533740000,S&P_500
2023-05-15,4136.27978515625,4141.25,4110.27001953125,4126.64990234375,3562170000,S&P_500
2023-05-16,4109.89990234375,4135.5400390625,4109.85986328125,4127.9501953125,3654200000,S&P_500
2023-05-17,4158.77001953125,4164.669921875,4113.6201171875,4122.85009765625,4039080000,S&P_500
2023-05-18,4198.0498046875,4202.2001953125,4153.5,4157.68017578125,3980500000,S&P_500
2023-05-19,4191.97998046875,4212.91015625,4180.2001953125,4204.14990234375,4041900000,S&P_500
2023-05-22,4192.6298828125,4209.22021484375,4179.68017578125,4190.77978515625,3728520000,S&P_500
2023-05-23,4145.580078125,4185.68017578125,4142.5400390625,4176.7998046875,4155320000,S&P_500
2023-05-24,4115.240234375,4132.9599609375,4103.97998046875,4132.9599609375,0,S&P_500
2023-05-25,4151.27978515625,4165.740234375,4129.72998046875,4155.7099609375,4147760000,S&P_500
2023-05-26,4205.4501953125,4212.8701171875,4156.16015625,4156.16015625,3715460000,S&P_500
2023-05-30,4205.52001953125,4231.10009765625,4192.18017578125,4226.7099609375,4228510000,S&P_500
2023-05-31,4179.830078125,4195.43994140625,4166.14990234375,4190.740234375,5980670000,S&P_500
2023-06-01,4221.02001953125,4232.43017578125,4171.64013671875,4183.02978515625,4391860000,S&P_500
2023-06-02,4282.3701171875,4290.669921875,4241.009765625,4241.009765625,4454200000,S&P_500
2023-06-05,4273.7900390625,4299.27978515625,4266.81982421875,4282.990234375,3813290000,S&P_500
2023-06-06,4283.85009765625,4288.330078125,4263.08984375,4271.33984375,3996560000,S&P_500
2023-06-07,4267.52001953125,4299.18994140625,4263.9599609375,4285.47021484375,4537800000,S&P_500
2023-06-08,4293.93017578125,4298.009765625,4261.06982421875,4268.68994140625,3826740000,S&P_500
2023-06-09,4298.85986328125,4322.6201171875,4291.7001953125,4304.8798828125,3786510000,S&P_500
2023-06-12,4338.93017578125,4340.1298828125,4304.3701171875,4308.31982421875,3945670000,S&P_500
2023-06-13,4369.009765625,4375.3701171875,4349.31005859375,4352.60986328125,4275400000,S&P_500
2023-06-14,4372.58984375,4391.81982421875,4337.85009765625,4366.2900390625,4252110000,S&P_500
2023-06-15,4425.83984375,4439.2001953125,4362.60009765625,4365.330078125,4176690000,S&P_500
2023-06-16,4409.58984375,4448.47021484375,4407.43994140625,4440.9501953125,6848600000,S&P_500
2023-06-20,4388.7099609375,4400.14990234375,4367.18994140625,4396.10986328125,4055790000,S&P_500
2023-06-21,4365.68994140625,4386.22021484375,4360.14013671875,4380.009765625,3709330000,S&P_500
2023-06-22,4381.89013671875,4382.25,4351.81982421875,4355.39990234375,3511000000,S&P_500
2023-06-23,4348.330078125,4366.5498046875,4341.33984375,4354.169921875,6053620000,S&P_500
2023-06-26,4328.81982421875,4362.06005859375,4328.080078125,4344.83984375,3415030000,S&P_500
2023-06-27,4378.41015625,4384.419921875,4335.0,4337.35986328125,3573500000,S&P_500
2023-06-28,4376.85986328125,4390.35009765625,4360.22021484375,4367.47998046875,3739330000,S&P_500
2023-06-29,4396.43994140625,4398.39013671875,4371.97021484375,4374.93994140625,3696660000,S&P_500
2023-06-30,4450.3798828125,4458.47998046875,4422.43994140625,4422.43994140625,3923450000,S&P_500
2023-07-03,4455.58984375,4456.4599609375,4442.2900390625,4450.47998046875,2034280000,S&P_500
2023-07-05,4446.81982421875,4454.06005859375,4436.60986328125,4442.0400390625,3482620000,S&P_500
2023-07-06,4411.58984375,4422.6201171875,4385.0498046875,4422.6201171875,3682020000,S&P_500
2023-07-07,4398.9501953125,4440.39013671875,4397.39990234375,4404.5400390625,3630480000,S&P_500
2023-07-10,4409.52978515625,4412.60009765625,4389.919921875,4394.22998046875,3429600000,S&P_500
2023-07-11,4439.259765625,4443.64013671875,4408.4599609375,4415.5498046875,3624220000,S&P_500
2023-07-12,4472.16015625,4488.33984375,4463.22998046875,4467.68994140625,3920290000,S&P_500
2023-07-13,4510.0400390625,4517.3798828125,4489.35986328125,4491.5,3839530000,S&P_500
2023-07-14,4505.419921875,4527.759765625,4499.56005859375,4514.60986328125,3647450000,S&P_500
2023-07-17,4522.7900390625,4532.85009765625,4504.89990234375,4508.85986328125,3538240000,S&P_500
2023-07-18,4554.97998046875,4562.2998046875,4514.58984375,4521.77978515625,4090010000,S&P_500
2023-07-19,4565.72021484375,4578.43017578125,4557.47998046875,4563.8701171875,4115670000,S&P_500
2023-07-20,4534.8701171875,4564.740234375,4527.56005859375,4554.3798828125,3761770000,S&P_500
2023-07-21,4536.33984375,4555.0,4535.7900390625,4550.16015625,3570190000,S&P_500
2023-07-24,4554.64013671875,4563.41015625,4541.2900390625,4543.39013671875,3856250000,S&P_500
2023-07-25,4567.4599609375,4580.6201171875,4552.419921875,4555.18994140625,3812470000,S&P_500
2023-07-26,4566.75,4582.47021484375,4547.580078125,4558.9599609375,3990290000,S&P_500
2023-07-27,4537.41015625,4607.06982421875,4528.56005859375,4598.259765625,4553210000,S&P_500
2023-07-28,4582.22998046875,4590.16015625,4564.009765625,4565.75,3981010000,S&P_500
2023-07-31,4588.9599609375,4594.22021484375,4573.14013671875,4584.81982421875,4503600000,S&P_500
2023-08-01,4576.72998046875,4584.6201171875,4567.52978515625,4578.830078125,4042370000,S&P_500
2023-08-02,4513.39013671875,4550.93017578125,4505.75,4550.93017578125,4270710000,S&P_500
2023-08-03,4501.89013671875,4519.490234375,4485.5400390625,4494.27001953125,4149120000,S&P_500
2023-08-04,4478.02978515625,4540.33984375,4474.5498046875,4513.9599609375,4143310000,S&P_500
2023-08-07,4518.43994140625,4519.83984375,4491.14990234375,4491.580078125,3493920000,S&P_500
2023-08-08,4499.3798828125,4503.31005859375,4464.39013671875,4498.02978515625,3884910000,S&P_500
2023-08-09,4467.7099609375,4502.43994140625,4461.330078125,4501.56982421875,3803100000,S&P_500
2023-08-10,4468.830078125,4527.3701171875,4457.919921875,4487.16015625,4504370000,S&P_500
2023-08-11,4464.0498046875,4476.22998046875,4443.97998046875,4450.68994140625,3753290000,S&P_500
2023-08-14,4489.72021484375,4490.330078125,4453.43994140625,4458.1298828125,3896410000,S&P_500
2023-08-15,4437.85986328125,4478.8701171875,4432.18994140625,4478.8701171875,3832250000,S&P_500
2023-08-16,4404.330078125,4449.9501953125,4403.5498046875,4433.7900390625,3753910000,S&P_500
2023-08-17,4370.35986328125,4421.169921875,4364.830078125,4416.31982421875,3943700000,S&P_500
2023-08-18,4369.7099609375,4381.81982421875,4335.31005859375,4344.8798828125,3940400000,S&P_500
2023-08-21,4399.77001953125,4407.5498046875,4360.2998046875,4380.27978515625,3726850000,S&P_500
2023-08-22,4387.5498046875,4418.58984375,4382.77001953125,4415.330078125,3522760000,S&P_500
2023-08-23,4436.009765625,4443.18017578125,4396.43994140625,4396.43994140625,3837270000,S&P_500
2023-08-24,4376.31005859375,4458.2998046875,4375.5498046875,4455.16015625,3723470000,S&P_500
2023-08-25,4405.7099609375,4418.4599609375,4356.2900390625,4389.3798828125,3296180000,S&P_500
2023-08-28,4433.31005859375,4439.56005859375,4414.97998046875,4426.02978515625,2957230000,S&P_500
2023-08-29,4497.6298828125,4500.14013671875,4431.68017578125,4432.75,3354820000,S&P_500
2023-08-30,4514.8701171875,4521.64990234375,4493.58984375,4500.33984375,3064110000,S&P_500
2023-08-31,4507.66015625,4532.259765625,4507.39013671875,4517.009765625,3946360000,S&P_500
2023-09-01,4515.77001953125,4541.25,4501.35009765625,4530.60009765625,3246260000,S&P_500
2023-09-05,4496.830078125,4514.2900390625,4496.009765625,4510.06005859375,3526250000,S&P_500
2023-09-06,4465.47998046875,4490.35009765625,4442.3798828125,4490.35009765625,3418850000,S&P_500
2023-09-07,4451.14013671875,4457.81005859375,4430.4599609375,4434.5498046875,3763760000,S&P_500
2023-09-08,4457.490234375,4473.52978515625,4448.3798828125,4451.2998046875,3259290000,S&P_500
2023-09-11,4487.4599609375,4490.77001953125,4467.89013671875,4480.97998046875,3369920000,S&P_500
2023-09-12,4461.89990234375,4487.10986328125,4456.830078125,4473.27001953125,3435740000,S&P_500
2023-09-13,4467.43994140625,4479.39013671875,4453.52001953125,4462.64990234375,3529430000,S&P_500
2023-09-14,4505.10009765625,4511.990234375,4478.68994140625,4487.77978515625,3648720000,S&P_500
2023-09-15,4450.31982421875,4497.97998046875,4447.2099609375,4497.97998046875,6932230000,S&P_500
2023-09-18,4453.52978515625,4466.35986328125,4442.10986328125,4445.1298828125,3161230000,S&P_500
2023-09-19,4443.9501953125,4449.85009765625,4416.60986328125,4445.41015625,3614880000,S&P_500
2023-09-20,4402.2001953125,4461.02978515625,4401.3798828125,4452.81005859375,3308450000,S&P_500
2023-09-21,4330.0,4375.7001953125,4329.169921875,4374.35986328125,3662340000,S&P_500
2023-09-22,4320.06005859375,4357.39990234375,4316.490234375,4341.740234375,3349570000,S&P_500
2023-09-25,4337.43994140625,4338.509765625,4302.7001953125,4310.6201171875,3195650000,S&P_500
2023-09-26,4273.52978515625,4313.009765625,4265.97998046875,4312.8798828125,3472340000,S&P_500
2023-09-27,4274.509765625,4292.06982421875,4238.6298828125,4282.6298828125,3875880000,S&P_500
2023-09-28,4299.7001953125,4317.27001953125,4264.3798828125,4269.64990234375,3846230000,S&P_500
2023-09-29,4288.0498046875,4333.14990234375,4274.85986328125,4328.18017578125,3865960000,S&P_500
2023-10-02,4288.39013671875,4300.580078125,4260.2099609375,4284.52001953125,3938660000,S&P_500
2023-10-03,4229.4501953125,4281.14990234375,4216.4501953125,4269.75,3953830000,S&P_500
2023-10-04,4263.75,4268.5,4220.47998046875,4233.830078125,3777600000,S&P_500
2023-10-05,4258.18994140625,4267.1298828125,4225.91015625,4259.31005859375,3581470000,S&P_500
2023-10-06,4308.5,4324.10009765625,4219.5498046875,4234.7900390625,3902030000,S&P_500
2023-10-09,4335.66015625,4341.72998046875,4283.7900390625,4289.02001953125,3174630000,S&P_500
2023-10-10,4358.240234375,4385.4599609375,4339.64013671875,4339.75,3520240000,S&P_500
2023-10-11,4376.9501953125,4378.64013671875,4345.33984375,4366.58984375,3601660000,S&P_500
2023-10-12,4349.60986328125,4385.85009765625,4325.43017578125,4380.93994140625,3713140000,S&P_500
2023-10-13,4327.77978515625,4377.10009765625,4311.97021484375,4360.490234375,3566560000,S&P_500
2023-10-16,4373.6298828125,4383.330078125,4342.3701171875,4342.3701171875,3409960000,S&P_500
2023-10-17,4373.2001953125,4393.56982421875,4337.5400390625,4345.22998046875,3794850000,S&P_500
2023-10-18,4314.60009765625,4364.2001953125,4303.83984375,4357.35009765625,3686030000,S&P_500
2023-10-19,4278.0,4339.5400390625,4269.68994140625,4321.35986328125,3969730000,S&P_500
2023-10-20,4224.16015625,4276.56005859375,4223.02978515625,4273.85009765625,4004030000,S&P_500
2023-10-23,4217.0400390625,4255.83984375,4189.22021484375,4210.39990234375,3776100000,S&P_500
2023-10-24,4247.68017578125,4259.3798828125,4219.43017578125,4235.7900390625,3821820000,S&P_500
2023-10-25,4186.77001953125,4232.419921875,4181.419921875,4232.419921875,3869370000,S&P_500
2023-10-26,4137.22998046875,4183.60009765625,4127.89990234375,4175.990234375,4277640000,S&P_500
2023-10-27,4117.3701171875,4156.7001953125,4103.77978515625,4152.93017578125,4019500000,S&P_500
2023-10-30,4166.81982421875,4177.47021484375,4132.93994140625,4139.39013671875,3911140000,S&P_500
2023-10-31,4193.7998046875,4195.5498046875,4153.1201171875,4171.330078125,4249470000,S&P_500
2023-11-01,4237.85986328125,4245.64013671875,4197.740234375,4201.27001953125,4224900000,S&P_500
2023-11-02,4317.77978515625,4319.72021484375,4268.259765625,4268.259765625,4669780000,S&P_500
2023-11-03,4358.33984375,4373.6201171875,4334.22998046875,4334.22998046875,4570960000,S&P_500
2023-11-06,4365.97998046875,4372.2099609375,4347.52978515625,4364.27001953125,3656340000,S&P_500
2023-11-07,4378.3798828125,4386.259765625,4355.41015625,4366.2099609375,3791230000,S&P_500
2023-11-08,4382.77978515625,4391.2001953125,4359.759765625,4384.3701171875,3729510000,S&P_500
2023-11-09,4347.35009765625,4393.39990234375,4343.93994140625,4391.41015625,3900780000,S&P_500
2023-11-10,4415.240234375,4418.02978515625,4353.33984375,4364.14990234375,3665080000,S&P_500
2023-11-13,4411.5498046875,4421.759765625,4393.81982421875,4406.66015625,3326240000,S&P_500
2023-11-14,4495.7001953125,4508.669921875,4458.97021484375,4458.97021484375,4700350000,S&P_500
2023-11-15,4502.8798828125,4521.169921875,4495.31005859375,4505.2998046875,4347170000,S&P_500
2023-11-16,4508.240234375,4511.990234375,4487.830078125,4497.080078125,3964520000,S&P_500
2023-11-17,4514.02001953125,4520.1201171875,4499.66015625,4509.5498046875,3777240000,S&P_500
2023-11-20,4547.3798828125,4557.10986328125,4510.35986328125,4511.7001953125,3644790000,S&P_500
2023-11-21,4538.18994140625,4542.14013671875,4525.509765625,4538.77001953125,3511080000,S&P_500
2023-11-22,4556.6201171875,4568.43017578125,4545.0498046875,4553.0400390625,3042810000,S&P_500
2023-11-24,4559.33984375,4560.31005859375,4552.7998046875,4555.83984375,1639500000,S&P_500
2023-11-27,4550.43017578125,4560.52001953125,4546.31982421875,4554.85986328125,3403990000,S&P_500
2023-11-28,4554.89013671875,4568.14013671875,4540.509765625,4545.5498046875,3586240000,S&P_500
2023-11-29,4550.580078125,4587.64013671875,4547.14990234375,4571.83984375,4418760000,S&P_500
2023-11-30,4567.7998046875,4569.89013671875,4537.240234375,4554.8701171875,5399300000,S&P_500
2023-12-01,4594.6298828125,4599.39013671875,4554.7099609375,4559.43017578125,4397120000,S&P_500
2023-12-04,4569.77978515625,4572.3701171875,4546.72021484375,4564.3701171875,4369910000,S&P_500
2023-12-05,4567.18017578125,4578.56005859375,4551.68017578125,4557.25,3909950000,S&P_500
2023-12-06,4549.33984375,4590.740234375,4546.5,4586.22998046875,4245680000,S&P_500
2023-12-07,4585.58984375,4590.919921875,4565.22021484375,4568.83984375,3818880000,S&P_500
2023-12-08,4604.3701171875,4609.22998046875,4574.06005859375,4576.2001953125,3707010000,S&P_500
2023-12-11,4622.43994140625,4623.7099609375,4593.39013671875,4593.39013671875,3823210000,S&P_500
2023-12-12,4643.7001953125,4643.93017578125,4608.08984375,4618.2998046875,3808380000,S&P_500
2023-12-13,4707.08984375,4709.68994140625,4643.22998046875,4646.2001953125,5063650000,S&P_500
2023-12-14,4719.5498046875,4738.56982421875,4694.33984375,4721.0400390625,6314040000,S&P_500
2023-12-15,4719.18994140625,4725.52978515625,4704.68994140625,4714.22998046875,8218980000,S&P_500
2023-12-18,4740.56005859375,4749.52001953125,4725.580078125,4725.580078125,4060340000,S&P_500
2023-12-19,4768.3701171875,4768.68994140625,4743.72021484375,4743.72021484375,4026970000,S&P_500
2023-12-20,4698.35009765625,4778.009765625,4697.81982421875,4764.72998046875,4201320000,S&P_500
2023-12-21,4746.75,4748.7099609375,4708.35009765625,4724.2900390625,3431180000,S&P_500
2023-12-22,4754.6298828125,4772.93994140625,4736.77001953125,4753.919921875,3046770000,S&P_500
2023-12-26,4774.75,4784.72021484375,4758.4501953125,4758.85986328125,2513910000,S&P_500
2023-12-27,4781.580078125,4785.39013671875,4768.89990234375,4773.4501953125,2748450000,S&P_500
2023-12-28,4783.35009765625,4793.2998046875,4780.97998046875,4786.43994140625,2698860000,S&P_500
2023-12-29,4769.830078125,4788.43017578125,4751.990234375,4782.8798828125,3126060000,S&P_500
2024-01-02,4742.830078125,4754.330078125,4722.669921875,4745.2001953125,3743050000,S&P_500
2024-01-03,4704.81005859375,4729.2900390625,4699.7099609375,4725.06982421875,3950760000,S&P_500
2024-01-04,4688.68017578125,4726.77978515625,4687.52978515625,4697.419921875,3715480000,S&P_500
2024-01-05,4697.240234375,4721.490234375,4682.10986328125,4690.56982421875,3844370000,S&P_500
2024-01-08,4763.5400390625,4764.5400390625,4699.81982421875,4703.7001953125,3742320000,S&P_500
2024-01-09,4756.5,4765.47021484375,4730.35009765625,4741.93017578125,3529960000,S&P_500
2024-01-10,4783.4501953125,4790.7998046875,4756.2001953125,4759.93994140625,3498680000,S&P_500
2024-01-11,4780.240234375,4798.5,4739.580078125,4792.1298828125,3759890000,S&P_500
2024-01-12,4783.830078125,4802.39990234375,4768.97998046875,4791.18017578125,3486340000,S&P_500
2024-01-16,4765.97998046875,4782.33984375,4747.1201171875,4772.35009765625,4260550000,S&P_500
2024-01-17,4739.2099609375,4744.22998046875,4714.81982421875,4739.1298828125,3928600000,S&P_500
2024-01-18,4780.93994140625,4785.7900390625,4740.56982421875,4760.10009765625,4019000000,S&P_500
2024-01-19,4839.81005859375,4842.06982421875,4785.8701171875,4796.27978515625,4287200000,S&P_500
2024-01-22,4850.43017578125,4868.41015625,4844.0498046875,4853.419921875,4297610000,S&P_500
2024-01-23,4864.60009765625,4866.47998046875,4844.3701171875,4856.7998046875,3912800000,S&P_500
2024-01-24,4868.5498046875,4903.68017578125,4865.93994140625,4888.56005859375,4330030000,S&P_500
2024-01-25,4894.16015625,4898.14990234375,4869.33984375,4886.66015625,4020430000,S&P_500
2024-01-26,4890.97021484375,4906.68994140625,4881.47021484375,4888.91015625,3353400000,S&P_500
2024-01-29,4927.93017578125,4929.31005859375,4887.39990234375,4892.9501953125,3525160000,S&P_500
2024-01-30,4924.97021484375,4931.08984375,4916.27001953125,4925.89013671875,3836130000,S&P_500
2024-01-31,4845.64990234375,4906.75,4845.14990234375,4899.18994140625,4696120000,S&P_500
2024-02-01,4906.18994140625,4906.97021484375,4853.52001953125,4861.10986328125,4386090000,S&P_500
2024-02-02,4958.60986328125,4975.2900390625,4907.990234375,4916.06005859375,3974350000,S&P_500
2024-02-05,4942.81005859375,4957.18994140625,4918.08984375,4957.18994140625,4023640000,S&P_500
2024-02-06,4954.22998046875,4957.77001953125,4934.8798828125,4950.16015625,4440880000,S&P_500
2024-02-07,4995.06005859375,4999.89013671875,4969.0498046875,4973.0498046875,4895590000,S&P_500
2024-02-08,4997.91015625,5000.39990234375,4987.08984375,4995.16015625,4341860000,S&P_500
2024-02-09,5026.60986328125,5030.06005859375,5000.33984375,5004.169921875,3912990000,S&P_500
2024-02-12,5021.83984375,5048.39013671875,5016.830078125,5026.830078125,3805740000,S&P_500
2024-02-13,4953.169921875,4971.2998046875,4920.31005859375,4967.93994140625,4302190000,S&P_500
2024-02-14,5000.6201171875,5002.52001953125,4956.4501953125,4976.43994140625,3845600000,S&P_500
2024-02-15,5029.72998046875,5032.72021484375,4999.43994140625,5003.14013671875,4137970000,S&P_500
2024-02-16,5005.56982421875,5038.7001953125,4999.52001953125,5031.1298828125,3833270000,S&P_500
2024-02-20,4975.509765625,4993.7099609375,4955.02001953125,4989.31982421875,4034880000,S&P_500
2024-02-21,4981.7998046875,4983.2099609375,4946.0,4963.02978515625,3788390000,S&P_500
2024-02-22,5087.02978515625,5094.39013671875,5038.830078125,5038.830078125,4051710000,S&P_500
2024-02-23,5088.7998046875,5111.06005859375,5081.4599609375,5100.919921875,3672790000,S&P_500
2024-02-26,5069.52978515625,5097.66015625,5068.91015625,5093.0,3683930000,S&P_500
2024-02-27,5078.18017578125,5080.68994140625,5057.2900390625,5074.60009765625,3925950000,S&P_500
2024-02-28,5069.759765625,5077.3701171875,5058.35009765625,5067.2001953125,3789370000,S&P_500
2024-02-29,5096.27001953125,5104.990234375,5061.89013671875,5085.35986328125,5219740000,S&P_500
2024-03-01,5137.080078125,5140.330078125,5094.16015625,5098.509765625,4748110000,S&P_500
2024-03-04,5130.9501953125,5149.669921875,5127.18017578125,5130.990234375,4758440000,S&P_500
2024-03-05,5078.64990234375,5114.5400390625,5056.81982421875,5110.52001953125,4418410000,S&P_500
2024-03-06,5104.759765625,5127.97021484375,5092.22021484375,5108.02978515625,4559050000,S&P_500
2024-03-07,5157.35986328125,5165.6201171875,5128.2099609375,5132.3798828125,4137980000,S&P_500
2024-03-08,5123.68994140625,5189.259765625,5117.5,5164.4599609375,4208870000,S&P_500
2024-03-11,5117.93994140625,5124.66015625,5091.14013671875,5111.9599609375,3896430000,S&P_500
2024-03-12,5175.27001953125,5179.8701171875,5114.47998046875,5134.2998046875,4080510000,S&P_500
2024-03-13,5165.31005859375,5179.14013671875,5151.8798828125,5173.490234375,4282890000,S&P_500
2024-03-14,5150.47998046875,5176.85009765625,5123.2998046875,5175.14013671875,4687970000,S&P_500
2024-03-15,5117.08984375,5136.85986328125,5104.35009765625,5123.31005859375,7753670000,S&P_500
2024-03-18,5149.419921875,5175.60009765625,5145.47021484375,5154.77001953125,4036220000,S&P_500
2024-03-19,5178.509765625,5180.31005859375,5131.58984375,5139.08984375,4031760000,S&P_500
2024-03-20,5224.6201171875,5226.18994140625,5171.5498046875,5181.68994140625,4064850000,S&P_500
2024-03-21,5241.52978515625,5261.10009765625,5240.66015625,5253.43017578125,4207730000,S&P_500
2024-03-22,5234.18017578125,5246.08984375,5229.8701171875,5242.47998046875,3374700000,S&P_500
2024-03-25,5218.18994140625,5229.08984375,5216.08984375,5219.52001953125,3331360000,S&P_500
2024-03-26,5203.580078125,5235.16015625,5203.419921875,5228.85009765625,3871790000,S&P_500
2024-03-27,5248.490234375,5249.259765625,5213.919921875,5226.31005859375,3850500000,S&P_500
2024-03-28,5254.35009765625,5264.85009765625,5245.81982421875,5248.02978515625,3998270000,S&P_500
2024-04-01,5243.77001953125,5263.9501953125,5229.2001953125,5257.97021484375,3325930000,S&P_500
2024-04-02,5205.81005859375,5208.33984375,5184.0498046875,5204.2900390625,3886590000,S&P_500
2024-04-03,5211.490234375,5228.75,5194.3701171875,5194.3701171875,3703250000,S&P_500
2024-04-04,5147.2099609375,5256.58984375,5146.06005859375,5244.0498046875,4075680000,S&P_500
2024-04-05,5204.33984375,5222.18017578125,5157.2099609375,5158.9501953125,3386780000,S&P_500
2024-04-08,5202.39013671875,5219.56982421875,5197.35009765625,5211.3701171875,3278180000,S&P_500
2024-04-09,5209.91015625,5224.81005859375,5160.77978515625,5217.02978515625,3400680000,S&P_500
2024-04-10,5160.64013671875,5178.43017578125,5138.7001953125,5167.8798828125,3845930000,S&P_500
2024-04-11,5199.06005859375,5211.77978515625,5138.77001953125,5172.9501953125,3509380000,S&P_500
2024-04-12,5123.41015625,5175.02978515625,5107.93994140625,5171.509765625,3963220000,S&P_500
2024-04-15,5061.81982421875,5168.43017578125,5052.47021484375,5149.669921875,3950210000,S&P_500
2024-04-16,5051.41015625,5079.83984375,5039.830078125,5064.58984375,4006200000,S&P_500
2024-04-17,5022.2099609375,5077.9599609375,5007.25,5068.97021484375,3596130000,S&P_500
2024-04-18,5011.1201171875,5056.66015625,5001.89013671875,5031.52001953125,3619760000,S&P_500
2024-04-19,4967.22998046875,5019.02001953125,4953.56005859375,5005.43994140625,3878750000,S&P_500
2024-04-22,5010.60009765625,5038.83984375,4969.39990234375,4987.330078125,3820250000,S&P_500
2024-04-23,5070.5498046875,5076.1201171875,5027.9599609375,5028.85009765625,3751400000,S&P_500
2024-04-24,5071.6298828125,5089.47998046875,5047.02001953125,5084.85986328125,3656740000,S&P_500
2024-04-25,5048.419921875,5057.75,4990.580078125,5019.8798828125,3958050000,S&P_500
2024-04-26,5099.9599609375,5114.6201171875,5073.14013671875,5084.64990234375,3604140000,S&P_500
2024-04-29,5116.169921875,5123.490234375,5088.64990234375,5114.1298828125,3447450000,S&P_500
2024-04-30,5035.68994140625,5110.830078125,5035.31005859375,5103.77978515625,4082470000,S&P_500
2024-05-01,5018.39013671875,5096.1201171875,5013.4501953125,5029.02978515625,4544170000,S&P_500
2024-05-02,5064.2001953125,5073.2099609375,5011.0498046875,5049.31982421875,4381660000,S&P_500
2024-05-03,5127.7900390625,5139.1201171875,5101.22021484375,5122.77978515625,3924990000,S&P_500
2024-05-06,5180.740234375,5181.0,5142.419921875,5142.419921875,3683250000,S&P_500
2024-05-07,5187.7001953125,5200.22998046875,5178.9599609375,5187.2001953125,3987890000,S&P_500
2024-05-08,5187.669921875,5191.9501953125,5165.85986328125,5168.97998046875,3842100000,S&P_500
2024-05-09,5214.080078125,5215.2998046875,5180.41015625,5189.02978515625,3727370000,S&P_500
2024-05-10,5222.68017578125,5239.66015625,5209.68017578125,5225.490234375,3617900000,S&P_500
2024-05-13,5221.419921875,5237.259765625,5211.16015625,5233.080078125,4255710000,S&P_500
2024-05-14,5246.68017578125,5250.3701171875,5217.97998046875,5221.10009765625,4763580000,S&P_500
2024-05-15,5308.14990234375,5311.759765625,5263.259765625,5263.259765625,4360810000,S&P_500
2024-05-16,5297.10009765625,5325.490234375,5296.18994140625,5310.06982421875,3817470000,S&P_500
2024-05-17,5303.27001953125,5305.4501953125,5283.58984375,5303.10009765625,3578120000,S&P_500
2024-05-20,5308.1298828125,5325.31982421875,5302.39990234375,5305.35009765625,3420100000,S&P_500
2024-05-21,5321.41015625,5324.31982421875,5297.8701171875,5298.68994140625,3662240000,S&P_500
2024-05-22,5307.009765625,5323.18017578125,5286.009765625,5319.27978515625,3847130000,S&P_500
2024-05-23,5267.83984375,5341.8798828125,5256.93017578125,5340.259765625,3869520000,S&P_500
2024-05-24,5304.72021484375,5311.64990234375,5278.39013671875,5281.4501953125,3005510000,S&P_500
2024-05-28,5306.0400390625,5315.91015625,5280.89013671875,5315.91015625,3751540000,S&P_500
2024-05-29,5266.9501953125,5282.27001953125,5262.7001953125,5278.72998046875,3552750000,S&P_500
2024-05-30,5235.47998046875,5260.2099609375,5222.10009765625,5259.77001953125,3818750000,S&P_500
2024-05-31,5277.509765625,5280.330078125,5191.68017578125,5243.2099609375,5437160000,S&P_500
2024-06-03,5283.39990234375,5302.10986328125,5234.31982421875,5297.14990234375,4046920000,S&P_500
2024-06-04,5291.33984375,5298.7998046875,5257.6298828125,5278.240234375,3707900000,S&P_500
2024-06-05,5354.02978515625,5354.16015625,5297.64013671875,5314.47998046875,3591460000,S&P_500
2024-06-06,5352.9599609375,5362.35009765625,5335.35986328125,5357.7998046875,3609990000,S&P_500
2024-06-07,5346.990234375,5375.080078125,5331.330078125,5343.81005859375,3692760000,S&P_500
2024-06-10,5360.7900390625,5365.7900390625,5331.52001953125,5341.22021484375,3622280000,S&P_500
2024-06-11,5375.31982421875,5375.9501953125,5327.25,5353.0,3568030000,S&P_500
2024-06-12,5421.02978515625,5447.25,5409.1298828125,5409.1298828125,3962840000,S&P_500
2024-06-13,5433.740234375,5441.93017578125,5402.509765625,5441.93017578125,3530380000,S&P_500
2024-06-14,5431.60009765625,5432.39013671875,5403.75,5424.080078125,3438650000,S&P_500
2024-06-17,5473.22998046875,5488.5,5420.39990234375,5431.10986328125,3447840000,S&P_500
2024-06-18,5487.02978515625,5490.3798828125,5471.31982421875,5476.14990234375,3544330000,S&P_500
2024-06-20,5473.169921875,5505.52978515625,5455.56005859375,5499.990234375,3847060000,S&P_500
2024-06-21,5464.6201171875,5478.31005859375,5452.02978515625,5466.77001953125,6773800000,S&P_500
2024-06-24,5447.8701171875,5490.66015625,5447.58984375,5459.580078125,3696750000,S&P_500
2024-06-25,5469.2998046875,5472.8798828125,5446.56005859375,5460.72998046875,3591960000,S&P_500
2024-06-26,5477.89990234375,5483.14013671875,5451.8701171875,5460.7099609375,3563920000,S&P_500
2024-06-27,5482.8701171875,5490.81005859375,5467.5400390625,5473.58984375,3589530000,S&P_500
2024-06-28,5460.47998046875,5523.64013671875,5451.1201171875,5488.47998046875,7199220000,S&P_500
2024-07-01,5475.08984375,5479.5498046875,5446.52978515625,5471.080078125,3488760000,S&P_500
2024-07-02,5509.009765625,5509.68994140625,5458.43017578125,5461.83984375,3329950000,S&P_500
2024-07-03,5537.02001953125,5539.27001953125,5507.419921875,5507.43994140625,2179470000,S&P_500
2024-07-05,5567.18994140625,5570.330078125,5531.6298828125,5537.91015625,3253080000,S&P_500
2024-07-08,5572.85009765625,5583.10986328125,5562.509765625,5572.75,3185670000,S&P_500
2024-07-09,5576.97998046875,5590.75,5574.56982421875,5584.240234375,3232920000,S&P_500
2024-07-10,5633.91015625,5635.39013671875,5586.43994140625,5591.259765625,3336100000,S&P_500
2024-07-11,5584.5400390625,5642.4501953125,5576.52978515625,5635.2099609375,4020950000,S&P_500
2024-07-12,5615.35009765625,5655.56005859375,5590.43994140625,5590.759765625,3700280000,S&P_500
2024-07-15,5631.22021484375,5666.93994140625,5614.75,5638.16015625,3620470000,S&P_500
2024-07-16,5667.2001953125,5669.669921875,5639.02001953125,5644.08984375,4041760000,S&P_500
2024-07-17,5588.27001953125,5622.490234375,5584.81005859375,5610.06982421875,4246450000,S&P_500
2024-07-18,5544.58984375,5614.0498046875,5522.81005859375,5608.56005859375,4007510000,S&P_500
2024-07-19,5505.0,5557.5,5497.0400390625,5543.3701171875,3760570000,S&P_500
2024-07-22,5564.41015625,5570.35986328125,5529.0400390625,5544.5400390625,3375180000,S&P_500
2024-07-23,5555.740234375,5585.33984375,5550.89990234375,5565.2998046875,3500210000,S&P_500
2024-07-24,5427.1298828125,5508.0400390625,5419.97998046875,5505.83984375,3945550000,S&P_500
2024-07-25,5399.22021484375,5491.58984375,5390.9501953125,5428.7001953125,4592120000,S&P_500
2024-07-26,5459.10009765625,5488.31982421875,5430.7001953125,5433.669921875,3638770000,S&P_500
2024-07-29,5463.5400390625,5487.740234375,5444.43994140625,5476.5498046875,3379970000,S&P_500
2024-07-30,5436.43994140625,5489.4599609375,5401.7001953125,5478.72998046875,3777740000,S&P_500
2024-07-31,5522.2998046875,5551.509765625,5493.75,5505.58984375,4546910000,S&P_500
2024-08-01,5446.68017578125,5566.16015625,5410.419921875,5537.83984375,4703620000,S&P_500
2024-08-02,5346.56005859375,5383.89013671875,5302.02978515625,5376.6298828125,5156450000,S&P_500
2024-08-05,5186.330078125,5250.89013671875,5119.259765625,5151.14013671875,5333250000,S&P_500
2024-08-06,5240.02978515625,5312.33984375,5193.56005859375,5206.419921875,4690190000,S&P_500
2024-08-07,5199.5,5330.64013671875,5195.5400390625,5293.1298828125,4558260000,S&P_500
2024-08-08,5319.31005859375,5328.02978515625,5233.85009765625,5252.56982421875,4016830000,S&P_500
2024-08-09,5344.16015625,5358.669921875,5300.83984375,5314.66015625,3516400000,S&P_500
2024-08-12,5344.39013671875,5371.2001953125,5324.3701171875,5351.8798828125,3360160000,S&P_500
2024-08-13,5434.43017578125,5436.5,5376.97998046875,5376.97998046875,3648980000,S&P_500
2024-08-14,5455.2099609375,5463.22021484375,5415.91015625,5442.35986328125,3380050000,S&P_500
2024-08-15,5543.22021484375,5546.22998046875,5501.1298828125,5501.1298828125,3723310000,S&P_500
2024-08-16,5554.25,5561.97998046875,5525.169921875,5530.5,3357690000,S&P_500
2024-08-19,5608.25,5608.2998046875,5550.740234375,5557.22998046875,3222050000,S&P_500
2024-08-20,5597.1201171875,5620.509765625,5585.5,5602.8798828125,2994420000,S&P_500
2024-08-21,5620.85009765625,5632.68017578125,5591.56982421875,5603.08984375,3119670000,S&P_500
2024-08-22,5570.64013671875,5643.22021484375,5560.9501953125,5637.77001953125,2981530000,S&P_500
2024-08-23,5634.60986328125,5641.81982421875,5585.16015625,5602.490234375,3291940000,S&P_500
2024-08-26,5616.83984375,5651.6201171875,5602.33984375,5639.66015625,2938570000,S&P_500
2024-08-27,5625.7998046875,5631.18017578125,5593.47998046875,5602.89013671875,2798990000,S&P_500
2024-08-28,5592.18017578125,5627.02978515625,5560.9501953125,5624.509765625,3053450000,S&P_500
2024-08-29,5591.9599609375,5646.9501953125,5583.7099609375,5607.2998046875,3065640000,S&P_500
2024-08-30,5648.39990234375,5651.3701171875,5581.7900390625,5612.740234375,4185850000,S&P_500
2024-09-03,5528.93017578125,5623.89013671875,5504.330078125,5623.89013671875,3866350000,S&P_500
2024-09-04,5520.06982421875,5552.990234375,5503.66015625,5506.68017578125,3478140000,S&P_500
2024-09-05,5503.41015625,5546.2998046875,5480.5400390625,5520.080078125,3521650000,S&P_500
2024-09-06,5408.419921875,5522.47021484375,5402.6201171875,5507.330078125,3822800000,S&P_500
2024-09-09,5471.0498046875,5484.2001953125,5434.490234375,5442.06982421875,3825940000,S&P_500
2024-09-10,5495.52001953125,5497.91015625,5441.72021484375,5490.509765625,3848180000,S&P_500
2024-09-11,5554.1298828125,5560.41015625,5406.9599609375,5496.419921875,3839450000,S&P_500
2024-09-12,5595.759765625,5600.7099609375,5535.5,5557.47998046875,3655070000,S&P_500
2024-09-13,5626.02001953125,5636.27001953125,5601.64990234375,5603.33984375,3500790000,S&P_500
2024-09-16,5633.08984375,5636.0498046875,5604.52978515625,5615.2099609375,3437070000,S&P_500
2024-09-17,5634.580078125,5670.81005859375,5614.0498046875,5655.509765625,3443600000,S&P_500
2024-09-18,5618.259765625,5689.75,5615.080078125,5641.68017578125,3691390000,S&P_500
2024-09-19,5713.64013671875,5733.56982421875,5686.419921875,5702.6298828125,4024530000,S&P_500
2024-09-20,5702.5498046875,5715.14013671875,5674.490234375,5709.64013671875,7867260000,S&P_500
2024-09-23,5718.56982421875,5725.35986328125,5704.22021484375,5711.89990234375,3529550000,S&P_500
2024-09-24,5732.93017578125,5735.31982421875,5698.990234375,5727.66015625,3872710000,S&P_500
2024-09-25,5722.259765625,5741.02978515625,5712.06005859375,5733.64990234375,3624910000,S&P_500
2024-09-26,5745.3701171875,5767.3701171875,5721.009765625,5762.22021484375,4391180000,S&P_500
2024-09-27,5738.169921875,5763.77978515625,5727.33984375,5755.35986328125,3898530000,S&P_500
2024-09-30,5762.47998046875,5765.14013671875,5703.52978515625,5726.52001953125,4425730000,S&P_500
2024-10-01,5708.75,5757.72998046875,5681.27978515625,5757.72998046875,4025180000,S&P_500
2024-10-02,5709.5400390625,5719.6298828125,5674.0,5698.14013671875,3829050000,S&P_500
2024-10-03,5699.93994140625,5718.77978515625,5677.3701171875,5698.18994140625,3597450000,S&P_500
2024-10-04,5751.06982421875,5753.2099609375,5702.830078125,5737.47998046875,3479400000,S&P_500
2024-10-07,5695.93994140625,5739.33984375,5686.85009765625,5737.7998046875,3637790000,S&P_500
2024-10-08,5751.1298828125,5757.60009765625,5714.56005859375,5719.14013671875,3393400000,S&P_500
2024-10-09,5792.0400390625,5796.7998046875,5745.02001953125,5751.7998046875,3650340000,S&P_500
2024-10-10,5780.0498046875,5795.02978515625,5764.759765625,5778.35986328125,3208790000,S&P_500
2024-10-11,5815.02978515625,5822.1298828125,5775.08984375,5775.08984375,3208720000,S&P_500
2024-10-14,5859.85009765625,5871.41015625,5829.56982421875,5829.81005859375,3005250000,S&P_500
2024-10-15,5815.259765625,5870.35986328125,5804.47998046875,5866.740234375,3882120000,S&P_500
2024-10-16,5842.47021484375,5846.52001953125,5808.33984375,5816.580078125,3467230000,S&P_500
2024-10-17,5841.47021484375,5878.4599609375,5840.25,5875.6201171875,3480010000,S&P_500
2024-10-18,5864.669921875,5872.169921875,5846.10986328125,5859.43017578125,3374490000,S&P_500
2024-10-21,5853.97998046875,5866.919921875,5824.7900390625,5857.81982421875,3407010000,S&P_500
2024-10-22,5851.2001953125,5863.0400390625,5821.169921875,5832.7001953125,3342080000,S&P_500
2024-10-23,5797.419921875,5834.85009765625,5762.41015625,5834.5,3532650000,S&P_500
2024-10-24,5809.85986328125,5817.7998046875,5784.919921875,5817.7998046875,3543030000,S&P_500
2024-10-25,5808.1201171875,5862.81982421875,5799.97998046875,5826.75,3501280000,S&P_500
2024-10-28,5823.52001953125,5842.919921875,5823.080078125,5833.93017578125,3691280000,S&P_500
2024-10-29,5832.919921875,5847.18994140625,5802.169921875,5819.68017578125,3879100000,S&P_500
2024-10-30,5813.669921875,5850.93994140625,5811.27978515625,5832.64990234375,3851120000,S&P_500
2024-10-31,5705.4501953125,5775.33984375,5702.85986328125,5775.33984375,4425660000,S&P_500
2024-11-01,5728.7998046875,5772.52001953125,5723.22021484375,5723.22021484375,3796450000,S&P_500
2024-11-04,5712.68994140625,5741.43017578125,5696.509765625,5725.14990234375,3602060000,S&P_500
2024-11-05,5782.759765625,5783.43994140625,5722.10009765625,5722.43017578125,3768310000,S&P_500
2024-11-06,5929.0400390625,5936.14013671875,5864.89013671875,5864.89013671875,6329530000,S&P_500
2024-11-07,5973.10009765625,5983.83984375,5947.2099609375,5947.2099609375,4925740000,S&P_500
2024-11-08,5995.5400390625,6012.4501953125,5976.759765625,5976.759765625,4666740000,S&P_500
2024-11-11,6001.35009765625,6017.31005859375,5986.68994140625,6008.85986328125,4333000000,S&P_500
2024-11-12,5983.990234375,6009.919921875,5960.080078125,6003.60009765625,4243400000,S&P_500
2024-11-13,5985.3798828125,6008.18994140625,5965.91015625,5985.75,4220180000,S&P_500
2024-11-14,5949.169921875,5993.8798828125,5942.27978515625,5989.68017578125,4184570000,S&P_500
2024-11-15,5870.6201171875,5915.31982421875,5853.009765625,5912.7900390625,4590960000,S&P_500
2024-11-18,5893.6201171875,5908.1201171875,5865.9501953125,5874.169921875,3983860000,S&P_500
2024-11-19,5916.97998046875,5923.509765625,5855.2900390625,5870.0498046875,4036940000,S&P_500
2024-11-20,5917.10986328125,5920.669921875,5860.56005859375,5914.33984375,3772620000,S&P_500
2024-11-21,5948.7099609375,5963.31982421875,5887.259765625,5940.580078125,4230120000,S&P_500
2024-11-22,5969.33984375,5972.89990234375,5944.35986328125,5944.35986328125,4141420000,S&P_500
2024-11-25,5987.3701171875,6020.75,5963.91015625,5992.27978515625,5633150000,S&P_500
2024-11-26,6021.6298828125,6025.419921875,5992.27001953125,6000.02978515625,3835170000,S&P_500
2024-11-27,5998.740234375,6020.16015625,5984.8701171875,6014.10986328125,3363340000,S&P_500
2024-11-29,6032.3798828125,6044.169921875,6003.97998046875,6003.97998046875,2444420000,S&P_500
2024-12-02,6047.14990234375,6053.580078125,6035.330078125,6040.10986328125,4412470000,S&P_500
2024-12-03,6049.8798828125,6052.06982421875,6033.39013671875,6042.97021484375,4095000000,S&P_500
2024-12-04,6086.490234375,6089.83984375,6061.06005859375,6069.39013671875,4003390000,S&P_500
2024-12-05,6075.10986328125,6094.5498046875,6072.89990234375,6089.02978515625,4212020000,S&P_500
2024-12-06,6090.27001953125,6099.97021484375,6079.97998046875,6081.3798828125,3924830000,S&P_500
2024-12-09,6052.85009765625,6088.509765625,6048.6298828125,6083.009765625,4556460000,S&P_500
2024-12-10,6034.91015625,6065.39990234375,6029.89013671875,6057.58984375,4048410000,S&P_500
2024-12-11,6084.18994140625,6092.58984375,6060.14990234375,6060.14990234375,4269950000,S&P_500
2024-12-12,6051.25,6079.68017578125,6051.25,6074.2900390625,3678010000,S&P_500
2024-12-13,6051.08984375,6078.580078125,6035.77001953125,6068.169921875,3584960000,S&P_500
2024-12-16,6074.080078125,6085.18994140625,6059.14013671875,6063.7900390625,4391100000,S&P_500
2024-12-17,6050.60986328125,6057.68017578125,6035.18994140625,6052.5498046875,4544500000,S&P_500
2024-12-18,5872.16015625,6070.669921875,5867.7900390625,6047.64990234375,5246960000,S&P_500
2024-12-19,5867.080078125,5935.52001953125,5866.06982421875,5912.7099609375,4896880000,S&P_500
2024-12-20,5930.85009765625,5982.06005859375,5832.2998046875,5842.0,8223220000,S&P_500
2024-12-23,5974.06982421875,5978.25,5902.56982421875,5940.25,3593280000,S&P_500
2024-12-24,6040.0400390625,6040.10009765625,5981.43994140625,5984.6298828125,1757720000,S&P_500
2024-12-26,6037.58984375,6049.75,6007.3701171875,6024.97021484375,2904530000,S&P_500
2024-12-27,5970.83984375,6006.169921875,5932.9501953125,6006.169921875,3159610000,S&P_500
2024-12-30,5906.93994140625,5940.7900390625,5869.16015625,5920.669921875,3433250000,S&P_500
2024-12-31,5881.6298828125,5929.740234375,5868.85986328125,5919.740234375,3128350000,S&P_500
2025-01-02,5868.5498046875,5935.08984375,5829.52978515625,5903.259765625,3621680000,S&P_500
2025-01-03,5942.47021484375,5949.33984375,5888.66015625,5891.06982421875,3667340000,S&P_500
2025-01-06,5975.3798828125,6021.0400390625,5960.009765625,5982.81005859375,4940120000,S&P_500
2025-01-07,5909.02978515625,6000.68017578125,5890.68017578125,5993.259765625,4517330000,S&P_500
2025-01-08,5918.25,5927.89013671875,5874.77978515625,5910.66015625,4441740000,S&P_500
2025-01-10,5827.0400390625,5890.35009765625,5807.77978515625,5890.35009765625,4751930000,S&P_500
2025-01-13,5836.22021484375,5838.60986328125,5773.31005859375,5782.02001953125,4421200000,S&P_500
2025-01-14,5842.91015625,5871.919921875,5805.419921875,5859.27001953125,4142280000,S&P_500
2025-01-15,5949.91015625,5960.60986328125,5905.2099609375,5905.2099609375,4544570000,S&P_500
2025-01-16,5937.33984375,5964.68994140625,5930.72021484375,5963.60986328125,4285810000,S&P_500
2025-01-17,5996.66015625,6014.9599609375,5978.43994140625,5995.39990234375,4366830000,S&P_500
2025-01-21,6049.240234375,6051.509765625,6006.8798828125,6014.1201171875,4702920000,S&P_500
2025-01-22,6086.3701171875,6100.81005859375,6076.1298828125,6081.39013671875,4323040000,S&P_500
2025-01-23,6118.7099609375,6118.72998046875,6074.669921875,6076.31982421875,4432250000,S&P_500
2025-01-24,6101.240234375,6128.18017578125,6088.740234375,6121.43017578125,4214250000,S&P_500
2025-01-27,6012.27978515625,6017.169921875,5962.919921875,5969.0400390625,5198750000,S&P_500
2025-01-28,6067.7001953125,6074.5400390625,5994.6298828125,6026.97021484375,4473640000,S&P_500
2025-01-29,6039.31005859375,6062.830078125,6012.9599609375,6057.7001953125,4115310000,S&P_500
2025-01-30,6071.169921875,6086.64013671875,6027.4599609375,6050.75,4634620000,S&P_500
2025-01-31,6040.52978515625,6120.91015625,6030.93017578125,6096.7900390625,4843770000,S&P_500
2025-02-03,5994.56982421875,6022.1298828125,5923.93017578125,5969.64990234375,4797210000,S&P_500
2025-02-04,6037.8798828125,6042.47998046875,5990.8701171875,5998.14013671875,4410160000,S&P_500
2025-02-05,6061.47998046875,6062.85986328125,6007.06005859375,6020.4501953125,4756250000,S&P_500
2025-02-06,6083.56982421875,6084.02978515625,6046.830078125,6072.22021484375,4847120000,S&P_500
2025-02-07,6025.990234375,6101.27978515625,6019.9599609375,6083.1298828125,4766900000,S&P_500
2025-02-10,6066.43994140625,6073.3798828125,6044.83984375,6046.39990234375,4458760000,S&P_500
2025-02-11,6068.5,6076.27978515625,6042.33984375,6049.31982421875,4324880000,S&P_500
2025-02-12,6051.97021484375,6063.0,6003.0,6025.080078125,4627960000,S&P_500
2025-02-13,6115.06982421875,6116.91015625,6050.9501953125,6060.58984375,4763800000,S&P_500
2025-02-14,6114.6298828125,6127.47021484375,6107.6201171875,6115.52001953125,4335190000,S&P_500
2025-02-18,6129.580078125,6129.6298828125,6099.509765625,6121.60009765625,4684980000,S&P_500
2025-02-19,6144.14990234375,6147.43017578125,6111.14990234375,6117.759765625,4562330000,S&P_500
2025-02-20,6117.52001953125,6134.5,6084.58984375,6134.5,4813690000,S&P_500
2025-02-21,6013.1298828125,6114.81982421875,6008.56005859375,6114.10009765625,5434560000,S&P_500
2025-02-24,5983.25,6043.64990234375,5977.830078125,6026.68994140625,4990120000,S&P_500
2025-02-25,5955.25,5992.64990234375,5908.490234375,5982.72998046875,5374690000,S&P_500
2025-02-26,5956.06005859375,6009.81982421875,5932.68994140625,5970.8701171875,4869580000,S&P_500
2025-02-27,5861.56982421875,5993.68994140625,5858.77978515625,5981.8798828125,5057680000,S&P_500
2025-02-28,5954.5,5959.39990234375,5837.66015625,5856.740234375,6441140000,S&P_500
2025-03-03,5849.72021484375,5986.08984375,5810.91015625,5968.330078125,5613850000,S&P_500
2025-03-04,5778.14990234375,5865.080078125,5732.58984375,5811.97998046875,6138110000,S&P_500
2025-03-05,5842.6298828125,5860.58984375,5742.35009765625,5781.35986328125,5285970000,S&P_500
2025-03-06,5738.52001953125,5812.080078125,5711.64013671875,5785.8701171875,5165080000,S&P_500
2025-03-07,5770.2001953125,5783.009765625,5666.2900390625,5726.009765625,5705140000,S&P_500
2025-03-10,5614.56005859375,5705.3701171875,5564.02001953125,5705.3701171875,6409370000,S&P_500
2025-03-11,5572.06982421875,5636.2998046875,5528.41015625,5603.64990234375,6221240000,S&P_500
2025-03-12,5599.2998046875,5642.18994140625,5546.08984375,5624.83984375,5219830000,S&P_500
2025-03-13,5521.52001953125,5597.77978515625,5504.64990234375,5594.4501953125,5018980000,S&P_500
2025-03-14,5638.93994140625,5645.27001953125,5563.85009765625,5563.85009765625,4863180000,S&P_500
2025-03-17,5675.1201171875,5703.52001953125,5631.1201171875,5635.60009765625,5031770000,S&P_500
2025-03-18,5614.66015625,5654.52978515625,5597.759765625,5654.52978515625,4666270000,S&P_500
2025-03-19,5675.2900390625,5715.330078125,5622.2001953125,5632.3701171875,4660090000,S&P_500
2025-03-20,5662.89013671875,5711.14990234375,5632.330078125,5646.919921875,4678420000,S&P_500
2025-03-21,5667.56005859375,5670.83984375,5603.10009765625,5630.72998046875,9367460000,S&P_500
2025-03-24,5767.56982421875,5775.14013671875,5718.080078125,5718.080078125,4517990000,S&P_500
2025-03-25,5776.64990234375,5786.9501953125,5760.419921875,5775.9599609375,4467340000,S&P_500
2025-03-26,5712.2001953125,5783.6201171875,5694.41015625,5771.66015625,4183140000,S&P_500
2025-03-27,5693.31005859375,5732.27978515625,5670.93994140625,5695.64013671875,4403460000,S&P_500
2025-03-28,5580.93994140625,5685.89013671875,5572.419921875,5679.2001953125,4513330000,S&P_500
2025-03-31,5611.85009765625,5627.56005859375,5488.72998046875,5527.91015625,5257250000,S&P_500
2025-04-01,5633.06982421875,5650.56982421875,5558.52001953125,5597.52978515625,4434500000,S&P_500
2025-04-02,5670.97021484375,5695.31005859375,5571.47998046875,5580.759765625,4243830000,S&P_500
2025-04-03,5396.52001953125,5499.52978515625,5390.830078125,5492.740234375,7210470000,S&P_500
2025-04-04,5074.080078125,5292.14013671875,5069.89990234375,5292.14013671875,8853500000,S&P_500
2025-04-07,5062.25,5246.56982421875,4835.0400390625,4953.7900390625,8691980000,S&P_500
2025-04-08,4982.77001953125,5267.47021484375,4910.419921875,5193.56982421875,7408140000,S&P_500
2025-04-09,5456.89990234375,5481.33984375,4948.43017578125,4965.27978515625,9489600000,S&P_500
2025-04-10,5268.0498046875,5353.14990234375,5115.27001953125,5353.14990234375,6677140000,S&P_500
2025-04-11,5363.35986328125,5381.4599609375,5220.77001953125,5255.56005859375,5602550000,S&P_500
2025-04-14,5405.97021484375,5459.4599609375,5358.02001953125,5441.9599609375,5031440000,S&P_500
2025-04-15,5396.6298828125,5450.41015625,5386.43994140625,5411.990234375,4317110000,S&P_500
2025-04-16,5275.7001953125,5367.240234375,5220.7900390625,5335.75,4607750000,S&P_500
2025-04-17,5282.7001953125,5328.31005859375,5255.580078125,5305.4501953125,4714880000,S&P_500
2025-04-21,5158.2001953125,5232.93994140625,5101.6298828125,5232.93994140625,4226340000,S&P_500
2025-04-22,5287.759765625,5309.60986328125,5207.669921875,5207.669921875,4666950000,S&P_500
2025-04-23,5375.85986328125,5469.68994140625,5356.169921875,5395.919921875,5371390000,S&P_500
2025-04-24,5484.77001953125,5489.39990234375,5371.9599609375,5381.3798828125,4697710000,S&P_500
2025-04-25,5525.2099609375,5528.10986328125,5455.85986328125,5489.72998046875,4236580000,S&P_500
2025-04-28,5528.75,5553.66015625,5468.64013671875,5529.22021484375,4257880000,S&P_500
2025-04-29,5560.830078125,5571.9501953125,5505.7001953125,5508.8701171875,4747150000,S&P_500
2025-04-30,5569.06005859375,5581.83984375,5433.240234375,5499.43994140625,5449490000,S&P_500
2025-05-01,5604.14013671875,5658.91015625,5597.35009765625,5625.14013671875,4935270000,S&P_500
2025-05-02,5686.669921875,5700.7001953125,5642.27978515625,5645.8798828125,4854380000,S&P_500
2025-05-05,5650.3798828125,5683.3798828125,5634.47998046875,5655.31982421875,4358260000,S&P_500
2025-05-06,5606.91015625,5649.580078125,5586.0400390625,5605.8701171875,4717260000,S&P_500
2025-05-07,5631.27978515625,5654.72998046875,5578.64013671875,5614.18017578125,4987440000,S&P_500
2025-05-08,5663.93994140625,5720.10009765625,5635.3798828125,5663.60009765625,5627400000,S&P_500
2025-05-09,5659.91015625,5691.68994140625,5644.14990234375,5679.64990234375,4645090000,S&P_500
2025-05-12,5844.18994140625,5845.3701171875,5786.080078125,5807.2001953125,6014580000,S&P_500
2025-05-13,5886.5498046875,5906.64013671875,5845.02001953125,5854.14990234375,5516290000,S&P_500
2025-05-14,5892.580078125,5906.5498046875,5872.10986328125,5896.740234375,5233450000,S&P_500
2025-05-15,5916.93017578125,5924.2099609375,5865.16015625,5869.81982421875,4991290000,S&P_500
2025-05-16,5958.3798828125,5958.6201171875,5907.35986328125,5929.08984375,4850850000,S&P_500
2025-05-19,5963.60009765625,5968.60986328125,5895.68994140625,5902.8798828125,4144010000,S&P_500
2025-05-20,5940.4599609375,5953.06005859375,5909.259765625,5944.66015625,4416850000,S&P_500
2025-05-21,5844.60986328125,5938.3701171875,5830.91015625,5910.18017578125,5254250000,S&P_500
2025-05-22,5842.009765625,5878.080078125,5825.81982421875,5841.259765625,5157050000,S&P_500
2025-05-23,5802.81982421875,5829.509765625,5767.41015625,5781.89013671875,4662820000,S&P_500
2025-05-27,5921.5400390625,5924.330078125,5854.06982421875,5854.06982421875,5366380000,S&P_500
2025-05-28,5888.5498046875,5939.919921875,5881.8798828125,5925.5400390625,4665050000,S&P_500
2025-05-29,5912.169921875,5943.1298828125,5873.7998046875,5939.9599609375,4569750000,S&P_500
2025-05-30,5911.68994140625,5922.14013671875,5843.66015625,5903.669921875,6378540000,S&P_500
2025-06-02,5935.93994140625,5937.39990234375,5861.43017578125,5896.68017578125,4832240000,S&P_500
2025-06-03,5970.3701171875,5981.35009765625,5929.0,5938.56005859375,5026680000,S&P_500
2025-06-04,5970.81005859375,5990.47998046875,5966.10986328125,5978.93994140625,4767050000,S&P_500
2025-06-05,5939.2998046875,5999.7001953125,5921.2001953125,5985.669921875,5091850000,S&P_500
2025-06-06,6000.35986328125,6016.8701171875,5978.6298828125,5987.06005859375,4355710000,S&P_500
2025-06-09,6005.8798828125,6021.31005859375,5994.18017578125,6004.6298828125,4642360000,S&P_500
2025-06-10,6038.81005859375,6043.009765625,6000.27978515625,6009.91015625,4882880000,S&P_500
2025-06-11,6022.240234375,6059.39990234375,6002.31982421875,6049.3798828125,5111550000,S&P_500
2025-06-12,6045.259765625,6045.43017578125,6003.8798828125,6009.89990234375,4669500000,S&P_500
2025-06-13,5976.97021484375,6026.16015625,5963.2099609375,6000.56005859375,5258910000,S&P_500
2025-06-16,6033.10986328125,6050.830078125,6004.0,6004.0,5111710000,S&P_500
2025-06-17,5982.72021484375,6023.25,5974.7998046875,6012.14990234375,4955700000,S&P_500
2025-06-18,5980.8701171875,6018.25,5971.89013671875,5987.93017578125,5106470000,S&P_500
2025-06-20,5967.83984375,6018.2001953125,5952.56005859375,5999.669921875,7451500000,S&P_500
2025-06-23,6025.169921875,6028.77001953125,5943.22998046875,5969.669921875,5597000000,S&P_500
2025-06-24,6092.18017578125,6101.759765625,6059.25,6061.2099609375,5443690000,S&P_500
2025-06-25,6092.16015625,6108.509765625,6080.08984375,6104.22998046875,5171110000,S&P_500
2025-06-26,6141.02001953125,6146.52001953125,6107.27001953125,6112.08984375,5308140000,S&P_500
2025-06-27,6173.06982421875,6187.68017578125,6132.35009765625,6150.7001953125,7889350000,S&P_500
2025-06-30,6204.9501953125,6215.080078125,6174.97021484375,6193.35986328125,5782900000,S&P_500
2025-07-01,6198.009765625,6210.77978515625,6177.97021484375,6187.25,6275310000,S&P_500
2025-07-02,6227.419921875,6227.60009765625,6188.2900390625,6193.8798828125,5645710000,S&P_500
2025-07-03,6279.35009765625,6284.64990234375,6246.4599609375,6246.4599609375,3378110000,S&P_500
2025-07-07,6229.97998046875,6262.06982421875,6201.0,6259.0400390625,5236740000,S&P_500
2025-07-08,6225.52001953125,6242.7001953125,6217.75,6234.02978515625,5739030000,S&P_500
2025-07-09,6263.259765625,6269.16015625,6231.43017578125,6243.330078125,4813340000,S&P_500
2025-07-10,6280.4599609375,6290.22021484375,6251.43994140625,6266.7998046875,5367350000,S&P_500
2025-07-11,6259.75,6269.43994140625,6237.60009765625,6255.68017578125,4656210000,S&P_500
2025-07-14,6268.56005859375,6273.31005859375,6239.22021484375,6255.14990234375,4722250000,S&P_500
2025-07-15,6243.759765625,6302.0400390625,6241.68017578125,6295.2900390625,5133670000,S&P_500
2025-07-16,6263.7001953125,6268.1201171875,6201.58984375,6254.5,5177460000,S&P_500
2025-07-17,6297.35986328125,6304.68994140625,6262.27001953125,6263.39990234375,5512290000,S&P_500
2025-07-18,6296.7900390625,6315.60986328125,6285.27001953125,6312.9501953125,5184700000,S&P_500
2025-07-21,6305.60009765625,6336.080078125,6303.7900390625,6304.740234375,5010840000,S&P_500
2025-07-22,6309.6201171875,6316.1201171875,6281.7099609375,6306.60009765625,5662040000,S&P_500
2025-07-23,6358.91015625,6360.64013671875,6317.490234375,6326.89990234375,5642510000,S&P_500
2025-07-24,6363.35009765625,6381.31005859375,6360.56982421875,6368.60009765625,5282720000,S&P_500
2025-07-25,6388.64013671875,6395.81982421875,6368.52978515625,6370.009765625,4470720000,S&P_500
2025-07-28,6389.77001953125,6401.06982421875,6375.7900390625,6397.68994140625,4565620000,S&P_500
2025-07-29,6370.85986328125,6409.259765625,6363.919921875,6405.6201171875,5076120000,S&P_500
2025-07-30,6362.89990234375,6396.5400390625,6336.3798828125,6381.22998046875,5375070000,S&P_500
2025-07-31,6339.39013671875,6427.02001953125,6327.64013671875,6427.02001953125,6077080000,S&P_500
2025-08-01,6238.009765625,6287.27978515625,6212.68994140625,6287.27978515625,5827150000,S&P_500
2025-08-04,6329.93994140625,6330.68994140625,6271.7099609375,6271.7099609375,4842580000,S&P_500
2025-08-05,6299.18994140625,6346.0,6289.3701171875,6336.6298828125,5517410000,S&P_500
2025-08-06,6345.06005859375,6352.830078125,6301.10986328125,6309.2998046875,5408560000,S&P_500
2025-08-07,6340.0,6389.7099609375,6310.31982421875,6374.31982421875,5306090000,S&P_500
2025-08-08,6389.4501953125,6395.16015625,6355.22021484375,6355.22021484375,4769910000,S&P_500
2025-08-11,6373.4501953125,6407.25,6364.06005859375,6389.669921875,4652400000,S&P_500
2025-08-12,6445.759765625,6446.5498046875,6385.759765625,6395.169921875,5135300000,S&P_500
2025-08-13,6466.580078125,6480.27978515625,6445.02001953125,6462.669921875,5195950000,S&P_500
2025-08-14,6468.5400390625,6473.919921875,6441.06982421875,6453.4599609375,4462050000,S&P_500
2025-08-15,6449.7998046875,6481.33984375,6441.85009765625,6477.3798828125,4575060000,S&P_500
2025-08-18,6449.14990234375,6455.35009765625,6437.7001953125,6445.02001953125,4162290000,S&P_500
2025-08-19,6411.3701171875,6456.47998046875,6400.22021484375,6446.240234375,4377440000,S&P_500
2025-08-20,6395.77978515625,6408.39990234375,6343.85986328125,6406.6201171875,4470390000,S&P_500
2025-08-21,6370.169921875,6393.64990234375,6352.7099609375,6380.830078125,4013560000,S&P_500
2025-08-22,6466.91015625,6478.89013671875,6384.58984375,6384.58984375,5046860000,S&P_500
2025-08-25,6439.31982421875,6466.89013671875,6438.06005859375,6457.669921875,4059070000,S&P_500
2025-08-26,6465.93994140625,6468.3701171875,6429.2099609375,6435.490234375,4867680000,S&P_500
2025-08-27,6481.39990234375,6487.06005859375,6457.83984375,6462.259765625,4143680000,S&P_500
2025-08-28,6501.85986328125,6508.22998046875,6466.9599609375,6483.83984375,4283760000,S&P_500
2025-08-29,6460.259765625,6491.759765625,6444.56982421875,6489.27978515625,4234840000,S&P_500
2025-09-02,6415.5400390625,6416.5400390625,6360.580078125,6401.509765625,4784000000,S&P_500
2025-09-03,6448.259765625,6453.669921875,6416.169921875,6445.81982421875,4465360000,S&P_500
2025-09-04,6502.080078125,6502.5400390625,6445.97998046875,6456.60009765625,4670770000,S&P_500
2025-09-05,6481.5,6532.64990234375,6443.97998046875,6529.080078125,5066120000,S&P_500
2025-09-08,6495.14990234375,6508.669921875,6483.2900390625,6498.08984375,5211500000,S&P_500
2025-09-09,6512.60986328125,6518.22998046875,6483.080078125,6503.330078125,4798350000,S&P_500
2025-09-10,6532.0400390625,6555.97021484375,6516.33984375,6550.2900390625,5253010000,S&P_500
2025-09-11,6587.47021484375,6592.89013671875,6545.7998046875,6554.41015625,5426460000,S&P_500
2025-09-12,6584.2900390625,6600.2099609375,6579.490234375,6590.66015625,4641640000,S&P_500
2025-09-15,6615.27978515625,6619.6201171875,6602.06982421875,6603.490234375,5045020000,S&P_500
2025-09-16,6606.759765625,6626.990234375,6600.10986328125,6624.1298828125,5359510000,S&P_500
2025-09-17,6600.35009765625,6624.39013671875,6551.14990234375,6604.8701171875,5805340000,S&P_500
2025-09-18,6631.9599609375,6656.7998046875,6611.89013671875,6626.85009765625,5292400000,S&P_500
2025-09-19,6664.35986328125,6671.81982421875,6630.31005859375,6647.10986328125,9125960000,S&P_500
2025-09-22,6693.75,6698.8798828125,6648.06982421875,6654.27978515625,5642620000,S&P_500
2025-09-23,6656.919921875,6699.52001953125,6645.580078125,6692.43994140625,5633620000,S&P_500
2025-09-24,6637.97021484375,6672.66015625,6621.759765625,6669.7900390625,5459180000,S&P_500
2025-09-25,6604.72021484375,6619.0,6569.22021484375,6608.18994140625,5874670000,S&P_500
2025-09-26,6643.7001953125,6648.97021484375,6604.43017578125,6615.3798828125,5103110000,S&P_500
2025-09-29,6661.2099609375,6677.31005859375,6644.490234375,6661.580078125,5358760000,S&P_500
2025-09-30,6688.4599609375,6691.25,6641.0,6656.18994140625,6057210000,S&P_500
2025-10-01,6711.2001953125,6718.47998046875,6656.2001953125,6664.919921875,6037950000,S&P_500
2025-10-02,6715.35009765625,6731.93994140625,6693.22998046875,6731.31005859375,5416130000,S&P_500
2025-10-03,6715.7900390625,6750.8701171875,6705.669921875,6722.14013671875,5713110000,S&P_500
2025-10-06,6740.27978515625,6749.52001953125,6717.77978515625,6733.85986328125,5604460000,S&P_500
2025-10-07,6714.58984375,6754.490234375,6699.9599609375,6746.14013671875,5546150000,S&P_500
2025-10-08,6753.72021484375,6755.64013671875,6718.08984375,6723.8701171875,5383130000,S&P_500
2025-10-09,6735.10986328125,6764.580078125,6716.169921875,6760.5,5385020000,S&P_500
2025-10-10,6552.509765625,6762.39990234375,6550.77978515625,6740.490234375,6596610000,S&P_500
2025-10-13,6654.72021484375,6668.68017578125,6620.7099609375,6622.52978515625,5303960000,S&P_500
2025-10-14,6644.31005859375,6680.7001953125,6555.06982421875,6602.490234375,5666920000,S&P_500
2025-10-15,6671.06005859375,6724.1201171875,6612.10986328125,6688.27001953125,5633060000,S&P_500
2025-10-16,6629.06982421875,6709.33984375,6593.990234375,6689.02001953125,6048180000,S&P_500
2025-10-17,6664.009765625,6678.8798828125,6603.759765625,6613.27001953125,5358120000,S&P_500
2025-10-20,6735.1298828125,6744.35009765625,6690.0498046875,6690.0498046875,4672170000,S&P_500
2025-10-21,6735.35009765625,6752.16015625,6722.02978515625,6736.75,5245020000,S&P_500
2025-10-22,6699.39990234375,6741.75,6655.68994140625,6741.33984375,5710010000,S&P_500
2025-10-23,6738.43994140625,6749.52978515625,6700.14013671875,6703.64990234375,5565750000,S&P_500
2025-10-24,6791.68994140625,6807.10986328125,6772.06982421875,6772.06982421875,5058220000,S&P_500
2025-10-27,6875.16015625,6877.27978515625,6843.93994140625,6845.4599609375,5290650000,S&P_500
2025-10-28,6890.89013671875,6911.2998046875,6870.72998046875,6897.740234375,5695930000,S&P_500
2025-10-29,6890.58984375,6920.33984375,6851.91015625,6910.9501953125,6280130000,S&P_500
2025-10-30,6822.33984375,6880.75,6820.68994140625,6860.5,6052700000,S&P_500
2025-10-31,6840.2001953125,6879.169921875,6814.259765625,6879.169921875,6398280000,S&P_500
2025-11-03,6851.97021484375,6882.31982421875,6820.6201171875,6882.31982421875,6065720000,S&P_500
2025-11-04,6771.5498046875,6820.2099609375,6766.7099609375,6788.52001953125,5739510000,S&P_500
2025-11-05,6796.2900390625,6829.77978515625,6763.10986328125,6769.77001953125,5939600000,S&P_500
2025-11-06,6720.31982421875,6796.68017578125,6707.509765625,6787.58984375,6051900000,S&P_500
2025-11-07,6728.7998046875,6730.10986328125,6631.43994140625,6696.18017578125,5926070000,S&P_500
2025-11-10,6832.43017578125,6841.31982421875,6770.56005859375,6785.35986328125,5366050000,S&P_500
2025-11-11,6846.60986328125,6855.1298828125,6806.8701171875,6815.64013671875,4983490000,S&P_500
2025-11-12,6850.919921875,6869.91015625,6829.6201171875,6867.77001953125,5293610000,S&P_500
2025-11-13,6737.490234375,6828.0498046875,6724.72021484375,6826.47021484375,5473720000,S&P_500
2025-11-14,6734.10986328125,6774.31005859375,6646.8701171875,6672.14013671875,5042660000,S&P_500
2025-11-17,6672.41015625,6754.5,6638.89990234375,6713.60986328125,5204220000,S&P_500
2025-11-18,6617.31982421875,6666.6298828125,6574.31982421875,6641.18994140625,5159390000,S&P_500
2025-11-19,6642.16015625,6689.75,6603.5,6625.83984375,5021610000,S&P_500
2025-11-20,6538.759765625,6770.35009765625,6534.0498046875,6737.93017578125,5596080000,S&P_500
2025-11-21,6602.990234375,6660.0498046875,6521.919921875,6555.77001953125,5929930000,S&P_500
2025-11-24,6705.1201171875,6715.75,6630.7001953125,6636.5400390625,6039740000,S&P_500
2025-11-25,6765.8798828125,6776.39990234375,6659.97998046875,6697.02978515625,5003330000,S&P_500
2025-11-26,6812.60986328125,6831.43994140625,6783.8701171875,6793.5498046875,4485000000,S&P_500
2025-11-28,6849.08984375,6850.85986328125,6819.75,6822.52001953125,2558540000,S&P_500
2025-12-01,6812.6298828125,6843.64990234375,6799.93994140625,6812.2998046875,4549370000,S&P_500
2025-12-02,6829.3701171875,6851.5498046875,6806.7099609375,6830.9599609375,4582290000,S&P_500
2025-12-03,6849.72021484375,6862.419921875,6810.43017578125,6815.2900390625,4736780000,S&P_500
2025-12-04,6857.1201171875,6866.47021484375,6827.1201171875,6866.47021484375,4872440000,S&P_500
2025-12-05,6870.39990234375,6895.77978515625,6858.2900390625,6866.31982421875,4944560000,S&P_500
2025-12-08,6846.509765625,6878.27001953125,6827.18994140625,6875.2001953125,4757130000,S&P_500
2025-12-09,6840.509765625,6864.919921875,6837.43017578125,6840.60986328125,4508050000,S&P_500
2025-12-10,6886.68017578125,6900.669921875,6824.68994140625,6833.490234375,5526570000,S&P_500
2025-12-11,6901.0,6903.4599609375,6833.4501953125,6861.2998046875,5021060000,S&P_500
2025-12-12,6827.41015625,6899.85009765625,6801.7900390625,6886.85009765625,4910160000,S&P_500
2025-12-15,6816.509765625,6861.58984375,6801.490234375,6860.18994140625,4975600000,S&P_500
2025-12-16,6800.259765625,6819.27001953125,6759.740234375,6800.1201171875,4983180000,S&P_500
2025-12-17,6721.43017578125,6812.259765625,6720.43017578125,6802.8798828125,5122120000,S&P_500
2025-12-18,6774.759765625,6816.1298828125,6758.5,6778.06005859375,5101190000,S&P_500
2025-12-19,6834.5,6840.02001953125,6792.6201171875,6792.6201171875,8554470000,S&P_500
2025-12-22,6878.490234375,6882.02978515625,6855.740234375,6865.2099609375,4465030000,S&P_500
2025-12-23,6909.7900390625,6910.8798828125,6868.81005859375,6872.41015625,3820560000,S&P_500
2025-12-24,6932.0498046875,6937.31982421875,6904.91015625,6904.91015625,1798270000,S&P_500
2025-12-26,6929.93994140625,6945.77001953125,6921.60009765625,6936.02001953125,2586550000,S&P_500
2025-12-29,6905.740234375,6920.2099609375,6888.759765625,6903.60009765625,3541750000,S&P_500
2025-12-30,6896.240234375,6913.25,6893.47021484375,6900.43994140625,3309930000,S&P_500
2025-12-31,6845.5,6901.419921875,6844.5498046875,6898.81982421875,3261830000,S&P_500
2026-01-02,6858.47021484375,6894.8701171875,6824.31005859375,6878.10986328125,4184120000,S&P_500
2026-01-05,6902.0498046875,6920.3798828125,6891.56005859375,6892.18994140625,5771930000,S&P_500
2026-01-06,6944.81982421875,6948.68994140625,6904.02001953125,6908.02978515625,5509680000,S&P_500
2026-01-07,6920.93017578125,6965.68994140625,6919.18994140625,6945.06982421875,5214480000,S&P_500
2026-01-08,6921.4599609375,6931.27978515625,6899.330078125,6914.10986328125,5333200000,S&P_500
2026-01-09,6966.27978515625,6978.35986328125,6917.64013671875,6927.830078125,5163900000,S&P_500
2026-01-12,6977.27001953125,6986.330078125,6934.06982421875,6944.1201171875,5019040000,S&P_500
2026-01-13,6963.740234375,6985.830078125,6938.77001953125,6977.41015625,5091730000,S&P_500
2026-01-14,6926.60009765625,6941.2998046875,6885.740234375,6937.41015625,5530830000,S&P_500
2026-01-15,6944.47021484375,6979.33984375,6937.93017578125,6969.4599609375,5114050000,S&P_500
2026-01-16,6940.009765625,6967.2998046875,6925.08984375,6960.5400390625,5356550000,S&P_500
2026-01-20,6796.85986328125,6871.169921875,6789.0498046875,6865.240234375,5769500000,S&P_500
2026-01-21,6875.6201171875,6910.39013671875,6804.9599609375,6810.7099609375,5835520000,S&P_500
2026-01-22,6913.35009765625,6934.75,6893.6201171875,6914.43994140625,5307580000,S&P_500
2026-01-23,6915.60986328125,6932.9599609375,6895.5,6907.85009765625,4871930000,S&P_500
2026-01-26,6950.22998046875,6964.66015625,6921.60009765625,6923.22998046875,4968050000,S&P_500
2026-01-27,6978.60009765625,6988.81982421875,6958.830078125,6965.9599609375,5331720000,S&P_500
2026-01-28,6978.02978515625,7002.27978515625,6963.4599609375,7002.0,5507670000,S&P_500
2026-01-29,6969.009765625,6992.83984375,6870.7998046875,6977.740234375,6877780000,S&P_500
2026-01-30,6939.02978515625,6964.08984375,6893.47998046875,6947.27001953125,6697340000,S&P_500
2026-02-02,6976.43994140625,6991.919921875,6914.33984375,6916.64013671875,5772050000,S&P_500
2026-02-03,6917.81005859375,6993.080078125,6862.0498046875,6985.4501953125,7017660000,S&P_500
2026-02-04,6882.72021484375,6936.08984375,6838.7998046875,6924.5,7475750000,S&P_500
2026-02-05,6798.39990234375,6857.85009765625,6780.1298828125,6837.39013671875,6989120000,S&P_500
2026-02-06,6932.2998046875,6944.89013671875,6816.740234375,6816.740234375,6283680000,S&P_500
2026-02-09,6964.81982421875,6980.10009765625,6905.8701171875,6917.259765625,5650260000,S&P_500
2026-02-10,6941.81005859375,6986.830078125,6937.52978515625,6974.490234375,5595950000,S&P_500
2026-02-11,6941.47021484375,6993.47998046875,6911.97021484375,6976.47998046875,6175510000,S&P_500
2026-02-12,6832.759765625,6973.22021484375,6824.0400390625,6957.5400390625,7118700000,S&P_500
2026-02-13,6836.169921875,6881.9599609375,6794.5498046875,6834.27001953125,5718360000,S&P_500
2026-02-17,6843.22021484375,6866.990234375,6775.5,6819.85986328125,5418480000,S&P_500
2026-02-18,6881.31005859375,6909.1201171875,6849.66015625,6855.47998046875,5098160000,S&P_500
2026-02-19,6861.89013671875,6879.1201171875,6833.06005859375,6861.33984375,5151690000,S&P_500
2026-02-20,6909.509765625,6915.85986328125,6836.330078125,6843.259765625,5432480000,S&P_500
2026-02-23,6837.75,6916.9599609375,6819.81982421875,6901.25,5638350000,S&P_500
2026-02-24,6890.06982421875,6899.169921875,6815.43017578125,6837.3701171875,5266090000,S&P_500
2026-02-25,6946.1298828125,6952.509765625,6915.14990234375,6915.14990234375,5328060000,S&P_500
2026-02-26,6908.85986328125,6947.25,6859.72998046875,6944.740234375,5889550000,S&P_500
2026-02-27,6878.8798828125,6882.9599609375,6831.740234375,6856.5400390625,6665660000,S&P_500
2026-03-02,6881.6201171875,6901.009765625,6796.85009765625,6824.35986328125,6079080000,S&P_500
2026-03-03,6816.6298828125,6840.0498046875,6710.419921875,6800.259765625,6442080000,S&P_500
2026-03-04,6869.5,6885.93994140625,6811.64013671875,6831.68994140625,5252170000,S&P_500
2026-03-05,6830.7099609375,6870.43017578125,6770.77978515625,6851.080078125,5989300000,S&P_500
2026-03-06,6740.02001953125,6773.419921875,6711.56005859375,6769.02978515625,5793120000,S&P_500
2026-03-09,6795.990234375,6810.43994140625,6636.0400390625,6699.7998046875,6709410000,S&P_500
2026-03-10,6781.47998046875,6845.080078125,6759.740234375,6796.56005859375,5944950000,S&P_500
2026-03-11,6775.7998046875,6811.14990234375,6745.58984375,6790.08984375,5511090000,S&P_500
2026-03-12,6672.6201171875,6740.8798828125,6670.39990234375,6740.8798828125,6292170000,S&P_500
2026-03-13,6632.18994140625,6733.2998046875,6623.919921875,6673.490234375,5337120000,S&P_500
2026-03-16,6699.3798828125,6729.7900390625,6674.3701171875,6674.3701171875,5176290000,S&P_500
2026-03-17,6716.08984375,6754.2998046875,6710.7998046875,6722.35009765625,5063390000,S&P_500
2026-03-18,6624.7001953125,6705.18017578125,6621.66015625,6697.16015625,5275480000,S&P_500
2026-03-19,6606.490234375,6636.740234375,6557.81982421875,6583.1201171875,5973390000,S&P_500
2026-03-20,6506.47998046875,6594.66015625,6473.52001953125,6594.66015625,10025820000,S&P_500
2026-03-23,6581.0,6651.6201171875,6565.5498046875,6574.9599609375,6020650000,S&P_500
2026-03-24,6556.3701171875,6595.75,6525.10986328125,6552.08984375,5278580000,S&P_500
2026-03-25,6591.89990234375,6633.93994140625,6568.41015625,6598.35009765625,4936720000,S&P_500
2026-03-26,6477.16015625,6573.22021484375,6473.7900390625,6555.85986328125,4845560000,S&P_500
2026-03-27,6368.85009765625,6453.89013671875,6356.080078125,6453.89013671875,5303490000,S&P_500
2026-03-30,6343.72021484375,6427.31005859375,6316.91015625,6403.3701171875,5458640000,S&P_500
2026-03-31,6528.52001953125,6539.0498046875,6395.8798828125,6395.8798828125,6396100000,S&P_500
2026-04-01,6575.31982421875,6609.669921875,6554.2900390625,6556.56005859375,5637260000,S&P_500
2026-04-02,6582.68994140625,6601.91015625,6474.93994140625,6512.60986328125,4740740000,S&P_500
2026-04-06,6611.830078125,6618.1298828125,6579.72021484375,6587.66015625,3906440000,S&P_500
2026-04-07,6616.85009765625,6618.259765625,6534.5498046875,6601.93017578125,4555680000,S&P_500
2026-04-08,6782.81005859375,6793.5,6740.27978515625,6754.35986328125,5904880000,S&P_500
2026-04-09,6824.66015625,6835.31005859375,6761.5498046875,6783.68994140625,4912410000,S&P_500
2026-04-10,6816.89013671875,6845.77001953125,6808.4599609375,6839.240234375,4393220000,S&P_500
2026-04-13,6886.240234375,6887.0,6790.02001953125,6806.47021484375,4785840000,S&P_500
2026-04-14,6967.3798828125,6969.419921875,6905.169921875,6910.2001953125,5032380000,S&P_500
2026-04-15,7022.9501953125,7026.240234375,6967.1298828125,6978.169921875,5278610000,S&P_500
2026-04-16,7041.27978515625,7051.22998046875,7008.52001953125,7037.77978515625,5173650000,S&P_500
2026-04-17,7126.06005859375,7147.52001953125,7074.5498046875,7074.5498046875,6145300000,S&P_500
2026-04-20,7109.14013671875,7122.64990234375,7084.41015625,7117.0498046875,4661130000,S&P_500
2026-04-21,7064.009765625,7137.27001953125,7050.2001953125,7122.64013671875,5160270000,S&P_500
2026-04-22,7137.89990234375,7138.64013671875,7102.91015625,7102.91015625,4919460000,S&P_500
2026-04-23,7108.39990234375,7147.77978515625,7046.5498046875,7118.7998046875,5307260000,S&P_500
2026-04-24,7165.080078125,7168.58984375,7112.81982421875,7136.47998046875,4608830000,S&P_500
2026-04-27,7173.91015625,7178.740234375,7146.72021484375,7152.72021484375,4783750000,S&P_500
2026-04-28,7138.7998046875,7152.52001953125,7115.169921875,7133.740234375,4900650000,S&P_500
2026-04-29,7135.9501953125,7145.6298828125,7107.85986328125,7131.60986328125,5123100000,S&P_500
2026-04-30,7209.009765625,7219.830078125,7126.14990234375,7161.75,5723790000,S&P_500
2026-05-01,7230.1201171875,7272.52001953125,7229.31982421875,7234.5400390625,4847390000,S&P_500
2026-05-04,7200.75,7244.5400390625,7174.1201171875,7228.3798828125,5215480000,S&P_500
2026-05-05,7259.22021484375,7273.259765625,7233.6201171875,7233.6201171875,5279760000,S&P_500
2026-05-06,7365.1201171875,7369.22021484375,7294.14013671875,7294.14013671875,6579640000,S&P_500
2026-05-07,7337.10986328125,7385.02001953125,7321.25,7376.77978515625,6237040000,S&P_500
2026-05-08,7398.93017578125,7401.5,7362.97021484375,7362.97021484375,5302740000,S&P_500
2026-05-11,7412.83984375,7428.97021484375,7384.2001953125,7385.31005859375,5821910000,S&P_500
2026-05-12,7400.9599609375,7409.56982421875,7338.5400390625,7390.6298828125,5624790000,S&P_500
2026-05-13,7444.25,7460.0400390625,7375.1298828125,7409.1201171875,5716600000,S&P_500
2026-05-14,7501.240234375,7517.1201171875,7454.39990234375,7454.39990234375,5267050000,S&P_500
2026-05-15,7408.5,7454.85009765625,7397.5,7445.10986328125,5582070000,S&P_500
2026-05-18,7403.0498046875,7434.06005859375,7353.169921875,7415.06982421875,5489500000,S&P_500
2026-05-19,7353.60986328125,7395.31982421875,7333.68017578125,7375.75,5441140000,S&P_500
2026-05-20,7432.97021484375,7435.68994140625,7357.4599609375,7369.18994140625,5384150000,S&P_500
2026-05-21,7445.72021484375,7465.9599609375,7389.47998046875,7410.77978515625,5440620000,S&P_500
2026-05-22,7473.47021484375,7506.31982421875,7463.2900390625,7468.81982421875,4952440000,S&P_500
2026-05-26,7519.1201171875,7539.08984375,7501.10009765625,7511.7900390625,5496060000,S&P_500
2026-05-27,7520.35986328125,7530.72021484375,7499.72021484375,7526.009765625,5524250000,S&P_500
2026-05-28,7563.6298828125,7568.72021484375,7508.0400390625,7519.81982421875,5494860000,S&P_500
2026-05-29,7580.06005859375,7599.3798828125,7563.5498046875,7579.330078125,7858290000,S&P_500
2026-06-01,7599.9599609375,7617.66015625,7562.60986328125,7582.2900390625,6583960000,S&P_500
2026-06-02,7609.77978515625,7620.89990234375,7582.990234375,7595.39990234375,5904410000,S&P_500
2026-06-03,7553.68017578125,7605.35009765625,7551.22021484375,7605.31005859375,5753860000,S&P_500
2026-06-04,7584.31005859375,7598.18994140625,7516.5400390625,7516.5400390625,5398910000,S&P_500
2026-06-05,7383.740234375,7541.81005859375,7368.6298828125,7537.35986328125,5591290000,S&P_500
2026-06-08,7405.72998046875,7466.81005859375,7395.1298828125,7440.56982421875,4898180000,S&P_500
2026-06-09,7386.64990234375,7483.14990234375,7237.85009765625,7438.66015625,6006390000,S&P_500
2026-06-10,7266.990234375,7396.56005859375,7265.93017578125,7350.5400390625,5247300000,S&P_500
2026-06-11,7394.2998046875,7412.68017578125,7257.330078125,7287.669921875,5658920000,S&P_500
2026-06-12,7431.4599609375,7456.39990234375,7363.009765625,7410.85009765625,4950530000,S&P_500
2026-06-15,7554.2900390625,7577.919921875,7516.75,7516.75,5674670000,S&P_500
2026-06-16,7511.35009765625,7564.9599609375,7508.68017578125,7548.77978515625,5286210000,S&P_500
2026-06-17,7420.10009765625,7532.169921875,7402.60986328125,7524.5,5883740000,S&P_500
2026-06-18,7500.580078125,7511.06982421875,7468.31982421875,7487.35986328125,9061110000,S&P_500
2026-06-22,7472.7900390625,7530.009765625,7460.009765625,7500.43994140625,5976740000,S&P_500
2026-06-23,7365.4599609375,7424.169921875,7347.60009765625,7366.509765625,5640530000,S&P_500
2026-06-24,7358.22021484375,7428.06005859375,7336.81982421875,7370.8798828125,5994860000,S&P_500
2026-06-25,7357.490234375,7419.080078125,7323.5,7404.91015625,5565760000,S&P_500
2026-06-26,7354.02001953125,7392.9501953125,7294.18017578125,7312.740234375,9105600000,S&P_500
2026-06-29,7440.43017578125,7444.31982421875,7348.8798828125,7391.8798828125,5794570000,S&P_500
2026-06-30,7499.35986328125,7508.2900390625,7438.0400390625,7441.27001953125,6037540000,S&P_500
2026-07-01,7483.22998046875,7521.81005859375,7449.6298828125,7478.83984375,5782730000,S&P_500
2026-07-02,7483.240234375,7540.75,7427.5498046875,7495.14013671875,5463520000,S&P_500
2026-07-06,7537.43017578125,7551.31005859375,7500.97021484375,7506.9599609375,4971110000,S&P_500
2026-07-07,7503.85009765625,7536.06005859375,7478.6298828125,7516.6298828125,5049590000,S&P_500
2026-07-08,7482.7099609375,7488.509765625,7421.81982421875,7476.5400390625,5102020000,S&P_500
2026-07-09,7543.64013671875,7546.89013671875,7481.72998046875,7491.60009765625,4442950000,S&P_500
2026-07-10,7575.39013671875,7579.93017578125,7508.16015625,7547.64013671875,4006370000,S&P_500
2026-07-13,7515.33984375,7565.3701171875,7506.41015625,7547.52978515625,4729990000,S&P_500
2026-07-14,7543.58984375,7557.43994140625,7513.22998046875,7536.7001953125,4836950000,S&P_500
2026-07-15,7572.39990234375,7581.5,7526.9501953125,7571.72021484375,5236550000,S&P_500
2026-07-16,7533.77001953125,7570.740234375,7504.02001953125,7558.7998046875,5365300000,S&P_500
2026-07-17,7457.68994140625,7498.47021484375,7431.259765625,7447.52001953125,5303290000,S&P_500
2026-07-20,7443.27978515625,7513.22998046875,7440.52978515625,7489.18017578125,5152910000,S&P_500
2026-07-21,7509.2001953125,7515.31005859375,7467.85986328125,7489.9501953125,5149030000,S&P_500
2026-07-22,7498.9599609375,7525.93994140625,7485.85009765625,7497.47021484375,4890390000,S&P_500
2026-07-23,7408.2998046875,7450.1201171875,7376.0,7418.2900390625,5515210000,S&P_500
2026-07-24,7411.97998046875,7460.97998046875,7396.52978515625,7406.2998046875,4860620000,S&P_500
2026-07-27,7413.18017578125,7480.56982421875,7382.740234375,7464.2001953125,5038290000,S&P_500
2026-07-28,7428.77978515625,7452.08984375,7382.9501953125,7395.5498046875,5590890000,S&P_500
2026-07-29,7316.14990234375,7450.83984375,7313.919921875,7418.16015625,5836350000,S&P_500
2026-07-30,7437.6298828125,7448.75,7370.97998046875,7390.4501953125,5594430000,S&P_500
2026-07-31,7489.72021484375,7512.0400390625,7399.830078125,7462.1298828125,5391020000,S&P_500
2026-08-03,7600.5,7610.0400390625,7504.77978515625,7504.77978515625,5201470000,S&P_500
2026-08-04,7736.52001953125,7758.2099609375,7629.10009765625,7630.6201171875,5906940000,S&P_500
2026-08-05,7723.5498046875,7793.68017578125,7720.169921875,7771.6201171875,5615640000,S&P_500
2026-08-06,7709.9599609375,7742.85009765625,7698.14990234375,7713.7900390625,5330830000,S&P_500
2026-08-07,7757.64013671875,7763.080078125,7719.18994140625,7735.18017578125,5019970000,S&P_500
2026-08-10,7753.10986328125,7773.759765625,7743.10986328125,7751.740234375,4879540000,S&P_500
2026-08-11,7728.2001953125,7767.509765625,7717.25,7767.509765625,4739500000,S&P_500
2026-08-12,7748.5,7766.009765625,7737.9501953125,7765.4599609375,4574170000,S&P_500
2026-08-13,7798.990234375,7816.7001953125,7763.18017578125,7763.18017578125,4833230000,S&P_500
2026-08-14,7785.759765625,7810.009765625,7776.31005859375,7806.60009765625,4159900000,S&P_500
2026-08-17,7745.06005859375,7790.68017578125,7744.8798828125,7790.68017578125,4452630000,S&P_500
2026-08-18,7691.759765625,7713.9501953125,7688.6298828125,7700.0400390625,4602700000,S&P_500
2026-08-19,7707.97998046875,7743.93017578125,7700.06982421875,7716.740234375,5184100000,S&P_500
2026-08-20,7641.16015625,7699.9599609375,7639.009765625,7690.490234375,4759610000,S&P_500
2026-08-21,7674.3701171875,7697.10986328125,7660.06005859375,7665.68017578125,4497270000,S&P_500
2026-08-24,7652.85986328125,7670.2998046875,7638.169921875,7663.3798828125,4400800000,S&P_500
2026-08-25,7677.27978515625,7686.10986328125,7650.919921875,7676.66015625,4260240000,S&P_500
2026-08-26,7675.7001953125,7690.72998046875,7657.41015625,7666.8798828125,4100600000,S&P_500
2026-08-27,7730.990234375,7741.27001953125,7689.89013671875,7710.33984375,4362240000,S&P_500
2026-08-28,7711.759765625,7771.47998046875,7700.91015625,7735.169921875,4297560000,S&P_500
2026-08-31,7686.14013671875,7697.52001953125,7665.06005859375,7697.52001953125,5386090000,S&P_500
2026-09-01,7631.47021484375,7663.6298828125,7611.2001953125,7635.47021484375,4858180000,S&P_500
2026-09-02,7666.60009765625,7681.18994140625,7633.6201171875,7634.580078125,4738910000,S&P_500
2026-09-03,7747.7099609375,7756.759765625,7686.7099609375,7686.7099609375,4726400000,S&P_500
2026-09-04,7718.60009765625,7750.18994140625,7706.1201171875,7750.18994140625,4103570000,S&P_500
2026-09-08,7673.52001953125,7717.81005859375,7666.990234375,7717.81005859375,4966930000,S&P_500
2026-09-09,7636.35986328125,7660.68017578125,7624.16015625,7660.68017578125,4896940000,S&P_500
2026-09-10,7591.7001953125,7612.85986328125,7580.06005859375,7594.740234375,4893500000,S&P_500
2026-09-11,7656.97998046875,7677.02001953125,7636.75,7636.75,4722480000,S&P_500
2026-09-14,7619.97998046875,7647.990234375,7592.27978515625,7611.43994140625,4963750000,S&P_500
2026-09-15,7585.72998046875,7617.259765625,7572.68994140625,7612.2998046875,5154930000,S&P_500
2026-09-16,7551.81005859375,7626.7900390625,7507.77001953125,7601.25,5307920000,S&P_500
2026-09-17,7637.759765625,7646.85986328125,7611.81005859375,7631.43994140625,5058210000,S&P_500
2026-09-18,7650.5,7657.169921875,7610.52001953125,7657.169921875,8858350000,S&P_500
2026-09-21,7764.7001953125,7779.22021484375,7691.18994140625,7692.830078125,4828050000,S&P_500
2026-09-22,7764.64013671875,7782.18994140625,7756.259765625,7770.81005859375,5286270000,S&P_500
2026-09-23,7706.02978515625,7761.93994140625,7694.89013671875,7761.93994140625,5110910000,S&P_500
2026-09-24,7704.1298828125,7719.009765625,7662.56982421875,7666.990234375,5316390000,S&P_500
2026-09-25,7743.41015625,7752.06982421875,7693.080078125,7709.85986328125,4499180000,S&P_500
2026-09-28,7683.68994140625,7724.14990234375,7666.60009765625,7721.7001953125,5129710000,S&P_500
2026-09-29,7670.83984375,7699.60009765625,7653.5498046875,7699.60009765625,5023590000,S&P_500
2026-09-30,7651.5400390625,7722.8798828125,7651.5400390625,7688.990234375,4276550000,S&P_500
2026-10-01,7662.39990234375,7683.64990234375,7616.77978515625,7666.47021484375,1474650000,S&P_500
2021-01-04,89.87999725341797,89.94000244140625,89.41999816894531,89.93000030517578,0,DXY
2021-01-05,89.44000244140625,89.9000015258789,89.43000030517578,89.9000015258789,0,DXY
2021-01-06,89.52999877929688,89.80000305175781,89.20999908447266,89.4800033569336,0,DXY
2021-01-07,89.83000183105469,89.97000122070312,89.31999969482422,89.31999969482422,0,DXY
2021-01-08,90.0999984741211,90.25,89.66000366210938,89.83000183105469,0,DXY
2021-01-11,90.54000091552734,90.7300033569336,90.02999877929688,90.06999969482422,0,DXY
2021-01-12,90.05000305175781,90.62000274658203,90.02999877929688,90.5199966430664,0,DXY
2021-01-13,90.31999969482422,90.44999694824219,89.91999816894531,90.0,0,DXY
2021-01-14,90.23999786376953,90.58000183105469,90.08000183105469,90.27999877929688,0,DXY
2021-01-15,90.77999877929688,90.80000305175781,90.22000122070312,90.22000122070312,0,DXY
2021-01-19,90.5,90.76000213623047,90.4000015258789,90.7300033569336,0,DXY
2021-01-20,90.47000122070312,90.69999694824219,90.27999877929688,90.41000366210938,0,DXY
2021-01-21,90.12999725341797,90.44999694824219,90.05000305175781,90.41999816894531,0,DXY
2021-01-22,90.23999786376953,90.30999755859375,90.05000305175781,90.05000305175781,0,DXY
2021-01-25,90.38999938964844,90.5199966430664,90.08000183105469,90.2300033569336,0,DXY
2021-01-26,90.16999816894531,90.61000061035156,90.12000274658203,90.38999938964844,0,DXY
2021-01-27,90.6500015258789,90.87999725341797,90.1500015258789,90.1500015258789,0,DXY
2021-01-28,90.45999908447266,90.86000061035156,90.41000366210938,90.7300033569336,0,DXY
2021-01-29,90.58000183105469,90.77999877929688,90.36000061035156,90.55999755859375,0,DXY
2021-02-01,91.0199966430664,91.05999755859375,90.5,90.52999877929688,0,DXY
2021-02-02,91.19999694824219,91.29000091552734,90.80000305175781,91.0,0,DXY
2021-02-03,91.12000274658203,91.30999755859375,90.98999786376953,91.05000305175781,0,DXY
2021-02-04,91.52999877929688,91.58000183105469,91.08999633789062,91.08999633789062,0,DXY
2021-02-05,91.04000091552734,91.5999984741211,90.9800033569336,91.48999786376953,0,DXY
2021-02-08,90.93000030517578,91.23999786376953,90.9000015258789,91.0,0,DXY
2021-02-09,90.44000244140625,90.93000030517578,90.43000030517578,90.91000366210938,0,DXY
2021-02-10,90.37000274658203,90.52999877929688,90.25,90.48999786376953,0,DXY
2021-02-11,90.41999816894531,90.47000122070312,90.26000213623047,90.45999908447266,0,DXY
2021-02-12,90.4800033569336,90.73999786376953,90.37999725341797,90.41000366210938,0,DXY
2021-02-16,90.51000213623047,90.63999938964844,90.12000274658203,90.29000091552734,0,DXY
2021-02-17,90.94999694824219,91.05999755859375,90.62000274658203,90.70999908447266,0,DXY
2021-02-18,90.58999633789062,90.9800033569336,90.54000091552734,90.9000015258789,0,DXY
2021-02-19,90.36000061035156,90.6500015258789,90.18000030517578,90.56999969482422,0,DXY
2021-02-22,90.01000213623047,90.58000183105469,90.0,90.33999633789062,0,DXY
2021-02-23,90.16999816894531,90.26000213623047,89.94000244140625,90.0199966430664,0,DXY
2021-02-24,90.18000030517578,90.43000030517578,89.9800033569336,90.0999984741211,0,DXY
2021-02-25,90.12999725341797,90.29000091552734,89.68000030517578,90.06999969482422,0,DXY
2021-02-26,90.93000030517578,90.97000122070312,90.12999725341797,90.36000061035156,0,DXY
2021-03-01,91.04000091552734,91.13999938964844,90.69000244140625,90.93000030517578,0,DXY
2021-03-02,90.79000091552734,91.38999938964844,90.7300033569336,91.02999877929688,0,DXY
2021-03-03,90.94999694824219,91.05999755859375,90.62999725341797,90.79000091552734,0,DXY
2021-03-04,91.62999725341797,91.66999816894531,90.97000122070312,91.01000213623047,0,DXY
2021-03-05,91.9800033569336,92.19000244140625,91.62000274658203,91.66000366210938,0,DXY
2021-03-08,92.30999755859375,92.41999816894531,91.83999633789062,91.98999786376953,0,DXY
2021-03-09,91.95999908447266,92.5,91.91000366210938,92.45999908447266,0,DXY
2021-03-10,91.79000091552734,92.23999786376953,91.7699966430664,92.05000305175781,0,DXY
2021-03-11,91.41999816894531,91.87999725341797,91.37000274658203,91.79000091552734,0,DXY
2021-03-12,91.68000030517578,91.95999908447266,91.4000015258789,91.43000030517578,0,DXY
2021-03-15,91.83000183105469,91.97000122070312,91.54000091552734,91.66000366210938,0,DXY
2021-03-16,91.87000274658203,92.02999877929688,91.68000030517578,91.83000183105469,0,DXY
2021-03-17,91.4000015258789,92.0,91.37000274658203,91.86000061035156,0,DXY
2021-03-18,91.8499984741211,91.9000015258789,91.30000305175781,91.4000015258789,0,DXY
2021-03-19,91.91999816894531,92.16999816894531,91.66000366210938,91.83000183105469,0,DXY
2021-03-22,91.80000305175781,92.1500015258789,91.70999908447266,91.73999786376953,0,DXY
2021-03-23,92.33999633789062,92.4000015258789,91.76000213623047,91.80000305175781,0,DXY
2021-03-24,92.52999877929688,92.61000061035156,92.33999633789062,92.38999938964844,0,DXY
2021-03-25,92.87999725341797,92.91999816894531,92.51000213623047,92.5999984741211,0,DXY
2021-03-26,92.7699966430664,92.87000274658203,92.6500015258789,92.80999755859375,0,DXY
2021-03-29,92.94000244140625,92.95999908447266,92.72000122070312,92.72000122070312,0,DXY
2021-03-30,93.30000305175781,93.3499984741211,92.87999725341797,92.91000366210938,0,DXY
2021-03-31,93.2300033569336,93.44000244140625,92.98999786376953,93.23999786376953,0,DXY
2021-04-01,92.93000030517578,93.33999633789062,92.87999725341797,93.22000122070312,0,DXY
2021-04-05,92.5999984741211,93.11000061035156,92.54000091552734,93.01000213623047,0,DXY
2021-04-06,92.33999633789062,92.79000091552734,92.2699966430664,92.56999969482422,0,DXY
2021-04-07,92.45999908447266,92.5,92.13999938964844,92.31999969482422,0,DXY
2021-04-08,92.05999755859375,92.4800033569336,92.0,92.41999816894531,0,DXY
2021-04-09,92.16000366210938,92.41000366210938,92.02999877929688,92.06999969482422,0,DXY
2021-04-12,92.13999938964844,92.33000183105469,92.01000213623047,92.18000030517578,0,DXY
2021-04-13,91.8499984741211,92.33000183105469,91.79000091552734,92.08000183105469,0,DXY
2021-04-14,91.69000244140625,91.83000183105469,91.56999969482422,91.83000183105469,0,DXY
2021-04-15,91.66999816894531,91.75,91.48999786376953,91.62999725341797,0,DXY
2021-04-16,91.55999755859375,91.80999755859375,91.48999786376953,91.66000366210938,0,DXY
2021-04-19,91.06999969482422,91.75,91.02999877929688,91.54000091552734,0,DXY
2021-04-20,91.23999786376953,91.27999877929688,90.86000061035156,91.05000305175781,0,DXY
2021-04-21,91.16000366210938,91.43000030517578,91.08999633789062,91.20999908447266,0,DXY
2021-04-22,91.33000183105469,91.41999816894531,91.0,91.11000061035156,0,DXY
2021-04-23,90.86000061035156,91.30000305175781,90.80999755859375,91.29000091552734,0,DXY
2021-04-26,90.80999755859375,90.98999786376953,90.68000030517578,90.83000183105469,0,DXY
2021-04-27,90.91000366210938,91.06999969482422,90.80999755859375,90.87999725341797,0,DXY
2021-04-28,90.61000061035156,91.12999725341797,90.55000305175781,90.9000015258789,0,DXY
2021-04-29,90.61000061035156,90.79000091552734,90.41999816894531,90.55000305175781,0,DXY
2021-04-30,91.27999877929688,91.31999969482422,90.58999633789062,90.62999725341797,0,DXY
2021-05-03,90.94999694824219,91.38999938964844,90.87000274658203,91.30000305175781,0,DXY
2021-05-04,91.29000091552734,91.4000015258789,90.98999786376953,91.0,0,DXY
2021-05-05,91.30999755859375,91.44000244140625,91.16999816894531,91.27999877929688,0,DXY
2021-05-06,90.94999694824219,91.37999725341797,90.87999725341797,91.2699966430664,0,DXY
2021-05-07,90.2300033569336,90.95999908447266,90.19000244140625,90.87999725341797,0,DXY
2021-05-10,90.20999908447266,90.33999633789062,90.04000091552734,90.2300033569336,0,DXY
2021-05-11,90.13999938964844,90.36000061035156,89.9800033569336,90.23999786376953,0,DXY
2021-05-12,90.70999908447266,90.80000305175781,90.16000366210938,90.19000244140625,0,DXY
2021-05-13,90.75,90.91000366210938,90.58999633789062,90.75,0,DXY
2021-05-14,90.31999969482422,90.80000305175781,90.27999877929688,90.76000213623047,0,DXY
2021-05-17,90.22000122070312,90.43000030517578,90.1500015258789,90.30000305175781,0,DXY
2021-05-18,89.75,90.19999694824219,89.69000244140625,90.18000030517578,0,DXY
2021-05-19,90.19000244140625,90.29000091552734,89.69000244140625,89.77999877929688,0,DXY
2021-05-20,89.80999755859375,90.2300033569336,89.76000213623047,90.20999908447266,0,DXY
2021-05-21,90.0199966430664,90.1500015258789,89.6500015258789,89.77999877929688,0,DXY
2021-05-24,89.83000183105469,90.0999984741211,89.76000213623047,90.02999877929688,0,DXY
2021-05-25,89.63999938964844,89.87000274658203,89.54000091552734,89.8499984741211,0,DXY
2021-05-26,90.04000091552734,90.11000061035156,89.58999633789062,89.69000244140625,0,DXY
2021-05-27,89.97000122070312,90.18000030517578,89.88999938964844,90.08000183105469,0,DXY
2021-05-28,90.02999877929688,90.44000244140625,89.9800033569336,90.02999877929688,0,DXY
2021-06-01,89.83000183105469,89.94000244140625,89.66000366210938,89.80999755859375,0,DXY
2021-06-02,89.9000015258789,90.25,89.86000061035156,89.91999816894531,0,DXY
2021-06-03,90.5,90.55000305175781,89.88999938964844,89.93000030517578,0,DXY
2021-06-04,90.13999938964844,90.62999725341797,90.02999877929688,90.47000122070312,0,DXY
2021-06-07,89.94999694824219,90.30000305175781,89.91000366210938,90.12999725341797,0,DXY
2021-06-08,90.08000183105469,90.18000030517578,89.95999908447266,89.98999786376953,0,DXY
2021-06-09,90.12000274658203,90.16999816894531,89.83999633789062,90.12999725341797,0,DXY
2021-06-10,90.08000183105469,90.30999755859375,89.9800033569336,90.13999938964844,0,DXY
2021-06-11,90.55999755859375,90.61000061035156,89.95999908447266,90.06999969482422,0,DXY
2021-06-14,90.5199966430664,90.5999984741211,90.41000366210938,90.51000213623047,0,DXY
2021-06-15,90.54000091552734,90.68000030517578,90.3499984741211,90.4800033569336,0,DXY
2021-06-16,91.12999725341797,91.4000015258789,90.44000244140625,90.54000091552734,0,DXY
2021-06-17,91.88999938964844,92.01000213623047,91.30999755859375,91.43000030517578,0,DXY
2021-06-18,92.2300033569336,92.41000366210938,91.80999755859375,91.87999725341797,0,DXY
2021-06-21,91.86000061035156,92.37000274658203,91.83000183105469,92.31999969482422,0,DXY
2021-06-22,91.7300033569336,92.13999938964844,91.6500015258789,91.87999725341797,0,DXY
2021-06-23,91.80000305175781,91.9000015258789,91.51000213623047,91.7300033569336,0,DXY
2021-06-24,91.81999969482422,91.91000366210938,91.66000366210938,91.80000305175781,0,DXY
2021-06-25,91.80999755859375,91.87999725341797,91.52999877929688,91.83000183105469,0,DXY
2021-06-28,91.87999725341797,92.0199966430664,91.69999694824219,91.80999755859375,0,DXY
2021-06-29,92.05000305175781,92.19000244140625,91.86000061035156,91.87999725341797,0,DXY
2021-06-30,92.44000244140625,92.44999694824219,92.0,92.08000183105469,0,DXY
2021-07-01,92.5999984741211,92.5999984741211,92.26000213623047,92.3499984741211,0,DXY
2021-07-02,92.2300033569336,92.73999786376953,92.18000030517578,92.56999969482422,0,DXY
2021-07-06,92.55000305175781,92.66000366210938,92.0,92.23999786376953,0,DXY
2021-07-07,92.63999938964844,92.8499984741211,92.43000030517578,92.52999877929688,0,DXY
2021-07-08,92.36000061035156,92.79000091552734,92.23999786376953,92.69999694824219,0,DXY
2021-07-09,92.12999725341797,92.54000091552734,92.08999633789062,92.36000061035156,0,DXY
2021-07-12,92.2300033569336,92.41999816894531,92.08000183105469,92.0999984741211,0,DXY
2021-07-13,92.75,92.80999755859375,92.13999938964844,92.2300033569336,0,DXY
2021-07-14,92.41000366210938,92.83000183105469,92.3499984741211,92.80000305175781,0,DXY
2021-07-15,92.62000274658203,92.69000244140625,92.2699966430664,92.4000015258789,0,DXY
2021-07-16,92.69000244140625,92.76000213623047,92.52999877929688,92.58999633789062,0,DXY
2021-07-19,92.88999938964844,93.04000091552734,92.63999938964844,92.70999908447266,0,DXY
2021-07-20,92.97000122070312,93.16999816894531,92.80000305175781,92.87999725341797,0,DXY
2021-07-21,92.75,93.19000244140625,92.7300033569336,92.97000122070312,0,DXY
2021-07-22,92.81999969482422,92.91999816894531,92.51000213623047,92.80000305175781,0,DXY
2021-07-23,92.91000366210938,93.0199966430664,92.77999877929688,92.80999755859375,0,DXY
2021-07-26,92.6500015258789,92.95999908447266,92.52999877929688,92.91000366210938,0,DXY
2021-07-27,92.43000030517578,92.83999633789062,92.31999969482422,92.62999725341797,0,DXY
2021-07-28,92.31999969482422,92.75,92.23999786376953,92.45999908447266,0,DXY
2021-07-29,91.86000061035156,92.29000091552734,91.86000061035156,92.2699966430664,0,DXY
2021-07-30,92.16999816894531,92.19999694824219,91.77999877929688,91.8499984741211,0,DXY
2021-08-02,92.05000305175781,92.16999816894531,91.91000366210938,92.08999633789062,0,DXY
2021-08-03,92.08000183105469,92.16000366210938,91.88999938964844,92.05999755859375,0,DXY
2021-08-04,92.2699966430664,92.30999755859375,91.81999969482422,92.04000091552734,0,DXY
2021-08-05,92.23999786376953,92.3499984741211,92.12000274658203,92.27999877929688,0,DXY
2021-08-06,92.80000305175781,92.83999633789062,92.26000213623047,92.2699966430664,0,DXY
2021-08-09,92.94999694824219,92.98999786376953,92.72000122070312,92.77999877929688,0,DXY
2021-08-10,93.05999755859375,93.13999938964844,92.94000244140625,92.9800033569336,0,DXY
2021-08-11,92.91000366210938,93.19000244140625,92.80000305175781,93.06999969482422,0,DXY
2021-08-12,93.04000091552734,93.04000091552734,92.8499984741211,92.88999938964844,0,DXY
2021-08-13,92.5199966430664,93.01000213623047,92.47000122070312,92.97000122070312,0,DXY
2021-08-16,92.62999725341797,92.66000366210938,92.4800033569336,92.5199966430664,0,DXY
2021-08-17,93.12999725341797,93.16999816894531,92.61000061035156,92.62000274658203,0,DXY
2021-08-18,93.13999938964844,93.26000213623047,92.95999908447266,93.13999938964844,0,DXY
2021-08-19,93.56999969482422,93.58000183105469,93.13999938964844,93.13999938964844,0,DXY
2021-08-20,93.5,93.7300033569336,93.43000030517578,93.55999755859375,0,DXY
2021-08-23,92.95999908447266,93.51000213623047,92.94999694824219,93.45999908447266,0,DXY
2021-08-24,92.88999938964844,93.08000183105469,92.80999755859375,92.98999786376953,0,DXY
2021-08-25,92.83000183105469,93.12999725341797,92.80999755859375,92.87999725341797,0,DXY
2021-08-26,93.05999755859375,93.08000183105469,92.80999755859375,92.83000183105469,0,DXY
2021-08-27,92.69000244140625,93.18000030517578,92.62999725341797,93.02999877929688,0,DXY
2021-08-30,92.6500015258789,92.79000091552734,92.5999984741211,92.68000030517578,0,DXY
2021-08-31,92.62999725341797,92.75,92.4000015258789,92.70999908447266,0,DXY
2021-09-01,92.44999694824219,92.79000091552734,92.37999725341797,92.66000366210938,0,DXY
2021-09-02,92.2300033569336,92.54000091552734,92.20999908447266,92.51000213623047,0,DXY
2021-09-03,92.04000091552734,92.26000213623047,91.94999694824219,92.22000122070312,0,DXY
2021-09-07,92.5199966430664,92.56999969482422,92.0999984741211,92.19999694824219,0,DXY
2021-09-08,92.6500015258789,92.86000061035156,92.47000122070312,92.54000091552734,0,DXY
2021-09-09,92.4800033569336,92.76000213623047,92.37999725341797,92.70999908447266,0,DXY
2021-09-10,92.58000183105469,92.6500015258789,92.33000183105469,92.52999877929688,0,DXY
2021-09-13,92.62000274658203,92.88999938964844,92.56999969482422,92.61000061035156,0,DXY
2021-09-14,92.6500015258789,92.68000030517578,92.31999969482422,92.62000274658203,0,DXY
2021-09-15,92.48999786376953,92.68000030517578,92.41999816894531,92.68000030517578,0,DXY
2021-09-16,92.86000061035156,92.95999908447266,92.45999908447266,92.45999908447266,0,DXY
2021-09-17,93.19999694824219,93.25,92.7699966430664,92.87999725341797,0,DXY
2021-09-20,93.23999786376953,93.44999694824219,93.19000244140625,93.25,0,DXY
2021-09-21,93.19999694824219,93.29000091552734,93.05000305175781,93.23999786376953,0,DXY
2021-09-22,93.45999908447266,93.51000213623047,92.98999786376953,93.2300033569336,0,DXY
2021-09-23,93.0999984741211,93.5199966430664,92.9800033569336,93.4800033569336,0,DXY
2021-09-24,93.33000183105469,93.41999816894531,93.05000305175781,93.06999969482422,0,DXY
2021-09-27,93.37999725341797,93.48999786376953,93.20999908447266,93.27999877929688,0,DXY
2021-09-28,93.7699966430664,93.80999755859375,93.36000061035156,93.41000366210938,0,DXY
2021-09-29,94.33999633789062,94.43000030517578,93.66999816894531,93.72000122070312,0,DXY
2021-09-30,94.25,94.5,94.11000061035156,94.3499984741211,0,DXY
2021-10-01,94.04000091552734,94.38999938964844,93.98999786376953,94.30999755859375,0,DXY
2021-10-04,93.80999755859375,94.0999984741211,93.68000030517578,94.06999969482422,0,DXY
2021-10-05,93.9800033569336,94.06999969482422,93.80999755859375,93.83000183105469,0,DXY
2021-10-06,94.2699966430664,94.44999694824219,93.9800033569336,93.98999786376953,0,DXY
2021-10-07,94.22000122070312,94.27999877929688,94.08000183105469,94.2300033569336,0,DXY
2021-10-08,94.06999969482422,94.33999633789062,93.94000244140625,94.20999908447266,0,DXY
2021-10-11,94.31999969482422,94.4000015258789,94.02999877929688,94.0999984741211,0,DXY
2021-10-12,94.5199966430664,94.55999755859375,94.2300033569336,94.37000274658203,0,DXY
2021-10-13,94.08000183105469,94.52999877929688,94.01000213623047,94.5199966430664,0,DXY
2021-10-14,93.95999908447266,94.08999633789062,93.76000213623047,94.0199966430664,0,DXY
2021-10-15,93.94000244140625,94.06999969482422,93.8499984741211,94.02999877929688,0,DXY
2021-10-18,93.94999694824219,94.16999816894531,93.87000274658203,93.94999694824219,0,DXY
2021-10-19,93.79000091552734,93.94999694824219,93.5,93.94999694824219,0,DXY
2021-10-20,93.55999755859375,93.87999725341797,93.54000091552734,93.80999755859375,0,DXY
2021-10-21,93.7699966430664,93.79000091552734,93.5,93.58000183105469,0,DXY
2021-10-22,93.61000061035156,93.79000091552734,93.54000091552734,93.75,0,DXY
2021-10-25,93.80999755859375,93.95999908447266,93.4800033569336,93.66000366210938,0,DXY
2021-10-26,93.94999694824219,94.0199966430664,93.70999908447266,93.83999633789062,0,DXY
2021-10-27,93.86000061035156,94.01000213623047,93.69000244140625,93.97000122070312,0,DXY
2021-10-28,93.3499984741211,93.97000122070312,93.27999877929688,93.87999725341797,0,DXY
2021-10-29,94.12000274658203,94.30000305175781,93.31999969482422,93.36000061035156,0,DXY
2021-11-01,93.87999725341797,94.30999755859375,93.86000061035156,94.12999725341797,0,DXY
2021-11-02,94.08999633789062,94.12999725341797,93.81999969482422,93.93000030517578,0,DXY
2021-11-03,93.86000061035156,94.20999908447266,93.81999969482422,94.12000274658203,0,DXY
2021-11-04,94.3499984741211,94.47000122070312,93.83000183105469,93.86000061035156,0,DXY
2021-11-05,94.31999969482422,94.62000274658203,94.19000244140625,94.33999633789062,0,DXY
2021-11-08,94.05000305175781,94.37999725341797,93.98999786376953,94.25,0,DXY
2021-11-09,93.95999908447266,94.1500015258789,93.87999725341797,94.08999633789062,0,DXY
2021-11-10,94.8499984741211,94.9000015258789,93.97000122070312,93.9800033569336,0,DXY
2021-11-11,95.18000030517578,95.19999694824219,94.83999633789062,94.83999633789062,0,DXY
2021-11-12,95.12999725341797,95.2699966430664,95.0,95.18000030517578,0,DXY
2021-11-15,95.41000366210938,95.5999984741211,94.97000122070312,95.12000274658203,0,DXY
2021-11-16,95.91999816894531,95.9800033569336,95.4000015258789,95.47000122070312,0,DXY
2021-11-17,95.83000183105469,96.23999786376953,95.7300033569336,95.94000244140625,0,DXY
2021-11-18,95.54000091552734,95.83999633789062,95.5199966430664,95.80000305175781,0,DXY
2021-11-19,96.06999969482422,96.23999786376953,95.58000183105469,95.58999633789062,0,DXY
2021-11-22,96.5,96.55000305175781,96.04000091552734,96.06999969482422,0,DXY
2021-11-23,96.48999786376953,96.61000061035156,96.30999755859375,96.45999908447266,0,DXY
2021-11-24,96.83999633789062,96.94000244140625,96.44000244140625,96.52999877929688,0,DXY
2021-11-26,96.08999633789062,96.7699966430664,95.75,96.72000122070312,0,DXY
2021-11-29,96.33999633789062,96.44999694824219,96.13999938964844,96.13999938964844,0,DXY
2021-11-30,95.98999786376953,96.63999938964844,95.5199966430664,96.22000122070312,0,DXY
2021-12-01,96.05000305175781,96.13999938964844,95.66999816894531,95.94000244140625,0,DXY
2021-12-02,96.12999725341797,96.18000030517578,95.83000183105469,96.06999969482422,0,DXY
2021-12-03,96.12000274658203,96.44999694824219,95.97000122070312,96.12000274658203,0,DXY
2021-12-06,96.29000091552734,96.43000030517578,96.12999725341797,96.1500015258789,0,DXY
2021-12-07,96.37000274658203,96.58999633789062,96.16999816894531,96.30000305175781,0,DXY
2021-12-08,95.88999938964844,96.37999725341797,95.8499984741211,96.26000213623047,0,DXY
2021-12-09,96.2699966430664,96.33999633789062,95.95999908447266,95.95999908447266,0,DXY
2021-12-10,96.05000305175781,96.43000030517578,95.9800033569336,96.22000122070312,0,DXY
2021-12-13,96.31999969482422,96.44999694824219,96.05000305175781,96.05000305175781,0,DXY
2021-12-14,96.56999969482422,96.58999633789062,96.0999984741211,96.3499984741211,0,DXY
2021-12-15,96.51000213623047,96.91000366210938,96.30000305175781,96.55000305175781,0,DXY
2021-12-16,96.04000091552734,96.44999694824219,95.8499984741211,96.43000030517578,0,DXY
2021-12-17,96.56999969482422,96.69000244140625,95.87999725341797,96.0,0,DXY
2021-12-20,96.55000305175781,96.69000244140625,96.33999633789062,96.66999816894531,0,DXY
2021-12-21,96.48999786376953,96.63999938964844,96.33999633789062,96.54000091552734,0,DXY
2021-12-22,96.08000183105469,96.5999984741211,96.0199966430664,96.47000122070312,0,DXY
2021-12-23,96.0199966430664,96.27999877929688,95.98999786376953,96.02999877929688,0,DXY
2021-12-27,96.08999633789062,96.26000213623047,96.05000305175781,96.1500015258789,0,DXY
2021-12-28,96.19999694824219,96.27999877929688,96.0,96.06999969482422,0,DXY
2021-12-29,95.93000030517578,96.4000015258789,95.76000213623047,96.1500015258789,0,DXY
2021-12-30,95.97000122070312,96.22000122070312,95.86000061035156,95.88999938964844,0,DXY
2021-12-31,95.66999816894531,96.11000061035156,95.56999969482422,95.98999786376953,0,DXY
2022-01-03,96.23999786376953,96.33000183105469,95.62999725341797,95.66999816894531,0,DXY
2022-01-04,96.29000091552734,96.45999908447266,96.02999877929688,96.19000244140625,0,DXY
2022-01-05,96.19000244140625,96.33000183105469,95.88999938964844,96.30999755859375,0,DXY
2022-01-06,96.25,96.38999938964844,96.04000091552734,96.19999694824219,0,DXY
2022-01-07,95.73999786376953,96.30000305175781,95.70999908447266,96.26000213623047,0,DXY
2022-01-10,95.98999786376953,96.2300033569336,95.73999786376953,95.73999786376953,0,DXY
2022-01-11,95.62000274658203,96.06999969482422,95.58000183105469,95.93000030517578,0,DXY
2022-01-12,95.0,95.69000244140625,94.91000366210938,95.58000183105469,0,DXY
2022-01-13,94.79000091552734,95.0199966430664,94.66000366210938,94.98999786376953,0,DXY
2022-01-14,95.16999816894531,95.2699966430664,94.62999725341797,94.87000274658203,0,DXY
2022-01-18,95.7300033569336,95.83000183105469,95.12999725341797,95.22000122070312,0,DXY
2022-01-19,95.51000213623047,95.79000091552734,95.48999786376953,95.7699966430664,0,DXY
2022-01-20,95.73999786376953,95.86000061035156,95.41999816894531,95.58999633789062,0,DXY
2022-01-21,95.63999938964844,95.83999633789062,95.5,95.80999755859375,0,DXY
2022-01-24,95.91999816894531,96.12999725341797,95.62999725341797,95.63999938964844,0,DXY
2022-01-25,95.94999694824219,96.2699966430664,95.9000015258789,95.93000030517578,0,DXY
2022-01-26,96.48999786376953,96.54000091552734,95.91000366210938,95.95999908447266,0,DXY
2022-01-27,97.26000213623047,97.29000091552734,96.52999877929688,96.55000305175781,0,DXY
2022-01-28,97.2699966430664,97.44000244140625,97.05999755859375,97.25,0,DXY
2022-01-31,96.54000091552734,97.30000305175781,96.5199966430664,97.22000122070312,0,DXY
2022-02-01,96.38999938964844,96.72000122070312,96.23999786376953,96.69999694824219,0,DXY
2022-02-02,95.94000244140625,96.30000305175781,95.80999755859375,96.2699966430664,0,DXY
2022-02-03,95.37999725341797,96.25,95.23999786376953,96.0199966430664,0,DXY
2022-02-04,95.4800033569336,95.69999694824219,95.13999938964844,95.30999755859375,0,DXY
2022-02-07,95.4000015258789,95.62999725341797,95.3499984741211,95.4800033569336,0,DXY
2022-02-08,95.63999938964844,95.75,95.4000015258789,95.43000030517578,0,DXY
2022-02-09,95.48999786376953,95.66999816894531,95.37999725341797,95.58999633789062,0,DXY
2022-02-10,95.55000305175781,96.0,95.16999816894531,95.56999969482422,0,DXY
2022-02-11,96.08000183105469,96.11000061035156,95.63999938964844,95.94000244140625,0,DXY
2022-02-14,96.37000274658203,96.44000244140625,95.91000366210938,96.02999877929688,0,DXY
2022-02-15,95.98999786376953,96.29000091552734,95.95999908447266,96.23999786376953,0,DXY
2022-02-16,95.69999694824219,96.05999755859375,95.68000030517578,96.01000213623047,0,DXY
2022-02-17,95.80000305175781,96.11000061035156,95.70999908447266,95.7699966430664,0,DXY
2022-02-18,96.04000091552734,96.16999816894531,95.7300033569336,95.83000183105469,0,DXY
2022-02-22,96.02999877929688,96.26000213623047,95.83999633789062,96.08000183105469,0,DXY
2022-02-23,96.19000244140625,96.23999786376953,95.8499984741211,96.04000091552734,0,DXY
2022-02-24,97.13999938964844,97.73999786376953,96.22000122070312,96.22000122070312,0,DXY
2022-02-25,96.62000274658203,97.22000122070312,96.5199966430664,97.0,0,DXY
2022-02-28,96.70999908447266,97.41999816894531,96.54000091552734,96.54000091552734,0,DXY
2022-03-01,97.41000366210938,97.58000183105469,96.62999725341797,96.7699966430664,0,DXY
2022-03-02,97.38999938964844,97.83000183105469,97.29000091552734,97.37000274658203,0,DXY
2022-03-03,97.79000091552734,97.94999694824219,97.43000030517578,97.47000122070312,0,DXY
2022-03-04,98.6500015258789,98.91999816894531,97.83999633789062,98.04000091552734,0,DXY
2022-03-07,99.29000091552734,99.41999816894531,98.56999969482422,98.56999969482422,0,DXY
2022-03-08,99.05999755859375,99.31999969482422,98.70999908447266,99.23999786376953,0,DXY
2022-03-09,97.97000122070312,99.12000274658203,97.8499984741211,99.12000274658203,0,DXY
2022-03-10,98.51000213623047,98.5999984741211,97.70999908447266,98.05999755859375,0,DXY
2022-03-11,99.12000274658203,99.16000366210938,98.2699966430664,98.36000061035156,0,DXY
2022-03-14,99.05999755859375,99.29000091552734,98.68000030517578,99.12999725341797,0,DXY
2022-03-15,99.06999969482422,99.19999694824219,98.63999938964844,99.12999725341797,0,DXY
2022-03-16,98.37999725341797,99.08000183105469,98.30000305175781,98.88999938964844,0,DXY
2022-03-17,98.01000213623047,98.51000213623047,97.7300033569336,98.5,0,DXY
2022-03-18,98.2300033569336,98.62000274658203,97.83999633789062,98.0,0,DXY
2022-03-21,98.5,98.52999877929688,98.16000366210938,98.23999786376953,0,DXY
2022-03-22,98.48999786376953,98.97000122070312,98.31999969482422,98.48999786376953,0,DXY
2022-03-23,98.62000274658203,98.87999725341797,98.38999938964844,98.4800033569336,0,DXY
2022-03-24,98.79000091552734,98.95999908447266,98.5999984741211,98.63999938964844,0,DXY
2022-03-25,98.80999755859375,98.83000183105469,98.4000015258789,98.75,0,DXY
2022-03-28,99.08999633789062,99.37000274658203,98.80000305175781,98.80999755859375,0,DXY
2022-03-29,98.4000015258789,99.30000305175781,98.04000091552734,99.08000183105469,0,DXY
2022-03-30,97.79000091552734,98.43000030517578,97.69000244140625,98.37000274658203,0,DXY
2022-03-31,98.30999755859375,98.4000015258789,97.69000244140625,97.83000183105469,0,DXY
2022-04-01,98.62999725341797,98.73999786376953,98.30999755859375,98.33999633789062,0,DXY
2022-04-04,98.98999786376953,99.08000183105469,98.5199966430664,98.56999969482422,0,DXY
2022-04-05,99.47000122070312,99.5199966430664,98.83999633789062,99.0,0,DXY
2022-04-06,99.5999984741211,99.7699966430664,99.30999755859375,99.47000122070312,0,DXY
2022-04-07,99.75,99.83000183105469,99.4000015258789,99.6500015258789,0,DXY
2022-04-08,99.80000305175781,100.19000244140625,99.73999786376953,99.81999969482422,0,DXY
2022-04-11,99.93000030517578,100.05000305175781,99.62000274658203,99.83999633789062,0,DXY
2022-04-12,100.29000091552734,100.33000183105469,99.73999786376953,100.04000091552734,0,DXY
2022-04-13,99.87999725341797,100.5199966430664,99.83000183105469,100.33999633789062,0,DXY
2022-04-14,100.31999969482422,100.76000213623047,99.56999969482422,99.79000091552734,0,DXY
2022-04-18,100.77999877929688,100.86000061035156,100.45999908447266,100.5,0,DXY
2022-04-19,100.95999908447266,101.02999877929688,100.69999694824219,100.83000183105469,0,DXY
2022-04-20,100.38999938964844,101.04000091552734,100.22000122070312,100.9800033569336,0,DXY
2022-04-21,100.58000183105469,100.63999938964844,99.81999969482422,100.3499984741211,0,DXY
2022-04-22,101.22000122070312,101.33000183105469,100.47000122070312,100.62000274658203,0,DXY
2022-04-25,101.75,101.86000061035156,101.04000091552734,101.12000274658203,0,DXY
2022-04-26,102.30000305175781,102.36000061035156,101.51000213623047,101.7300033569336,0,DXY
2022-04-27,102.94999694824219,103.27999877929688,102.22000122070312,102.27999877929688,0,DXY
2022-04-28,103.62000274658203,103.93000030517578,102.9800033569336,103.04000091552734,0,DXY
2022-04-29,102.95999908447266,103.66999816894531,102.81999969482422,103.66999816894531,0,DXY
2022-05-02,103.73999786376953,103.75,103.11000061035156,103.20999908447266,0,DXY
2022-05-03,103.47000122070312,103.66999816894531,103.02999877929688,103.5999984741211,0,DXY
2022-05-04,102.58999633789062,103.62000274658203,102.45999908447266,103.45999908447266,0,DXY
2022-05-05,103.75,103.94000244140625,102.3499984741211,102.68000030517578,0,DXY
2022-05-06,103.66000366210938,104.05999755859375,103.19000244140625,103.55999755859375,0,DXY
2022-05-09,103.6500015258789,104.19000244140625,103.38999938964844,103.66000366210938,0,DXY
2022-05-10,103.91999816894531,103.9800033569336,103.5,103.7300033569336,0,DXY
2022-05-11,103.8499984741211,104.11000061035156,103.37000274658203,103.9000015258789,0,DXY
2022-05-12,104.8499984741211,104.93000030517578,103.87999725341797,104.01000213623047,0,DXY
2022-05-13,104.55999755859375,105.01000213623047,104.47000122070312,104.7699966430664,0,DXY
2022-05-16,104.19000244140625,104.63999938964844,104.13999938964844,104.47000122070312,0,DXY
2022-05-17,103.36000061035156,104.2300033569336,103.2300033569336,104.16999816894531,0,DXY
2022-05-18,103.80999755859375,103.93000030517578,103.19000244140625,103.33999633789062,0,DXY
2022-05-19,102.72000122070312,103.87999725341797,102.66000366210938,103.83000183105469,0,DXY
2022-05-20,103.1500015258789,103.26000213623047,102.7699966430664,102.9000015258789,0,DXY
2022-05-23,102.08000183105469,103.05000305175781,102.04000091552734,103.02999877929688,0,DXY
2022-05-24,101.86000061035156,102.31999969482422,101.6500015258789,102.11000061035156,0,DXY
2022-05-25,102.05999755859375,102.44999694824219,101.7300033569336,101.7699966430664,0,DXY
2022-05-26,101.83000183105469,102.2699966430664,101.73999786376953,102.0199966430664,0,DXY
2022-05-27,101.66999816894531,101.94000244140625,101.43000030517578,101.72000122070312,0,DXY
2022-05-31,101.75,102.16999816894531,101.41000366210938,101.44000244140625,0,DXY
2022-06-01,102.55000305175781,102.7300033569336,101.73999786376953,101.76000213623047,0,DXY
2022-06-02,101.7699966430664,102.62000274658203,101.73999786376953,102.55000305175781,0,DXY
2022-06-03,102.13999938964844,102.2300033569336,101.63999938964844,101.75,0,DXY
2022-06-06,102.44000244140625,102.47000122070312,101.8499984741211,102.16999816894531,0,DXY
2022-06-07,102.31999969482422,102.83999633789062,102.26000213623047,102.48999786376953,0,DXY
2022-06-08,102.54000091552734,102.77999877929688,102.2699966430664,102.38999938964844,0,DXY
2022-06-09,103.22000122070312,103.37000274658203,102.1500015258789,102.55999755859375,0,DXY
2022-06-10,104.1500015258789,104.2300033569336,103.05000305175781,103.33999633789062,0,DXY
2022-06-13,105.08000183105469,105.29000091552734,104.20999908447266,104.20999908447266,0,DXY
2022-06-14,105.5199966430664,105.6500015258789,104.62000274658203,105.19000244140625,0,DXY
2022-06-15,105.16000366210938,105.79000091552734,104.66000366210938,105.3499984741211,0,DXY
2022-06-16,103.62999725341797,105.48999786376953,103.41999816894531,104.9000015258789,0,DXY
2022-06-17,104.69999694824219,105.08999633789062,103.83000183105469,103.87999725341797,0,DXY
2022-06-21,104.44000244140625,104.54000091552734,103.94000244140625,104.44000244140625,0,DXY
2022-06-22,104.19999694824219,104.94999694824219,103.86000061035156,104.43000030517578,0,DXY
2022-06-23,104.43000030517578,104.7699966430664,104.05999755859375,104.20999908447266,0,DXY
2022-06-24,104.19000244140625,104.51000213623047,103.94999694824219,104.37999725341797,0,DXY
2022-06-27,103.94000244140625,104.20999908447266,103.66999816894531,104.12000274658203,0,DXY
2022-06-28,104.51000213623047,104.61000061035156,103.7699966430664,103.97000122070312,0,DXY
2022-06-29,105.11000061035156,105.1500015258789,104.36000061035156,104.45999908447266,0,DXY
2022-06-30,104.69000244140625,105.54000091552734,104.6500015258789,105.05999755859375,0,DXY
2022-07-01,105.13999938964844,105.63999938964844,104.73999786376953,104.77999877929688,0,DXY
2022-07-05,106.5,106.79000091552734,105.05000305175781,105.13999938964844,0,DXY
2022-07-06,107.0999984741211,107.26000213623047,106.36000061035156,106.48999786376953,0,DXY
2022-07-07,107.12999725341797,107.23999786376953,106.70999908447266,107.06999969482422,0,DXY
2022-07-08,107.01000213623047,107.79000091552734,106.80999755859375,107.04000091552734,0,DXY
2022-07-11,108.0199966430664,108.2699966430664,106.91999816894531,106.91999816894531,0,DXY
2022-07-12,108.06999969482422,108.55999755859375,107.83999633789062,108.18000030517578,0,DXY
2022-07-13,107.95999908447266,108.58000183105469,107.4800033569336,108.19000244140625,0,DXY
2022-07-14,108.54000091552734,109.29000091552734,108.19999694824219,108.19999694824219,0,DXY
2022-07-15,108.05999755859375,108.70999908447266,107.91000366210938,108.66999816894531,0,DXY
2022-07-18,107.37000274658203,108.04000091552734,106.88999938964844,107.9800033569336,0,DXY
2022-07-19,106.68000030517578,107.62999725341797,106.4000015258789,107.48999786376953,0,DXY
2022-07-20,107.08000183105469,107.26000213623047,106.38999938964844,106.66999816894531,0,DXY
2022-07-21,106.91000366210938,107.31999969482422,106.41999816894531,107.08999633789062,0,DXY
2022-07-22,106.7300033569336,107.36000061035156,106.11000061035156,106.58999633789062,0,DXY
2022-07-25,106.4800033569336,106.87999725341797,106.19000244140625,106.55000305175781,0,DXY
2022-07-26,107.19000244140625,107.27999877929688,106.19999694824219,106.44999694824219,0,DXY
2022-07-27,106.44999694824219,107.43000030517578,106.26000213623047,107.12999725341797,0,DXY
2022-07-28,106.3499984741211,106.9800033569336,106.05999755859375,106.37000274658203,0,DXY
2022-07-29,105.9000015258789,106.66000366210938,105.54000091552734,106.20999908447266,0,DXY
2022-08-01,105.44999694824219,106.02999877929688,105.23999786376953,105.83000183105469,0,DXY
2022-08-02,106.23999786376953,106.33999633789062,105.05000305175781,105.36000061035156,0,DXY
2022-08-03,106.51000213623047,106.81999969482422,105.97000122070312,106.43000030517578,0,DXY
2022-08-04,105.69000244140625,106.51000213623047,105.66999816894531,106.4800033569336,0,DXY
2022-08-05,106.62000274658203,106.93000030517578,105.69000244140625,105.72000122070312,0,DXY
2022-08-08,106.44000244140625,106.80000305175781,106.08999633789062,106.58000183105469,0,DXY
2022-08-09,106.37000274658203,106.41000366210938,105.97000122070312,106.33999633789062,0,DXY
2022-08-10,105.19999694824219,106.4000015258789,104.63999938964844,106.33999633789062,0,DXY
2022-08-11,105.08999633789062,105.45999908447266,104.6500015258789,105.20999908447266,0,DXY
2022-08-12,105.62999725341797,105.87999725341797,105.08999633789062,105.16000366210938,0,DXY
2022-08-15,106.55000305175781,106.55000305175781,105.55000305175781,105.66999816894531,0,DXY
2022-08-16,106.5,106.94000244140625,106.31999969482422,106.4800033569336,0,DXY
2022-08-17,106.56999969482422,106.88999938964844,106.30999755859375,106.44999694824219,0,DXY
2022-08-18,107.4800033569336,107.55999755859375,106.51000213623047,106.68000030517578,0,DXY
2022-08-19,108.16999816894531,108.22000122070312,107.47000122070312,107.5,0,DXY
2022-08-22,109.05000305175781,109.0999984741211,108.08000183105469,108.0999984741211,0,DXY
2022-08-23,108.62000274658203,109.2699966430664,108.08000183105469,109.0,0,DXY
2022-08-24,108.68000030517578,109.11000061035156,108.36000061035156,108.5199966430664,0,DXY
2022-08-25,108.47000122070312,108.69000244140625,107.98999786376953,108.62999725341797,0,DXY
2022-08-26,108.80000305175781,108.87000274658203,107.58999633789062,108.47000122070312,0,DXY
2022-08-29,108.83999633789062,109.4800033569336,108.48999786376953,108.83999633789062,0,DXY
2022-08-30,108.7699966430664,109.11000061035156,108.29000091552734,108.69999694824219,0,DXY
2022-08-31,108.69999694824219,109.19999694824219,108.37999725341797,108.75,0,DXY
2022-09-01,109.69000244140625,109.9800033569336,108.7699966430664,108.83999633789062,0,DXY
2022-09-02,109.52999877929688,109.72000122070312,108.93000030517578,109.63999938964844,0,DXY
2022-09-06,110.20999908447266,110.55000305175781,109.37999725341797,109.5999984741211,0,DXY
2022-09-07,109.83999633789062,110.79000091552734,109.54000091552734,110.31999969482422,0,DXY
2022-09-08,109.70999908447266,110.23999786376953,109.33000183105469,109.66999816894531,0,DXY
2022-09-09,109.0,109.54000091552734,108.36000061035156,109.54000091552734,0,DXY
2022-09-12,108.33000183105469,108.86000061035156,107.80999755859375,108.5999984741211,0,DXY
2022-09-13,109.81999969482422,109.95999908447266,107.68000030517578,108.2300033569336,0,DXY
2022-09-14,109.66000366210938,109.93000030517578,109.27999877929688,109.93000030517578,0,DXY
2022-09-15,109.73999786376953,109.91999816894531,109.41999816894531,109.61000061035156,0,DXY
2022-09-16,109.76000213623047,110.26000213623047,109.4800033569336,109.80000305175781,0,DXY
2022-09-19,109.73999786376953,110.18000030517578,109.48999786376953,109.63999938964844,0,DXY
2022-09-20,110.22000122070312,110.29000091552734,109.36000061035156,109.58000183105469,0,DXY
2022-09-21,110.63999938964844,111.58000183105469,110.12999725341797,110.16000366210938,0,DXY
2022-09-22,111.3499984741211,111.80999755859375,110.45999908447266,111.4800033569336,0,DXY
2022-09-23,113.19000244140625,113.2300033569336,111.08000183105469,111.23999786376953,0,DXY
2022-09-26,114.0999984741211,114.52999877929688,112.94000244140625,113.0199966430664,0,DXY
2022-09-27,114.11000061035156,114.47000122070312,113.33000183105469,114.0199966430664,0,DXY
2022-09-28,112.5999984741211,114.77999877929688,112.55999755859375,114.19000244140625,0,DXY
2022-09-29,112.25,113.79000091552734,111.91999816894531,113.01000213623047,0,DXY
2022-09-30,112.12000274658203,112.66999816894531,111.58000183105469,111.75,0,DXY
2022-10-03,111.75,112.54000091552734,111.47000122070312,112.16999816894531,0,DXY
2022-10-04,110.06999969482422,111.88999938964844,110.05999755859375,111.58999633789062,0,DXY
2022-10-05,111.06999969482422,111.73999786376953,110.08999633789062,110.2300033569336,0,DXY
2022-10-06,112.26000213623047,112.30999755859375,110.77999877929688,111.0199966430664,0,DXY
2022-10-07,112.80000305175781,112.87999725341797,111.94999694824219,112.25,0,DXY
2022-10-10,113.13999938964844,113.33000183105469,112.62000274658203,112.75,0,DXY
2022-10-11,113.22000122070312,113.5,112.41000366210938,113.08000183105469,0,DXY
2022-10-12,113.31999969482422,113.58999633789062,113.05000305175781,113.30999755859375,0,DXY
2022-10-13,112.36000061035156,113.91999816894531,112.1500015258789,113.23999786376953,0,DXY
2022-10-14,113.30999755859375,113.41999816894531,112.16000366210938,112.47000122070312,0,DXY
2022-10-17,112.04000091552734,113.22000122070312,111.91999816894531,113.22000122070312,0,DXY
2022-10-18,112.12999725341797,112.45999908447266,111.7699966430664,112.06999969482422,0,DXY
2022-10-19,112.9800033569336,113.0999984741211,111.91999816894531,111.91999816894531,0,DXY
2022-10-20,112.87999725341797,113.08999633789062,112.16999816894531,112.98999786376953,0,DXY
2022-10-21,112.01000213623047,113.94000244140625,111.69999694824219,112.94000244140625,0,DXY
2022-10-24,111.98999786376953,112.52999877929688,111.47000122070312,111.87999725341797,0,DXY
2022-10-25,110.94999694824219,112.12999725341797,110.76000213623047,111.81999969482422,0,DXY
2022-10-26,109.69999694824219,111.13999938964844,109.62999725341797,110.95999908447266,0,DXY
2022-10-27,110.58999633789062,110.62000274658203,109.54000091552734,109.62000274658203,0,DXY
2022-10-28,110.66999816894531,111.04000091552734,110.29000091552734,110.5,0,DXY
2022-10-31,111.52999877929688,111.66999816894531,110.66999816894531,110.66999816894531,0,DXY
2022-11-01,111.4800033569336,111.77999877929688,110.72000122070312,111.5199966430664,0,DXY
2022-11-02,111.3499984741211,112.1500015258789,110.43000030517578,111.54000091552734,0,DXY
2022-11-03,112.93000030517578,113.1500015258789,111.81999969482422,112.16999816894531,0,DXY
2022-11-04,110.87999725341797,112.98999786376953,110.72000122070312,112.97000122070312,0,DXY
2022-11-07,110.12000274658203,111.2699966430664,110.05000305175781,110.79000091552734,0,DXY
2022-11-08,109.62000274658203,110.61000061035156,109.37000274658203,110.05999755859375,0,DXY
2022-11-09,110.55000305175781,110.63999938964844,109.44999694824219,109.6500015258789,0,DXY
2022-11-10,108.20999908447266,110.98999786376953,107.70999908447266,110.30000305175781,0,DXY
2022-11-11,106.29000091552734,108.44000244140625,106.27999877929688,108.23999786376953,0,DXY
2022-11-14,106.66000366210938,107.2699966430664,106.4800033569336,106.4800033569336,0,DXY
2022-11-15,106.4000015258789,107.0999984741211,105.33999633789062,107.0,0,DXY
2022-11-16,106.27999877929688,106.77999877929688,105.86000061035156,106.58000183105469,0,DXY
2022-11-17,106.69000244140625,107.23999786376953,106.0999984741211,106.2699966430664,0,DXY
2022-11-18,106.93000030517578,107.04000091552734,106.33999633789062,106.69000244140625,0,DXY
2022-11-21,107.83999633789062,107.98999786376953,106.88999938964844,106.97000122070312,0,DXY
2022-11-22,107.22000122070312,107.75,107.12000274658203,107.69999694824219,0,DXY
2022-11-23,106.08000183105469,107.22000122070312,106.02999877929688,107.08000183105469,0,DXY
2022-11-25,105.95999908447266,106.41999816894531,105.69000244140625,105.95999908447266,0,DXY
2022-11-28,106.68000030517578,106.75,105.31999969482422,106.05999755859375,0,DXY
2022-11-29,106.81999969482422,106.87999725341797,106.05999755859375,106.56999969482422,0,DXY
2022-11-30,105.94999694824219,107.19999694824219,105.77999877929688,106.72000122070312,0,DXY
2022-12-01,104.7300033569336,105.9000015258789,104.66000366210938,105.69999694824219,0,DXY
2022-12-02,104.55000305175781,105.58999633789062,104.37999725341797,104.81999969482422,0,DXY
2022-12-05,105.29000091552734,105.4000015258789,104.11000061035156,104.51000213623047,0,DXY
2022-12-06,105.58000183105469,105.62999725341797,104.88999938964844,105.16000366210938,0,DXY
2022-12-07,105.0999984741211,105.81999969482422,104.87999725341797,105.62999725341797,0,DXY
2022-12-08,104.7699966430664,105.43000030517578,104.72000122070312,105.19999694824219,0,DXY
2022-12-09,104.80999755859375,105.13999938964844,104.4800033569336,104.86000061035156,0,DXY
2022-12-12,105.12999725341797,105.25,104.66999816894531,104.93000030517578,0,DXY
2022-12-13,103.9800033569336,105.0999984741211,103.58999633789062,104.98999786376953,0,DXY
2022-12-14,103.7699966430664,104.16000366210938,103.44999694824219,104.06999969482422,0,DXY
2022-12-15,104.55999755859375,104.87999725341797,103.54000091552734,103.66999816894531,0,DXY
2022-12-16,104.69999694824219,104.83999633789062,104.20999908447266,104.44999694824219,0,DXY
2022-12-19,104.72000122070312,104.93000030517578,104.12999725341797,104.83999633789062,0,DXY
2022-12-20,103.97000122070312,104.79000091552734,103.77999877929688,104.7300033569336,0,DXY
2022-12-21,104.16000366210938,104.37999725341797,103.8499984741211,103.94999694824219,0,DXY
2022-12-22,104.43000030517578,104.5999984741211,103.75,104.22000122070312,0,DXY
2022-12-23,104.30999755859375,104.54000091552734,104.12000274658203,104.38999938964844,0,DXY
2022-12-27,104.18000030517578,104.4000015258789,103.88999938964844,104.12000274658203,0,DXY
2022-12-28,104.45999908447266,104.55999755859375,103.8499984741211,104.33000183105469,0,DXY
2022-12-29,103.83999633789062,104.44999694824219,103.77999877929688,104.37000274658203,0,DXY
2022-12-30,103.5199966430664,104.0999984741211,103.38999938964844,103.94999694824219,0,DXY
2023-01-03,104.5199966430664,104.86000061035156,103.47000122070312,103.66000366210938,0,DXY
2023-01-04,104.25,104.5999984741211,103.83000183105469,104.58000183105469,0,DXY
2023-01-05,105.04000091552734,105.2699966430664,103.98999786376953,104.06999969482422,0,DXY
2023-01-06,103.87999725341797,105.62999725341797,103.87000274658203,105.05000305175781,0,DXY
2023-01-09,103.0,103.94000244140625,102.94000244140625,103.91000366210938,0,DXY
2023-01-10,103.23999786376953,103.48999786376953,103.02999877929688,103.29000091552734,0,DXY
2023-01-11,103.19000244140625,103.4800033569336,103.11000061035156,103.22000122070312,0,DXY
2023-01-12,102.25,103.29000091552734,102.08000183105469,103.05999755859375,0,DXY
2023-01-13,102.19999694824219,102.6500015258789,101.98999786376953,102.20999908447266,0,DXY
2023-01-17,102.38999938964844,102.55999755859375,101.94000244140625,102.31999969482422,0,DXY
2023-01-18,102.36000061035156,102.9000015258789,101.52999877929688,102.47000122070312,0,DXY
2023-01-19,102.05999755859375,102.4800033569336,101.98999786376953,102.37999725341797,0,DXY
2023-01-20,102.01000213623047,102.55000305175781,101.94000244140625,102.08000183105469,0,DXY
2023-01-23,102.13999938964844,102.27999877929688,101.58999633789062,101.98999786376953,0,DXY
2023-01-24,101.91999816894531,102.43000030517578,101.72000122070312,101.98999786376953,0,DXY
2023-01-25,101.63999938964844,102.12000274658203,101.58000183105469,102.01000213623047,0,DXY
2023-01-26,101.83999633789062,102.18000030517578,101.5,101.58000183105469,0,DXY
2023-01-27,101.93000030517578,102.19000244140625,101.68000030517578,101.72000122070312,0,DXY
2023-01-30,102.27999877929688,102.30999755859375,101.66000366210938,101.91999816894531,0,DXY
2023-01-31,102.0999984741211,102.61000061035156,102.01000213623047,102.19000244140625,0,DXY
2023-02-01,101.22000122070312,102.19000244140625,101.04000091552734,102.0999984741211,0,DXY
2023-02-02,101.75,101.91000366210938,100.81999969482422,100.8499984741211,0,DXY
2023-02-03,102.91999816894531,103.01000213623047,101.55000305175781,101.83000183105469,0,DXY
2023-02-06,103.62000274658203,103.7699966430664,103.01000213623047,103.01000213623047,0,DXY
2023-02-07,103.43000030517578,103.95999908447266,103.0,103.54000091552734,0,DXY
2023-02-08,103.41000366210938,103.5199966430664,103.0,103.2699966430664,0,DXY
2023-02-09,103.22000122070312,103.55000305175781,102.63999938964844,103.43000030517578,0,DXY
2023-02-10,103.62999725341797,103.68000030517578,102.9000015258789,103.26000213623047,0,DXY
2023-02-13,103.3499984741211,103.83999633789062,103.23999786376953,103.58000183105469,0,DXY
2023-02-14,103.2300033569336,103.5199966430664,102.58999633789062,103.22000122070312,0,DXY
2023-02-15,103.91999816894531,104.11000061035156,103.16000366210938,103.20999908447266,0,DXY
2023-02-16,103.86000061035156,104.2300033569336,103.52999877929688,103.87999725341797,0,DXY
2023-02-17,103.86000061035156,104.66999816894531,103.83999633789062,104.19999694824219,0,DXY
2023-02-21,104.18000030517578,104.26000213623047,103.7699966430664,103.91000366210938,0,DXY
2023-02-22,104.58999633789062,104.5999984741211,104.01000213623047,104.12999725341797,0,DXY
2023-02-23,104.5999984741211,104.77999877929688,104.30999755859375,104.5,0,DXY
2023-02-24,105.20999908447266,105.31999969482422,104.41999816894531,104.55999755859375,0,DXY
2023-02-27,104.66999816894531,105.36000061035156,104.55000305175781,105.26000213623047,0,DXY
2023-02-28,104.87000274658203,105.0,104.41999816894531,104.62999725341797,0,DXY
2023-03-01,104.4800033569336,105.08999633789062,104.08999633789062,105.04000091552734,0,DXY
2023-03-02,105.02999877929688,105.18000030517578,104.38999938964844,104.38999938964844,0,DXY
2023-03-03,104.5199966430664,105.0,104.48999786376953,104.94000244140625,0,DXY
2023-03-06,104.3499984741211,104.69000244140625,104.16000366210938,104.52999877929688,0,DXY
2023-03-07,105.62000274658203,105.6500015258789,104.12000274658203,104.30000305175781,0,DXY
2023-03-08,105.66000366210938,105.87999725341797,105.37000274658203,105.66999816894531,0,DXY
2023-03-09,105.30999755859375,105.7300033569336,105.1500015258789,105.62000274658203,0,DXY
2023-03-10,104.58000183105469,105.3499984741211,104.04000091552734,105.12999725341797,0,DXY
2023-03-13,103.5999984741211,104.38999938964844,103.4800033569336,104.38999938964844,0,DXY
2023-03-14,103.5999984741211,104.05000305175781,103.5,103.66999816894531,0,DXY
2023-03-15,104.6500015258789,105.0999984741211,103.44000244140625,103.73999786376953,0,DXY
2023-03-16,104.41999816894531,104.73999786376953,104.19999694824219,104.62000274658203,0,DXY
2023-03-17,103.70999908447266,104.44999694824219,103.69000244140625,104.41000366210938,0,DXY
2023-03-20,103.27999877929688,103.95999908447266,103.27999877929688,103.86000061035156,0,DXY
2023-03-21,103.26000213623047,103.5199966430664,103.0,103.30999755859375,0,DXY
2023-03-22,102.3499984741211,103.2699966430664,102.06999969482422,103.19999694824219,0,DXY
2023-03-23,102.52999877929688,102.63999938964844,101.91999816894531,102.5,0,DXY
2023-03-24,103.12000274658203,103.36000061035156,102.5,102.5999984741211,0,DXY
2023-03-27,102.86000061035156,103.2300033569336,102.83000183105469,103.12000274658203,0,DXY
2023-03-28,102.43000030517578,102.76000213623047,102.37999725341797,102.75,0,DXY
2023-03-29,102.63999938964844,102.79000091552734,102.37000274658203,102.48999786376953,0,DXY
2023-03-30,102.13999938964844,102.77999877929688,102.06999969482422,102.62000274658203,0,DXY
2023-03-31,102.51000213623047,102.62999725341797,102.05000305175781,102.19999694824219,0,DXY
2023-04-03,102.08999633789062,103.05999755859375,101.9800033569336,102.58999633789062,0,DXY
2023-04-04,101.58999633789062,102.27999877929688,101.45999908447266,102.01000213623047,0,DXY
2023-04-05,101.8499984741211,101.98999786376953,101.41999816894531,101.5199966430664,0,DXY
2023-04-06,101.81999969482422,102.13999938964844,101.76000213623047,101.83000183105469,0,DXY
2023-04-10,102.58000183105469,102.80999755859375,101.98999786376953,102.0999984741211,0,DXY
2023-04-11,102.19999694824219,102.5199966430664,102.01000213623047,102.5199966430664,0,DXY
2023-04-12,101.5,102.16000366210938,101.44999694824219,102.12999725341797,0,DXY
2023-04-13,101.01000213623047,101.5999984741211,100.8499984741211,101.47000122070312,0,DXY
2023-04-14,101.55000305175781,101.75,100.79000091552734,101.0,0,DXY
2023-04-17,102.0999984741211,102.2300033569336,101.52999877929688,101.58000183105469,0,DXY
2023-04-18,101.75,102.13999938964844,101.63999938964844,102.0999984741211,0,DXY
2023-04-19,101.97000122070312,102.2300033569336,101.66000366210938,101.70999908447266,0,DXY
2023-04-20,101.83999633789062,102.12999725341797,101.62999725341797,101.98999786376953,0,DXY
2023-04-21,101.81999969482422,102.12000274658203,101.6500015258789,101.80000305175781,0,DXY
2023-04-24,101.3499984741211,101.91000366210938,101.33000183105469,101.72000122070312,0,DXY
2023-04-25,101.86000061035156,101.94999694824219,101.19999694824219,101.26000213623047,0,DXY
2023-04-26,101.47000122070312,101.88999938964844,101.01000213623047,101.81999969482422,0,DXY
2023-04-27,101.5,101.80000305175781,101.27999877929688,101.4000015258789,0,DXY
2023-04-28,101.66999816894531,102.16999816894531,101.41999816894531,101.47000122070312,0,DXY
2023-05-01,102.1500015258789,102.19000244140625,101.62000274658203,101.66999816894531,0,DXY
2023-05-02,101.95999908447266,102.4000015258789,101.87999725341797,102.1500015258789,0,DXY
2023-05-03,101.33999633789062,101.91999816894531,101.06999969482422,101.86000061035156,0,DXY
2023-05-04,101.4000015258789,101.63999938964844,101.02999877929688,101.19999694824219,0,DXY
2023-05-05,101.20999908447266,101.77999877929688,101.12000274658203,101.33999633789062,0,DXY
2023-05-08,101.37000274658203,101.41999816894531,101.04000091552734,101.27999877929688,0,DXY
2023-05-09,101.63999938964844,101.83999633789062,101.36000061035156,101.4000015258789,0,DXY
2023-05-10,101.4800033569336,101.80999755859375,101.22000122070312,101.62000274658203,0,DXY
2023-05-11,102.05999755859375,102.1500015258789,101.30000305175781,101.41000366210938,0,DXY
2023-05-12,102.68000030517578,102.70999908447266,101.94000244140625,102.0999984741211,0,DXY
2023-05-15,102.43000030517578,102.75,102.37999725341797,102.70999908447266,0,DXY
2023-05-16,102.55999755859375,102.69000244140625,102.19999694824219,102.43000030517578,0,DXY
2023-05-17,102.87999725341797,103.11000061035156,102.54000091552734,102.61000061035156,0,DXY
2023-05-18,103.58000183105469,103.62000274658203,102.80000305175781,102.91000366210938,0,DXY
2023-05-19,103.19999694824219,103.62000274658203,103.0,103.51000213623047,0,DXY
2023-05-22,103.19999694824219,103.37000274658203,102.95999908447266,103.19000244140625,0,DXY
2023-05-23,103.48999786376953,103.6500015258789,103.16000366210938,103.2699966430664,0,DXY
2023-05-24,103.88999938964844,103.91000366210938,103.3499984741211,103.54000091552734,0,DXY
2023-05-25,104.20999908447266,104.30999755859375,103.83999633789062,103.86000061035156,0,DXY
2023-05-26,104.20999908447266,104.41999816894531,103.8499984741211,104.2300033569336,0,DXY
2023-05-30,104.16999816894531,104.52999877929688,103.87999725341797,104.30000305175781,0,DXY
2023-05-31,104.31999969482422,104.69999694824219,104.01000213623047,104.05000305175781,0,DXY
2023-06-01,103.55999755859375,104.5,103.5,104.1500015258789,0,DXY
2023-06-02,104.0199966430664,104.08999633789062,103.37999725341797,103.55999755859375,0,DXY
2023-06-05,104.0,104.4000015258789,103.93000030517578,104.04000091552734,0,DXY
2023-06-06,104.12999725341797,104.37000274658203,103.81999969482422,104.01000213623047,0,DXY
2023-06-07,104.0999984741211,104.30000305175781,103.66000366210938,104.12000274658203,0,DXY
2023-06-08,103.33999633789062,104.06999969482422,103.30000305175781,104.06999969482422,0,DXY
2023-06-09,103.55999755859375,103.61000061035156,103.30000305175781,103.30000305175781,0,DXY
2023-06-12,103.62999725341797,103.76000213623047,103.23999786376953,103.55000305175781,0,DXY
2023-06-13,103.33999633789062,103.62000274658203,103.05000305175781,103.58000183105469,0,DXY
2023-06-14,103.01000213623047,103.4000015258789,102.66000366210938,103.31999969482422,0,DXY
2023-06-15,102.12000274658203,103.37999725341797,102.08999633789062,102.95999908447266,0,DXY
2023-06-16,102.30000305175781,102.43000030517578,102.01000213623047,102.12000274658203,0,DXY
2023-06-20,102.54000091552734,102.79000091552734,102.31999969482422,102.4800033569336,0,DXY
2023-06-21,102.06999969482422,102.70999908447266,102.0199966430664,102.5,0,DXY
2023-06-22,102.38999938964844,102.47000122070312,101.91999816894531,102.02999877929688,0,DXY
2023-06-23,102.9000015258789,103.16999816894531,102.37999725341797,102.37999725341797,0,DXY
2023-06-26,102.69000244140625,102.83000183105469,102.61000061035156,102.83000183105469,0,DXY
2023-06-27,102.48999786376953,102.80000305175781,102.31999969482422,102.73999786376953,0,DXY
2023-06-28,102.91000366210938,103.1500015258789,102.47000122070312,102.51000213623047,0,DXY
2023-06-29,103.33999633789062,103.44000244140625,102.77999877929688,102.95999908447266,0,DXY
2023-06-30,102.91000366210938,103.54000091552734,102.75,103.3499984741211,0,DXY
2023-07-03,102.98999786376953,103.2699966430664,102.75,102.91999816894531,0,DXY
2023-07-05,103.37000274658203,103.38999938964844,102.95999908447266,103.08000183105469,0,DXY
2023-07-06,103.16999816894531,103.56999969482422,102.91999816894531,103.3499984741211,0,DXY
2023-07-07,102.2699966430664,103.19000244140625,102.2300033569336,103.08000183105469,0,DXY
2023-07-10,101.97000122070312,102.55999755859375,101.94999694824219,102.29000091552734,0,DXY
2023-07-11,101.7300033569336,101.97000122070312,101.6500015258789,101.94000244140625,0,DXY
2023-07-12,100.5199966430664,101.61000061035156,100.51000213623047,101.58999633789062,0,DXY
2023-07-13,99.7699966430664,100.61000061035156,99.73999786376953,100.5199966430664,0,DXY
2023-07-14,99.91000366210938,100.0199966430664,99.58000183105469,99.75,0,DXY
2023-07-17,99.83999633789062,100.18000030517578,99.75,99.95999908447266,0,DXY
2023-07-18,99.94000244140625,100.11000061035156,99.58999633789062,99.88999938964844,0,DXY
2023-07-19,100.27999877929688,100.54000091552734,99.93000030517578,99.9800033569336,0,DXY
2023-07-20,100.87999725341797,100.97000122070312,100.0199966430664,100.27999877929688,0,DXY
2023-07-21,101.06999969482422,101.19000244140625,100.72000122070312,100.77999877929688,0,DXY
2023-07-24,101.3499984741211,101.43000030517578,100.88999938964844,101.08999633789062,0,DXY
2023-07-25,101.3499984741211,101.6500015258789,101.19000244140625,101.41999816894531,0,DXY
2023-07-26,100.88999938964844,101.44000244140625,100.86000061035156,101.31999969482422,0,DXY
2023-07-27,101.7699966430664,101.83999633789062,100.55000305175781,101.11000061035156,0,DXY
2023-07-28,101.62000274658203,102.04000091552734,101.36000061035156,101.69000244140625,0,DXY
2023-07-31,101.86000061035156,101.91000366210938,101.52999877929688,101.69999694824219,0,DXY
2023-08-01,102.30000305175781,102.43000030517578,101.8499984741211,101.87000274658203,0,DXY
2023-08-02,102.58999633789062,102.77999877929688,101.95999908447266,101.95999908447266,0,DXY
2023-08-03,102.54000091552734,102.83999633789062,102.37000274658203,102.58999633789062,0,DXY
2023-08-04,102.0199966430664,102.62000274658203,101.73999786376953,102.44999694824219,0,DXY
2023-08-07,102.05000305175781,102.37999725341797,101.97000122070312,102.01000213623047,0,DXY
2023-08-08,102.52999877929688,102.80000305175781,102.06999969482422,102.06999969482422,0,DXY
2023-08-09,102.48999786376953,102.58000183105469,102.29000091552734,102.55000305175781,0,DXY
2023-08-10,102.5199966430664,102.6500015258789,101.77999877929688,102.4800033569336,0,DXY
2023-08-11,102.83999633789062,102.91000366210938,102.41999816894531,102.62000274658203,0,DXY
2023-08-14,103.19000244140625,103.45999908447266,102.7699966430664,102.8499984741211,0,DXY
2023-08-15,103.20999908447266,103.2699966430664,102.81999969482422,103.1500015258789,0,DXY
2023-08-16,103.41999816894531,103.52999877929688,102.94000244140625,103.20999908447266,0,DXY
2023-08-17,103.44000244140625,103.5999984741211,103.05999755859375,103.4800033569336,0,DXY
2023-08-18,103.37999725341797,103.68000030517578,103.2300033569336,103.4000015258789,0,DXY
2023-08-21,103.33000183105469,103.5,103.13999938964844,103.43000030517578,0,DXY
2023-08-22,103.55999755859375,103.72000122070312,103.01000213623047,103.33000183105469,0,DXY
2023-08-23,103.36000061035156,103.9800033569336,103.30000305175781,103.58000183105469,0,DXY
2023-08-24,103.9800033569336,104.02999877929688,103.2699966430664,103.36000061035156,0,DXY
2023-08-25,104.08000183105469,104.44999694824219,103.73999786376953,104.0999984741211,0,DXY
2023-08-28,104.05999755859375,104.20999908447266,103.9800033569336,104.19000244140625,0,DXY
2023-08-29,103.55000305175781,104.36000061035156,103.37000274658203,103.91999816894531,0,DXY
2023-08-30,103.16000366210938,103.69999694824219,102.94000244140625,103.44000244140625,0,DXY
2023-08-31,103.62000274658203,103.73999786376953,103.01000213623047,103.0999984741211,0,DXY
2023-09-01,104.23999786376953,104.29000091552734,103.2699966430664,103.62000274658203,0,DXY
2023-09-05,104.80999755859375,104.91000366210938,104.11000061035156,104.12999725341797,0,DXY
2023-09-06,104.86000061035156,105.0199966430664,104.58999633789062,104.75,0,DXY
2023-09-07,105.05999755859375,105.16000366210938,104.80000305175781,104.86000061035156,0,DXY
2023-09-08,105.08999633789062,105.0999984741211,104.66000366210938,105.05999755859375,0,DXY
2023-09-11,104.56999969482422,104.94000244140625,104.41999816894531,104.94000244140625,0,DXY
2023-09-12,104.70999908447266,104.91999816894531,104.45999908447266,104.55999755859375,0,DXY
2023-09-13,104.7699966430664,104.97000122070312,104.51000213623047,104.58000183105469,0,DXY
2023-09-14,105.41000366210938,105.44000244140625,104.55999755859375,104.73999786376953,0,DXY
2023-09-15,105.31999969482422,105.41000366210938,105.08000183105469,105.37999725341797,0,DXY
2023-09-18,105.19999694824219,105.36000061035156,105.0199966430664,105.30000305175781,0,DXY
2023-09-19,105.19999694824219,105.20999908447266,104.81999969482422,105.08000183105469,0,DXY
2023-09-20,105.16000366210938,105.44000244140625,104.66999816894531,105.11000061035156,0,DXY
2023-09-21,105.36000061035156,105.73999786376953,105.27999877929688,105.44000244140625,0,DXY
2023-09-22,105.58000183105469,105.77999877929688,105.31999969482422,105.37999725341797,0,DXY
2023-09-25,106.0,106.0999984741211,105.5199966430664,105.56999969482422,0,DXY
2023-09-26,106.2300033569336,106.26000213623047,105.86000061035156,105.94000244140625,0,DXY
2023-09-27,106.66999816894531,106.83999633789062,106.16999816894531,106.22000122070312,0,DXY
2023-09-28,106.22000122070312,106.76000213623047,106.0199966430664,106.68000030517578,0,DXY
2023-09-29,106.16999816894531,106.23999786376953,105.66000366210938,106.1500015258789,0,DXY
2023-10-02,106.9000015258789,107.02999877929688,106.04000091552734,106.16999816894531,0,DXY
2023-10-03,107.0,107.3499984741211,106.91000366210938,107.02999877929688,0,DXY
2023-10-04,106.80000305175781,107.23999786376953,106.51000213623047,107.05999755859375,0,DXY
2023-10-05,106.33000183105469,106.86000061035156,106.31999969482422,106.7699966430664,0,DXY
2023-10-06,106.04000091552734,106.97000122070312,105.94999694824219,106.36000061035156,0,DXY
2023-10-09,106.08000183105469,106.5999984741211,106.0199966430664,106.0999984741211,0,DXY
2023-10-10,105.83000183105469,106.25,105.66000366210938,106.02999877929688,0,DXY
2023-10-11,105.81999969482422,106.01000213623047,105.55999755859375,105.7300033569336,0,DXY
2023-10-12,106.56999969482422,106.5999984741211,105.54000091552734,105.66999816894531,0,DXY
2023-10-13,106.6500015258789,106.79000091552734,106.29000091552734,106.5199966430664,0,DXY
2023-10-16,106.23999786376953,106.62999725341797,106.18000030517578,106.58000183105469,0,DXY
2023-10-17,106.25,106.52999877929688,106.0199966430664,106.26000213623047,0,DXY
2023-10-18,106.56999969482422,106.63999938964844,106.01000213623047,106.22000122070312,0,DXY
2023-10-19,106.25,106.66999816894531,105.9800033569336,106.54000091552734,0,DXY
2023-10-20,106.16000366210938,106.41999816894531,106.06999969482422,106.26000213623047,0,DXY
2023-10-23,105.54000091552734,106.33000183105469,105.5199966430664,106.16000366210938,0,DXY
2023-10-24,106.2699966430664,106.31999969482422,105.36000061035156,105.61000061035156,0,DXY
2023-10-25,106.52999877929688,106.56999969482422,106.13999938964844,106.25,0,DXY
2023-10-26,106.5999984741211,106.88999938964844,106.52999877929688,106.58000183105469,0,DXY
2023-10-27,106.55999755859375,106.80000305175781,106.31999969482422,106.58999633789062,0,DXY
2023-10-30,106.12000274658203,106.69999694824219,106.05999755859375,106.58000183105469,0,DXY
2023-10-31,106.66000366210938,106.86000061035156,105.91000366210938,106.16000366210938,0,DXY
2023-11-01,106.87999725341797,107.11000061035156,106.61000061035156,106.66999816894531,0,DXY
2023-11-02,106.12000274658203,106.51000213623047,105.80999755859375,106.5,0,DXY
2023-11-03,105.0199966430664,106.22000122070312,104.94000244140625,106.19999694824219,0,DXY
2023-11-06,105.22000122070312,105.29000091552734,104.8499984741211,105.06999969482422,0,DXY
2023-11-07,105.54000091552734,105.77999877929688,105.2699966430664,105.2699966430664,0,DXY
2023-11-08,105.58999633789062,105.87000274658203,105.44999694824219,105.54000091552734,0,DXY
2023-11-09,105.91000366210938,105.97000122070312,105.37999725341797,105.52999877929688,0,DXY
2023-11-10,105.86000061035156,106.01000213623047,105.73999786376953,105.93000030517578,0,DXY
2023-11-13,105.66000366210938,105.95999908447266,105.58999633789062,105.80000305175781,0,DXY
2023-11-14,104.11000061035156,105.7300033569336,103.98999786376953,105.6500015258789,0,DXY
2023-11-15,104.38999938964844,104.51000213623047,103.9800033569336,104.37999725341797,0,DXY
2023-11-16,104.37000274658203,104.55999755859375,104.01000213623047,104.36000061035156,0,DXY
2023-11-17,103.81999969482422,104.55000305175781,103.80999755859375,104.4000015258789,0,DXY
2023-11-20,103.47000122070312,103.97000122070312,103.37999725341797,103.81999969482422,0,DXY
2023-11-21,103.58999633789062,103.70999908447266,103.18000030517578,103.47000122070312,0,DXY
2023-11-22,103.91999816894531,104.20999908447266,103.4800033569336,103.55000305175781,0,DXY
2023-11-24,103.4000015258789,103.83999633789062,103.36000061035156,103.75,0,DXY
2023-11-27,103.19999694824219,103.52999877929688,103.19000244140625,103.41999816894531,0,DXY
2023-11-28,102.75,103.31999969482422,102.61000061035156,103.12999725341797,0,DXY
2023-11-29,102.7699966430664,103.01000213623047,102.47000122070312,102.6500015258789,0,DXY
2023-11-30,103.5,103.58999633789062,102.72000122070312,102.83000183105469,0,DXY
2023-12-01,103.2699966430664,103.72000122070312,103.12000274658203,103.36000061035156,0,DXY
2023-12-04,103.63999938964844,103.8499984741211,103.05999755859375,103.19000244140625,0,DXY
2023-12-05,104.05000305175781,104.08999633789062,103.55000305175781,103.55999755859375,0,DXY
2023-12-06,104.1500015258789,104.2300033569336,103.87000274658203,103.98999786376953,0,DXY
2023-12-07,103.54000091552734,104.19999694824219,103.2699966430664,104.11000061035156,0,DXY
2023-12-08,104.01000213623047,104.26000213623047,103.44000244140625,103.63999938964844,0,DXY
2023-12-11,104.0999984741211,104.26000213623047,103.93000030517578,103.9800033569336,0,DXY
2023-12-12,103.87000274658203,104.0999984741211,103.48999786376953,104.02999877929688,0,DXY
2023-12-13,102.87000274658203,104.02999877929688,102.77999877929688,103.81999969482422,0,DXY
2023-12-14,101.95999908447266,102.80000305175781,101.7699966430664,102.77999877929688,0,DXY
2023-12-15,102.55000305175781,102.63999938964844,101.83999633789062,102.0999984741211,0,DXY
2023-12-18,102.51000213623047,102.62999725341797,102.37999725341797,102.58999633789062,0,DXY
2023-12-19,102.16999816894531,102.62999725341797,102.06999969482422,102.47000122070312,0,DXY
2023-12-20,102.41000366210938,102.54000091552734,102.16000366210938,102.19000244140625,0,DXY
2023-12-21,101.83999633789062,102.44999694824219,101.73999786376953,102.38999938964844,0,DXY
2023-12-22,101.69999694824219,101.9000015258789,101.43000030517578,101.76000213623047,0,DXY
2023-12-26,101.47000122070312,101.7699966430664,101.44999694824219,101.6500015258789,0,DXY
2023-12-27,100.98999786376953,101.56999969482422,100.83000183105469,101.55000305175781,0,DXY
2023-12-28,101.2300033569336,101.30000305175781,100.62000274658203,100.87000274658203,0,DXY
2023-12-29,101.33000183105469,101.41999816894531,101.06999969482422,101.19999694824219,0,DXY
2024-01-02,102.19999694824219,102.25,101.33999633789062,101.41999816894531,0,DXY
2024-01-03,102.45999908447266,102.7300033569336,102.08000183105469,102.1500015258789,0,DXY
2024-01-04,102.41999816894531,102.52999877929688,102.1500015258789,102.45999908447266,0,DXY
2024-01-05,102.41000366210938,103.0999984741211,101.91000366210938,102.4000015258789,0,DXY
2024-01-08,102.20999908447266,102.62000274658203,102.08000183105469,102.44000244140625,0,DXY
2024-01-09,102.56999969482422,102.66000366210938,102.11000061035156,102.22000122070312,0,DXY
2024-01-10,102.36000061035156,102.63999938964844,102.33999633789062,102.4800033569336,0,DXY
2024-01-11,102.29000091552734,102.76000213623047,102.16000366210938,102.30000305175781,0,DXY
2024-01-12,102.4000015258789,102.58999633789062,102.08999633789062,102.30000305175781,0,DXY
2024-01-16,103.36000061035156,103.43000030517578,102.73999786376953,102.73999786376953,0,DXY
2024-01-17,103.44999694824219,103.69000244140625,103.26000213623047,103.36000061035156,0,DXY
2024-01-18,103.54000091552734,103.62999725341797,103.1500015258789,103.37000274658203,0,DXY
2024-01-19,103.29000091552734,103.55000305175781,103.23999786376953,103.37000274658203,0,DXY
2024-01-22,103.33000183105469,103.37000274658203,103.11000061035156,103.23999786376953,0,DXY
2024-01-23,103.62000274658203,103.81999969482422,102.9800033569336,103.3499984741211,0,DXY
2024-01-24,103.23999786376953,103.55000305175781,102.7699966430664,103.51000213623047,0,DXY
2024-01-25,103.56999969482422,103.68000030517578,103.12000274658203,103.3499984741211,0,DXY
2024-01-26,103.47000122070312,103.7300033569336,103.1500015258789,103.5199966430664,0,DXY
2024-01-29,103.61000061035156,103.81999969482422,103.4000015258789,103.47000122070312,0,DXY
2024-01-30,103.4000015258789,103.61000061035156,103.30999755859375,103.44000244140625,0,DXY
2024-01-31,103.2699966430664,103.73999786376953,102.94000244140625,103.41999816894531,0,DXY
2024-02-01,103.05000305175781,103.80999755859375,103.0199966430664,103.51000213623047,0,DXY
2024-02-02,103.91999816894531,104.04000091552734,102.9000015258789,102.98999786376953,0,DXY
2024-02-05,104.44999694824219,104.5999984741211,103.98999786376953,103.98999786376953,0,DXY
2024-02-06,104.18000030517578,104.58999633789062,104.13999938964844,104.44000244140625,0,DXY
2024-02-07,104.04000091552734,104.16999816894531,103.94000244140625,104.1500015258789,0,DXY
2024-02-08,104.1500015258789,104.43000030517578,103.95999908447266,104.02999877929688,0,DXY
2024-02-09,104.08000183105469,104.26000213623047,103.94999694824219,104.13999938964844,0,DXY
2024-02-12,104.16999816894531,104.27999877929688,103.9000015258789,104.08000183105469,0,DXY
2024-02-13,104.95999908447266,104.95999908447266,103.97000122070312,104.18000030517578,0,DXY
2024-02-14,104.72000122070312,104.9800033569336,104.66000366210938,104.83999633789062,0,DXY
2024-02-15,104.30000305175781,104.70999908447266,104.18000030517578,104.66000366210938,0,DXY
2024-02-16,104.27999877929688,104.66999816894531,104.16999816894531,104.30000305175781,0,DXY
2024-02-20,104.08000183105469,104.41000366210938,103.80000305175781,104.31999969482422,0,DXY
2024-02-21,104.01000213623047,104.20999908447266,103.94000244140625,104.04000091552734,0,DXY
2024-02-22,103.95999908447266,104.12999725341797,103.43000030517578,103.91000366210938,0,DXY
2024-02-23,103.94000244140625,104.05000305175781,103.7699966430664,103.94999694824219,0,DXY
2024-02-26,103.83000183105469,104.0199966430664,103.70999908447266,103.95999908447266,0,DXY
2024-02-27,103.83000183105469,103.91999816894531,103.61000061035156,103.77999877929688,0,DXY
2024-02-28,103.9800033569336,104.23999786376953,103.80999755859375,103.83999633789062,0,DXY
2024-02-29,104.16000366210938,104.19999694824219,103.66000366210938,103.91999816894531,0,DXY
2024-03-01,103.86000061035156,104.29000091552734,103.83999633789062,104.12999725341797,0,DXY
2024-03-04,103.83000183105469,103.95999908447266,103.7300033569336,103.88999938964844,0,DXY
2024-03-05,103.80000305175781,103.94999694824219,103.58000183105469,103.8499984741211,0,DXY
2024-03-06,103.37000274658203,103.88999938964844,103.19999694824219,103.80999755859375,0,DXY
2024-03-07,102.81999969482422,103.3499984741211,102.80000305175781,103.30999755859375,0,DXY
2024-03-08,102.73999786376953,102.9000015258789,102.36000061035156,102.7300033569336,0,DXY
2024-03-11,102.87000274658203,102.93000030517578,102.63999938964844,102.73999786376953,0,DXY
2024-03-12,102.95999908447266,103.18000030517578,102.72000122070312,102.81999969482422,0,DXY
2024-03-13,102.79000091552734,103.0199966430664,102.66999816894531,102.93000030517578,0,DXY
2024-03-14,103.36000061035156,103.4000015258789,102.73999786376953,102.76000213623047,0,DXY
2024-03-15,103.43000030517578,103.48999786376953,103.30000305175781,103.38999938964844,0,DXY
2024-03-18,103.58000183105469,103.6500015258789,103.33999633789062,103.44999694824219,0,DXY
2024-03-19,103.80999755859375,104.05999755859375,103.58000183105469,103.58999633789062,0,DXY
2024-03-20,103.41000366210938,104.1500015258789,103.37999725341797,103.83999633789062,0,DXY
2024-03-21,104.0,104.05000305175781,103.16999816894531,103.23999786376953,0,DXY
2024-03-22,104.43000030517578,104.5,103.91999816894531,103.98999786376953,0,DXY
2024-03-25,104.2300033569336,104.4800033569336,104.13999938964844,104.43000030517578,0,DXY
2024-03-26,104.29000091552734,104.33999633789062,104.01000213623047,104.22000122070312,0,DXY
2024-03-27,104.3499984741211,104.45999908447266,104.22000122070312,104.30000305175781,0,DXY
2024-03-28,104.55000305175781,104.7300033569336,104.30999755859375,104.44000244140625,0,DXY
2024-04-01,105.0199966430664,105.08000183105469,104.41999816894531,104.48999786376953,0,DXY
2024-04-02,104.81999969482422,105.0999984741211,104.68000030517578,105.0,0,DXY
2024-04-03,104.25,104.83999633789062,104.2300033569336,104.7699966430664,0,DXY
2024-04-04,104.12000274658203,104.26000213623047,103.91999816894531,104.2300033569336,0,DXY
2024-04-05,104.30000305175781,104.69000244140625,104.13999938964844,104.20999908447266,0,DXY
2024-04-08,104.13999938964844,104.44000244140625,104.0999984741211,104.29000091552734,0,DXY
2024-04-09,104.1500015258789,104.19999694824219,103.87999725341797,104.12000274658203,0,DXY
2024-04-10,105.25,105.30000305175781,104.0199966430664,104.0999984741211,0,DXY
2024-04-11,105.27999877929688,105.52999877929688,105.02999877929688,105.18000030517578,0,DXY
2024-04-12,106.04000091552734,106.11000061035156,105.23999786376953,105.27999877929688,0,DXY
2024-04-15,106.20999908447266,106.25,105.83999633789062,106.01000213623047,0,DXY
2024-04-16,106.26000213623047,106.5199966430664,106.06999969482422,106.16999816894531,0,DXY
2024-04-17,105.94999694824219,106.44000244140625,105.87000274658203,106.33000183105469,0,DXY
2024-04-18,106.1500015258789,106.18000030517578,105.73999786376953,105.93000030517578,0,DXY
2024-04-19,106.1500015258789,106.3499984741211,105.8499984741211,106.19000244140625,0,DXY
2024-04-22,106.08000183105469,106.4000015258789,105.9800033569336,106.12000274658203,0,DXY
2024-04-23,105.69000244140625,106.23999786376953,105.61000061035156,106.12000274658203,0,DXY
2024-04-24,105.86000061035156,105.94999694824219,105.58999633789062,105.69000244140625,0,DXY
2024-04-25,105.5999984741211,106.0,105.51000213623047,105.81999969482422,0,DXY
2024-04-26,105.94000244140625,106.19000244140625,105.41000366210938,105.58000183105469,0,DXY
2024-04-29,105.58000183105469,106.08000183105469,105.45999908447266,106.08000183105469,0,DXY
2024-04-30,106.22000122070312,106.3499984741211,105.66999816894531,105.66999816894531,0,DXY
2024-05-01,105.76000213623047,106.48999786376953,105.44000244140625,106.31999969482422,0,DXY
2024-05-02,105.30000305175781,105.9000015258789,105.30000305175781,105.7300033569336,0,DXY
2024-05-03,105.02999877929688,105.37000274658203,104.5199966430664,105.30999755859375,0,DXY
2024-05-06,105.05000305175781,105.19999694824219,104.87000274658203,105.08000183105469,0,DXY
2024-05-07,105.41000366210938,105.44999694824219,105.02999877929688,105.13999938964844,0,DXY
2024-05-08,105.55000305175781,105.63999938964844,105.38999938964844,105.41999816894531,0,DXY
2024-05-09,105.2300033569336,105.73999786376953,105.20999908447266,105.5199966430664,0,DXY
2024-05-10,105.30999755859375,105.4000015258789,105.13999938964844,105.20999908447266,0,DXY
2024-05-13,105.22000122070312,105.37000274658203,105.05999755859375,105.30999755859375,0,DXY
2024-05-14,105.01000213623047,105.45999908447266,104.95999908447266,105.19999694824219,0,DXY
2024-05-15,104.3499984741211,105.05999755859375,104.29000091552734,105.05000305175781,0,DXY
2024-05-16,104.45999908447266,104.62999725341797,104.08000183105469,104.20999908447266,0,DXY
2024-05-17,104.44999694824219,104.80000305175781,104.38999938964844,104.5,0,DXY
2024-05-20,104.56999969482422,104.6500015258789,104.38999938964844,104.5,0,DXY
2024-05-21,104.66000366210938,104.7699966430664,104.4800033569336,104.5999984741211,0,DXY
2024-05-22,104.94000244140625,104.97000122070312,104.55999755859375,104.62000274658203,0,DXY
2024-05-23,105.11000061035156,105.11000061035156,104.62999725341797,104.9000015258789,0,DXY
2024-05-24,104.72000122070312,105.12000274658203,104.63999938964844,105.04000091552734,0,DXY
2024-05-28,104.61000061035156,104.63999938964844,104.33999633789062,104.58000183105469,0,DXY
2024-05-29,105.0999984741211,105.13999938964844,104.58999633789062,104.63999938964844,0,DXY
2024-05-30,104.72000122070312,105.18000030517578,104.62999725341797,105.12999725341797,0,DXY
2024-05-31,104.66999816894531,104.9000015258789,104.36000061035156,104.76000213623047,0,DXY
2024-06-03,104.13999938964844,104.7699966430664,104.05999755859375,104.62999725341797,0,DXY
2024-06-04,104.11000061035156,104.33000183105469,103.98999786376953,104.05000305175781,0,DXY
2024-06-05,104.2699966430664,104.45999908447266,104.12999725341797,104.16999816894531,0,DXY
2024-06-06,104.0999984741211,104.37000274658203,104.05000305175781,104.25,0,DXY
2024-06-07,104.88999938964844,104.94999694824219,104.0,104.08999633789062,0,DXY
2024-06-10,105.1500015258789,105.38999938964844,105.04000091552734,105.04000091552734,0,DXY
2024-06-11,105.2300033569336,105.45999908447266,105.0999984741211,105.1500015258789,0,DXY
2024-06-12,104.6500015258789,105.31999969482422,104.26000213623047,105.27999877929688,0,DXY
2024-06-13,105.19999694824219,105.27999877929688,104.63999938964844,104.69000244140625,0,DXY
2024-06-14,105.55000305175781,105.80999755859375,105.18000030517578,105.2300033569336,0,DXY
2024-06-17,105.31999969482422,105.6500015258789,105.30999755859375,105.51000213623047,0,DXY
2024-06-18,105.26000213623047,105.55999755859375,105.12999725341797,105.30000305175781,0,DXY
2024-06-20,105.58999633789062,105.66999816894531,105.19999694824219,105.19999694824219,0,DXY
2024-06-21,105.80000305175781,105.91999816894531,105.54000091552734,105.63999938964844,0,DXY
2024-06-24,105.47000122070312,105.9000015258789,105.37000274658203,105.83000183105469,0,DXY
2024-06-25,105.61000061035156,105.77999877929688,105.37000274658203,105.51000213623047,0,DXY
2024-06-26,106.05000305175781,106.12999725341797,105.61000061035156,105.66000366210938,0,DXY
2024-06-27,105.91000366210938,106.08000183105469,105.70999908447266,106.06999969482422,0,DXY
2024-06-28,105.87000274658203,106.12999725341797,105.75,105.91999816894531,0,DXY
2024-07-01,105.9000015258789,105.9800033569336,105.43000030517578,105.8499984741211,0,DXY
2024-07-02,105.72000122070312,106.05000305175781,105.68000030517578,105.8499984741211,0,DXY
2024-07-03,105.4000015258789,105.80000305175781,105.05000305175781,105.66999816894531,0,DXY
2024-07-05,104.87999725341797,105.16999816894531,104.83000183105469,105.16999816894531,0,DXY
2024-07-08,105.01000213623047,105.02999877929688,104.80000305175781,104.87999725341797,0,DXY
2024-07-09,105.12000274658203,105.20999908447266,104.95999908447266,104.98999786376953,0,DXY
2024-07-10,105.05000305175781,105.16999816894531,104.9800033569336,105.12000274658203,0,DXY
2024-07-11,104.44000244140625,105.0,104.08000183105469,104.98999786376953,0,DXY
2024-07-12,104.08999633789062,104.55000305175781,104.04000091552734,104.5199966430664,0,DXY
2024-07-15,104.19000244140625,104.31999969482422,104.02999877929688,104.08000183105469,0,DXY
2024-07-16,104.2699966430664,104.51000213623047,104.19999694824219,104.25,0,DXY
2024-07-17,103.75,104.29000091552734,103.6500015258789,104.22000122070312,0,DXY
2024-07-18,104.16999816894531,104.2300033569336,103.6500015258789,103.69999694824219,0,DXY
2024-07-19,104.4000015258789,104.41999816894531,104.12999725341797,104.16000366210938,0,DXY
2024-07-22,104.30999755859375,104.41999816894531,104.18000030517578,104.37000274658203,0,DXY
2024-07-23,104.44999694824219,104.54000091552734,104.19999694824219,104.30999755859375,0,DXY
2024-07-24,104.38999938964844,104.55999755859375,104.12000274658203,104.4800033569336,0,DXY
2024-07-25,104.36000061035156,104.45999908447266,104.08000183105469,104.37999725341797,0,DXY
2024-07-26,104.31999969482422,104.44999694824219,104.20999908447266,104.36000061035156,0,DXY
2024-07-29,104.55999755859375,104.75,104.13999938964844,104.33000183105469,0,DXY
2024-07-30,104.55000305175781,104.80000305175781,104.45999908447266,104.55999755859375,0,DXY
2024-07-31,104.0999984741211,104.52999877929688,103.93000030517578,104.43000030517578,0,DXY
2024-08-01,104.41999816894531,104.44999694824219,103.86000061035156,104.06999969482422,0,DXY
2024-08-02,103.20999908447266,104.43000030517578,103.12999725341797,104.30999755859375,0,DXY
2024-08-05,102.69000244140625,103.27999877929688,102.16000366210938,103.22000122070312,0,DXY
2024-08-06,102.97000122070312,103.2300033569336,102.69999694824219,102.77999877929688,0,DXY
2024-08-07,103.19999694824219,103.37000274658203,102.91999816894531,102.94999694824219,0,DXY
2024-08-08,103.20999908447266,103.55000305175781,102.91999816894531,103.08999633789062,0,DXY
2024-08-09,103.13999938964844,103.30000305175781,103.02999877929688,103.2699966430664,0,DXY
2024-08-12,103.13999938964844,103.30999755859375,103.08999633789062,103.1500015258789,0,DXY
2024-08-13,102.55999755859375,103.2699966430664,102.55000305175781,103.08999633789062,0,DXY
2024-08-14,102.56999969482422,102.72000122070312,102.2699966430664,102.61000061035156,0,DXY
2024-08-15,102.9800033569336,103.2300033569336,102.54000091552734,102.62999725341797,0,DXY
2024-08-16,102.45999908447266,103.05000305175781,102.38999938964844,103.04000091552734,0,DXY
2024-08-19,101.88999938964844,102.4800033569336,101.8499984741211,102.4000015258789,0,DXY
2024-08-20,101.44000244140625,102.01000213623047,101.36000061035156,101.87999725341797,0,DXY
2024-08-21,101.04000091552734,101.62999725341797,100.91999816894531,101.3499984741211,0,DXY
2024-08-22,101.51000213623047,101.62999725341797,101.08999633789062,101.12999725341797,0,DXY
2024-08-23,100.72000122070312,101.55000305175781,100.5999984741211,101.45999908447266,0,DXY
2024-08-26,100.8499984741211,100.91999816894531,100.52999877929688,100.68000030517578,0,DXY
2024-08-27,100.55000305175781,100.93000030517578,100.51000213623047,100.81999969482422,0,DXY
2024-08-28,101.08999633789062,101.18000030517578,100.56999969482422,100.56999969482422,0,DXY
2024-08-29,101.33999633789062,101.58000183105469,100.88999938964844,101.0,0,DXY
2024-08-30,101.69999694824219,101.77999877929688,101.25,101.37999725341797,0,DXY
2024-09-03,101.83000183105469,101.91999816894531,101.55999755859375,101.66000366210938,0,DXY
2024-09-04,101.36000061035156,101.77999877929688,101.23999786376953,101.69000244140625,0,DXY
2024-09-05,101.11000061035156,101.37000274658203,100.95999908447266,101.27999877929688,0,DXY
2024-09-06,101.18000030517578,101.4000015258789,100.58000183105469,101.05999755859375,0,DXY
2024-09-09,101.55000305175781,101.69999694824219,101.13999938964844,101.19000244140625,0,DXY
2024-09-10,101.62999725341797,101.7699966430664,101.54000091552734,101.63999938964844,0,DXY
2024-09-11,101.68000030517578,101.81999969482422,101.2699966430664,101.66000366210938,0,DXY
2024-09-12,101.37000274658203,101.83999633789062,101.2300033569336,101.77999877929688,0,DXY
2024-09-13,101.11000061035156,101.19999694824219,100.87999725341797,101.19999694824219,0,DXY
2024-09-16,100.76000213623047,101.0999984741211,100.58999633789062,101.04000091552734,0,DXY
2024-09-17,100.88999938964844,101.02999877929688,100.56999969482422,100.76000213623047,0,DXY
2024-09-18,100.5999984741211,101.1500015258789,100.22000122070312,100.94000244140625,0,DXY
2024-09-19,100.61000061035156,101.47000122070312,100.5199966430664,101.01000213623047,0,DXY
2024-09-20,100.72000122070312,101.0199966430664,100.41000366210938,100.69000244140625,0,DXY
2024-09-23,100.91999816894531,101.2300033569336,100.72000122070312,100.73999786376953,0,DXY
2024-09-24,100.37000274658203,101.05000305175781,100.33999633789062,100.97000122070312,0,DXY
2024-09-25,100.91999816894531,100.98999786376953,100.22000122070312,100.27999877929688,0,DXY
2024-09-26,100.55999755859375,100.97000122070312,100.4800033569336,100.93000030517578,0,DXY
2024-09-27,100.41999816894531,100.87999725341797,100.16000366210938,100.58999633789062,0,DXY
2024-09-30,100.77999877929688,100.91999816894531,100.18000030517578,100.41999816894531,0,DXY
2024-10-01,101.19000244140625,101.38999938964844,100.69999694824219,100.73999786376953,0,DXY
2024-10-02,101.68000030517578,101.69000244140625,101.16000366210938,101.23999786376953,0,DXY
2024-10-03,101.98999786376953,102.0999984741211,101.62999725341797,101.63999938964844,0,DXY
2024-10-04,102.5199966430664,102.69000244140625,101.80999755859375,101.91000366210938,0,DXY
2024-10-07,102.54000091552734,102.62000274658203,102.37000274658203,102.48999786376953,0,DXY
2024-10-08,102.55000305175781,102.63999938964844,102.29000091552734,102.45999908447266,0,DXY
2024-10-09,102.93000030517578,102.94000244140625,102.45999908447266,102.48999786376953,0,DXY
2024-10-10,102.98999786376953,103.18000030517578,102.72000122070312,102.87999725341797,0,DXY
2024-10-11,102.88999938964844,102.98999786376953,102.7699966430664,102.87999725341797,0,DXY
2024-10-14,103.30000305175781,103.36000061035156,102.93000030517578,102.93000030517578,0,DXY
2024-10-15,103.26000213623047,103.3499984741211,103.02999877929688,103.20999908447266,0,DXY
2024-10-16,103.58999633789062,103.61000061035156,103.16999816894531,103.26000213623047,0,DXY
2024-10-17,103.83000183105469,103.87000274658203,103.44000244140625,103.55999755859375,0,DXY
2024-10-18,103.48999786376953,103.80999755859375,103.45999908447266,103.80999755859375,0,DXY
2024-10-21,104.01000213623047,104.0199966430664,103.41999816894531,103.45999908447266,0,DXY
2024-10-22,104.08000183105469,104.12999725341797,103.81999969482422,103.97000122070312,0,DXY
2024-10-23,104.43000030517578,104.56999969482422,104.08999633789062,104.08999633789062,0,DXY
2024-10-24,104.05999755859375,104.45999908447266,104.01000213623047,104.43000030517578,0,DXY
2024-10-25,104.26000213623047,104.33999633789062,103.94000244140625,104.05000305175781,0,DXY
2024-10-28,104.31999969482422,104.56999969482422,104.12000274658203,104.31999969482422,0,DXY
2024-10-29,104.27999877929688,104.63999938964844,104.20999908447266,104.30999755859375,0,DXY
2024-10-30,103.98999786376953,104.44000244140625,103.9800033569336,104.25,0,DXY
2024-10-31,103.9800033569336,104.22000122070312,103.81999969482422,104.08999633789062,0,DXY
2024-11-01,104.27999877929688,104.3499984741211,103.68000030517578,103.86000061035156,0,DXY
2024-11-04,103.88999938964844,103.97000122070312,103.58000183105469,103.97000122070312,0,DXY
2024-11-05,103.41999816894531,103.95999908447266,103.37000274658203,103.91000366210938,0,DXY
2024-11-06,105.08999633789062,105.44000244140625,104.04000091552734,104.04000091552734,0,DXY
2024-11-07,104.51000213623047,105.25,104.19000244140625,105.16000366210938,0,DXY
2024-11-08,105.0,105.20999908447266,104.33999633789062,104.44999694824219,0,DXY
2024-11-11,105.54000091552734,105.70999908447266,104.93000030517578,104.94999694824219,0,DXY
2024-11-12,106.0199966430664,106.18000030517578,105.48999786376953,105.48999786376953,0,DXY
2024-11-13,106.4800033569336,106.54000091552734,105.72000122070312,106.0199966430664,0,DXY
2024-11-14,106.66999816894531,107.05999755859375,106.37999725341797,106.5,0,DXY
2024-11-15,106.69000244140625,106.95999908447266,106.33000183105469,106.9000015258789,0,DXY
2024-11-18,106.27999877929688,106.80999755859375,106.12999725341797,106.66999816894531,0,DXY
2024-11-19,106.20999908447266,106.62999725341797,106.11000061035156,106.26000213623047,0,DXY
2024-11-20,106.68000030517578,106.91999816894531,106.11000061035156,106.12000274658203,0,DXY
2024-11-21,106.97000122070312,107.16000366210938,106.45999908447266,106.58999633789062,0,DXY
2024-11-22,107.48999786376953,108.06999969482422,106.91999816894531,107.05999755859375,0,DXY
2024-11-25,106.81999969482422,107.25,106.58000183105469,107.25,0,DXY
2024-11-26,107.01000213623047,107.5,106.48999786376953,107.48999786376953,0,DXY
2024-11-27,106.08000183105469,106.91999816894531,105.86000061035156,106.81999969482422,0,DXY
2024-11-29,105.73999786376953,106.12999725341797,105.62000274658203,105.94999694824219,0,DXY
2024-12-02,106.44999694824219,106.7300033569336,105.81999969482422,105.81999969482422,0,DXY
2024-12-03,106.37000274658203,106.5999984741211,106.08999633789062,106.4800033569336,0,DXY
2024-12-04,106.33999633789062,106.72000122070312,106.08999633789062,106.43000030517578,0,DXY
2024-12-05,105.70999908447266,106.37000274658203,105.69999694824219,106.33999633789062,0,DXY
2024-12-06,105.97000122070312,106.16000366210938,105.41999816894531,105.79000091552734,0,DXY
2024-12-09,106.1500015258789,106.20999908447266,105.80000305175781,105.97000122070312,0,DXY
2024-12-10,106.4000015258789,106.63999938964844,106.04000091552734,106.18000030517578,0,DXY
2024-12-11,106.70999908447266,106.80999755859375,106.2699966430664,106.37000274658203,0,DXY
2024-12-12,106.95999908447266,107.04000091552734,106.3499984741211,106.56999969482422,0,DXY
2024-12-13,107.0,107.19000244140625,106.72000122070312,106.97000122070312,0,DXY
2024-12-16,106.86000061035156,107.16999816894531,106.75,106.94999694824219,0,DXY
2024-12-17,106.95999908447266,107.08000183105469,106.69999694824219,106.81999969482422,0,DXY
2024-12-18,108.02999877929688,108.2699966430664,106.81999969482422,106.93000030517578,0,DXY
2024-12-19,108.41000366210938,108.48999786376953,107.81999969482422,108.0999984741211,0,DXY
2024-12-20,107.62000274658203,108.54000091552734,107.58999633789062,108.4800033569336,0,DXY
2024-12-23,108.04000091552734,108.27999877929688,107.68000030517578,107.81999969482422,0,DXY
2024-12-24,108.26000213623047,108.30000305175781,107.91999816894531,108.16000366210938,0,DXY
2024-12-26,108.12999725341797,108.30000305175781,108.02999877929688,108.16999816894531,0,DXY
2024-12-27,108.0,108.19999694824219,107.87000274658203,108.08000183105469,0,DXY
2024-12-30,108.12999725341797,108.37999725341797,107.73999786376953,108.01000213623047,0,DXY
2024-12-31,108.48999786376953,108.58000183105469,107.87000274658203,108.08999633789062,0,DXY
2025-01-02,109.38999938964844,109.52999877929688,108.2699966430664,108.52999877929688,0,DXY
2025-01-03,108.94999694824219,109.22000122070312,108.9000015258789,109.19999694824219,0,DXY
2025-01-06,108.26000213623047,109.06999969482422,107.75,108.91999816894531,0,DXY
2025-01-07,108.54000091552734,108.69999694824219,107.8499984741211,108.33999633789062,0,DXY
2025-01-08,109.08999633789062,109.37999725341797,108.55000305175781,108.62000274658203,0,DXY
2025-01-09,109.18000030517578,109.37999725341797,108.94000244140625,109.08999633789062,0,DXY
2025-01-10,109.6500015258789,109.97000122070312,109.08000183105469,109.2300033569336,0,DXY
2025-01-13,109.95999908447266,110.18000030517578,109.41000366210938,109.63999938964844,0,DXY
2025-01-14,109.2699966430664,109.76000213623047,109.18000030517578,109.56999969482422,0,DXY
2025-01-15,109.08999633789062,109.37999725341797,108.5999984741211,109.2300033569336,0,DXY
2025-01-16,108.95999908447266,109.37999725341797,108.83000183105469,109.06999969482422,0,DXY
2025-01-17,109.3499984741211,109.41999816894531,108.83000183105469,108.93000030517578,0,DXY
2025-01-21,108.05999755859375,108.79000091552734,107.91999816894531,107.9800033569336,0,DXY
2025-01-22,108.16999816894531,108.2699966430664,107.75,107.98999786376953,0,DXY
2025-01-23,108.05000305175781,108.51000213623047,107.91999816894531,108.25,0,DXY
2025-01-24,107.44000244140625,108.19000244140625,107.22000122070312,108.08999633789062,0,DXY
2025-01-27,107.33999633789062,107.80999755859375,106.97000122070312,107.47000122070312,0,DXY
2025-01-28,107.87000274658203,108.05000305175781,107.69000244140625,107.70999908447266,0,DXY
2025-01-29,108.0,108.30000305175781,107.75,107.88999938964844,0,DXY
2025-01-30,107.80000305175781,108.23999786376953,107.5,107.86000061035156,0,DXY
2025-01-31,108.37000274658203,108.56999969482422,107.79000091552734,108.16000366210938,0,DXY
2025-02-03,108.98999786376953,109.87999725341797,108.33999633789062,108.5,0,DXY
2025-02-04,107.95999908447266,109.04000091552734,107.91999816894531,108.68000030517578,0,DXY
2025-02-05,107.58000183105469,108.01000213623047,107.30000305175781,108.01000213623047,0,DXY
2025-02-06,107.69000244140625,108.0999984741211,107.54000091552734,107.62000274658203,0,DXY
2025-02-07,108.04000091552734,108.31999969482422,107.5199966430664,107.69999694824219,0,DXY
2025-02-10,108.31999969482422,108.44000244140625,108.08999633789062,108.0999984741211,0,DXY
2025-02-11,107.95999908447266,108.45999908447266,107.77999877929688,108.33999633789062,0,DXY
2025-02-12,107.94000244140625,108.5199966430664,107.62999725341797,108.01000213623047,0,DXY
2025-02-13,107.30999755859375,108.0,107.02999877929688,107.91999816894531,0,DXY
2025-02-14,106.56999969482422,107.18000030517578,106.56999969482422,107.12000274658203,0,DXY
2025-02-18,107.05000305175781,107.12000274658203,106.80999755859375,106.81999969482422,0,DXY
2025-02-19,107.16999816894531,107.37999725341797,106.87999725341797,107.02999877929688,0,DXY
2025-02-20,106.33999633789062,107.1500015258789,106.33999633789062,107.12000274658203,0,DXY
2025-02-21,106.61000061035156,106.75,106.37999725341797,106.45999908447266,0,DXY
2025-02-24,106.5999984741211,106.75,106.12999725341797,106.63999938964844,0,DXY
2025-02-25,106.30999755859375,106.79000091552734,106.19000244140625,106.7699966430664,0,DXY
2025-02-26,106.41999816894531,106.6500015258789,106.16000366210938,106.16999816894531,0,DXY
2025-02-27,107.23999786376953,107.30999755859375,106.5199966430664,106.52999877929688,0,DXY
2025-02-28,107.61000061035156,107.66000366210938,107.18000030517578,107.25,0,DXY
2025-03-03,106.75,107.55999755859375,106.47000122070312,107.55999755859375,0,DXY
2025-03-04,105.73999786376953,106.6500015258789,105.52999877929688,106.55999755859375,0,DXY
2025-03-05,105.73999786376953,105.7699966430664,104.26000213623047,105.62000274658203,0,DXY
2025-03-06,104.05999755859375,104.38999938964844,103.76000213623047,104.31999969482422,0,DXY
2025-03-07,103.83999633789062,104.23999786376953,103.45999908447266,104.11000061035156,0,DXY
2025-03-10,103.91000366210938,104.05999755859375,103.55999755859375,103.91000366210938,0,DXY
2025-03-11,103.44000244140625,103.91999816894531,103.22000122070312,103.83999633789062,0,DXY
2025-03-12,103.61000061035156,103.77999877929688,103.3499984741211,103.41999816894531,0,DXY
2025-03-13,103.83000183105469,104.08000183105469,103.51000213623047,103.61000061035156,0,DXY
2025-03-14,103.72000122070312,104.08999633789062,103.56999969482422,103.83999633789062,0,DXY
2025-03-17,103.37000274658203,103.80999755859375,103.30000305175781,103.73999786376953,0,DXY
2025-03-18,103.23999786376953,103.68000030517578,103.19999694824219,103.44000244140625,0,DXY
2025-03-19,103.43000030517578,103.91000366210938,103.25,103.2699966430664,0,DXY
2025-03-20,103.8499984741211,104.12999725341797,103.31999969482422,103.43000030517578,0,DXY
2025-03-21,104.08999633789062,104.22000122070312,103.76000213623047,103.77999877929688,0,DXY
2025-03-24,104.26000213623047,104.44000244140625,103.83999633789062,104.1500015258789,0,DXY
2025-03-25,104.18000030517578,104.47000122070312,103.94000244140625,104.33000183105469,0,DXY
2025-03-26,104.55000305175781,104.68000030517578,104.18000030517578,104.25,0,DXY
2025-03-27,104.06999969482422,104.6500015258789,104.06999969482422,104.6500015258789,0,DXY
2025-03-28,104.04000091552734,104.5,103.9000015258789,104.27999877929688,0,DXY
2025-03-31,104.20999908447266,104.38999938964844,103.75,104.01000213623047,0,DXY
2025-04-01,104.26000213623047,104.37000274658203,104.0199966430664,104.18000030517578,0,DXY
2025-04-02,103.80999755859375,104.30999755859375,103.37000274658203,104.19999694824219,0,DXY
2025-04-03,102.06999969482422,103.37999725341797,101.2699966430664,103.1500015258789,0,DXY
2025-04-04,103.0199966430664,103.18000030517578,101.54000091552734,101.98999786376953,0,DXY
2025-04-07,103.26000213623047,103.54000091552734,102.18000030517578,103.06999969482422,0,DXY
2025-04-08,102.95999908447266,103.44000244140625,102.75,103.43000030517578,0,DXY
2025-04-09,102.9000015258789,103.33000183105469,101.83999633789062,102.75,0,DXY
2025-04-10,100.87000274658203,103.02999877929688,100.69999694824219,102.98999786376953,0,DXY
2025-04-11,99.77999877929688,100.77999877929688,99.01000213623047,100.77999877929688,0,DXY
2025-04-14,99.63999938964844,100.16000366210938,99.20999908447266,100.0199966430664,0,DXY
2025-04-15,100.22000122070312,100.27999877929688,99.4800033569336,99.80999755859375,0,DXY
2025-04-16,99.37999725341797,100.0999984741211,99.16999816894531,100.05999755859375,0,DXY
2025-04-17,99.37999725341797,99.75,99.22000122070312,99.2300033569336,0,DXY
2025-04-21,98.27999877929688,99.20999908447266,97.91999816894531,99.08000183105469,0,DXY
2025-04-22,98.91999816894531,99.3499984741211,98.01000213623047,98.30000305175781,0,DXY
2025-04-23,99.83999633789062,99.94000244140625,98.86000061035156,99.4800033569336,0,DXY
2025-04-24,99.29000091552734,99.83999633789062,99.22000122070312,99.75,0,DXY
2025-04-25,99.47000122070312,99.88999938964844,99.4000015258789,99.41000366210938,0,DXY
2025-04-28,99.01000213623047,99.83999633789062,98.9000015258789,99.61000061035156,0,DXY
2025-04-29,99.23999786376953,99.37000274658203,98.94999694824219,99.04000091552734,0,DXY
2025-04-30,99.47000122070312,99.70999908447266,99.13999938964844,99.16999816894531,0,DXY
2025-05-01,100.25,100.37999725341797,99.61000061035156,99.6500015258789,0,DXY
2025-05-02,100.0,100.33000183105469,99.4000015258789,100.18000030517578,0,DXY
2025-05-05,99.83000183105469,100.05000305175781,99.45999908447266,100.0,0,DXY
2025-05-06,99.23999786376953,100.0999984741211,99.16999816894531,99.83000183105469,0,DXY
2025-05-07,99.61000061035156,99.97000122070312,99.29000091552734,99.5,0,DXY
2025-05-08,100.63999938964844,100.76000213623047,99.61000061035156,99.8499984741211,0,DXY
2025-05-09,100.33999633789062,100.86000061035156,100.08999633789062,100.63999938964844,0,DXY
2025-05-12,101.79000091552734,101.9800033569336,100.51000213623047,100.69000244140625,0,DXY
2025-05-13,101.0,101.76000213623047,100.91000366210938,101.7300033569336,0,DXY
2025-05-14,101.04000091552734,101.13999938964844,100.2699966430664,100.94999694824219,0,DXY
2025-05-15,100.87999725341797,101.05999755859375,100.58999633789062,100.97000122070312,0,DXY
2025-05-16,101.08999633789062,101.26000213623047,100.5199966430664,100.7699966430664,0,DXY
2025-05-19,100.43000030517578,100.91000366210938,100.05999755859375,100.91000366210938,0,DXY
2025-05-20,100.12000274658203,100.58000183105469,100.01000213623047,100.43000030517578,0,DXY
2025-05-21,99.55999755859375,99.98999786376953,99.33999633789062,99.98999786376953,0,DXY
2025-05-22,99.95999908447266,100.12000274658203,99.44000244140625,99.63999938964844,0,DXY
2025-05-23,99.11000061035156,99.94000244140625,99.05000305175781,99.87999725341797,0,DXY
2025-05-26,98.93000030517578,99.16000366210938,98.69000244140625,99.08999633789062,0,DXY
2025-05-27,99.5199966430664,99.62000274658203,98.77999877929688,98.95999908447266,0,DXY
2025-05-28,99.87999725341797,99.95999908447266,99.44000244140625,99.52999877929688,0,DXY
2025-05-29,99.27999877929688,100.54000091552734,99.22000122070312,100.54000091552734,0,DXY
2025-05-30,99.33000183105469,99.66999816894531,99.12999725341797,99.25,0,DXY
2025-06-02,98.69999694824219,99.41999816894531,98.61000061035156,99.41000366210938,0,DXY
2025-06-03,99.25,99.33000183105469,98.58000183105469,98.58999633789062,0,DXY
2025-06-04,98.79000091552734,99.38999938964844,98.66999816894531,99.18000030517578,0,DXY
2025-06-05,98.73999786376953,98.94000244140625,98.3499984741211,98.80000305175781,0,DXY
2025-06-06,99.19000244140625,99.36000061035156,98.66000366210938,98.69999694824219,0,DXY
2025-06-09,98.94000244140625,99.2300033569336,98.81999969482422,99.19999694824219,0,DXY
2025-06-10,99.05000305175781,99.38999938964844,98.86000061035156,98.9800033569336,0,DXY
2025-06-11,98.62999725341797,99.22000122070312,98.52999877929688,98.95999908447266,0,DXY
2025-06-12,97.91999816894531,98.5199966430664,97.5999984741211,98.45999908447266,0,DXY
2025-06-13,98.18000030517578,98.58999633789062,97.62000274658203,97.80999755859375,0,DXY
2025-06-16,98.0,98.37000274658203,97.69000244140625,98.26000213623047,0,DXY
2025-06-17,98.81999969482422,98.87000274658203,98.0199966430664,98.19000244140625,0,DXY
2025-06-18,98.91000366210938,99.01000213623047,98.4800033569336,98.87000274658203,0,DXY
2025-06-20,98.70999908447266,98.88999938964844,98.54000091552734,98.66999816894531,0,DXY
2025-06-23,98.41999816894531,99.41999816894531,98.3499984741211,99.08999633789062,0,DXY
2025-06-24,97.86000061035156,98.27999877929688,97.70999908447266,98.16000366210938,0,DXY
2025-06-25,97.68000030517578,98.19999694824219,97.6500015258789,97.94000244140625,0,DXY
2025-06-26,97.1500015258789,97.61000061035156,97.0,97.55000305175781,0,DXY
2025-06-27,97.4000015258789,97.5,97.0,97.33000183105469,0,DXY
2025-06-30,96.87999725341797,97.31999969482422,96.7699966430664,97.19000244140625,0,DXY
2025-07-01,96.81999969482422,96.94999694824219,96.37999725341797,96.77999877929688,0,DXY
2025-07-02,96.77999877929688,97.1500015258789,96.62000274658203,96.63999938964844,0,DXY
2025-07-03,97.18000030517578,97.41999816894531,96.69000244140625,96.75,0,DXY
2025-07-07,97.4800033569336,97.66999816894531,96.88999938964844,96.95999908447266,0,DXY
2025-07-08,97.51000213623047,97.83999633789062,97.18000030517578,97.36000061035156,0,DXY
2025-07-09,97.47000122070312,97.75,97.45999908447266,97.55000305175781,0,DXY
2025-07-10,97.6500015258789,97.91999816894531,97.2699966430664,97.44000244140625,0,DXY
2025-07-11,97.8499984741211,97.95999908447266,97.55999755859375,97.56999969482422,0,DXY
2025-07-14,98.08000183105469,98.13999938964844,97.7699966430664,97.95999908447266,0,DXY
2025-07-15,98.62000274658203,98.69999694824219,97.93000030517578,98.13999938964844,0,DXY
2025-07-16,98.38999938964844,98.91000366210938,97.70999908447266,98.58000183105469,0,DXY
2025-07-17,98.7300033569336,98.94999694824219,98.33999633789062,98.3499984741211,0,DXY
2025-07-18,98.4800033569336,98.58000183105469,98.0999984741211,98.48999786376953,0,DXY
2025-07-21,97.8499984741211,98.51000213623047,97.69999694824219,98.36000061035156,0,DXY
2025-07-22,97.38999938964844,97.98999786376953,97.30999755859375,97.87000274658203,0,DXY
2025-07-23,97.20999908447266,97.61000061035156,97.19000244140625,97.47000122070312,0,DXY
2025-07-24,97.37999725341797,97.55000305175781,97.11000061035156,97.18000030517578,0,DXY
2025-07-25,97.6500015258789,97.91000366210938,97.43000030517578,97.44999694824219,0,DXY
2025-07-28,98.66000366210938,98.69000244140625,97.48999786376953,97.58000183105469,0,DXY
2025-07-29,98.91000366210938,99.13999938964844,98.58000183105469,98.63999938964844,0,DXY
2025-07-30,99.94000244140625,99.9800033569336,98.69999694824219,98.91999816894531,0,DXY
2025-07-31,100.02999877929688,100.0999984741211,99.5199966430664,99.80000305175781,0,DXY
2025-08-01,98.69000244140625,100.26000213623047,98.61000061035156,100.01000213623047,0,DXY
2025-08-04,98.77999877929688,98.9800033569336,98.58999633789062,98.6500015258789,0,DXY
2025-08-05,98.77999877929688,99.06999969482422,98.58999633789062,98.62000274658203,0,DXY
2025-08-06,98.18000030517578,98.83999633789062,98.12999725341797,98.75,0,DXY
2025-08-07,98.4000015258789,98.47000122070312,97.94999694824219,98.19000244140625,0,DXY
2025-08-08,98.18000030517578,98.3499984741211,97.95999908447266,97.9800033569336,0,DXY
2025-08-11,98.5199966430664,99.31999969482422,98.02999877929688,98.23999786376953,0,DXY
2025-08-12,98.0999984741211,98.62000274658203,97.9000015258789,98.51000213623047,0,DXY
2025-08-13,97.83999633789062,98.12999725341797,97.62999725341797,98.04000091552734,0,DXY
2025-08-14,98.25,98.31999969482422,97.62999725341797,97.75,0,DXY
2025-08-15,97.8499984741211,98.20999908447266,97.7300033569336,98.18000030517578,0,DXY
2025-08-18,98.16999816894531,98.19000244140625,97.77999877929688,97.79000091552734,0,DXY
2025-08-19,98.2699966430664,98.31999969482422,97.94000244140625,98.1500015258789,0,DXY
2025-08-20,98.22000122070312,98.44000244140625,98.08000183105469,98.29000091552734,0,DXY
2025-08-21,98.62000274658203,98.68000030517578,98.18000030517578,98.25,0,DXY
2025-08-22,97.72000122070312,98.83000183105469,97.55999755859375,98.5999984741211,0,DXY
2025-08-25,98.43000030517578,98.54000091552734,97.70999908447266,97.7300033569336,0,DXY
2025-08-26,98.2300033569336,98.55999755859375,98.08999633789062,98.47000122070312,0,DXY
2025-08-27,98.2300033569336,98.7300033569336,98.16000366210938,98.25,0,DXY
2025-08-28,97.80999755859375,98.2300033569336,97.73999786376953,98.12000274658203,0,DXY
2025-08-29,97.7699966430664,98.12999725341797,97.69000244140625,97.87000274658203,0,DXY
2025-09-02,98.4000015258789,98.5999984741211,97.62000274658203,97.6500015258789,0,DXY
2025-09-03,98.13999938964844,98.63999938964844,98.01000213623047,98.4000015258789,0,DXY
2025-09-04,98.3499984741211,98.44000244140625,98.08000183105469,98.1500015258789,0,DXY
2025-09-05,97.7699966430664,98.26000213623047,97.43000030517578,98.23999786376953,0,DXY
2025-09-08,97.44999694824219,97.94000244140625,97.41999816894531,97.79000091552734,0,DXY
2025-09-09,97.79000091552734,97.81999969482422,97.25,97.37999725341797,0,DXY
2025-09-10,97.77999877929688,97.93000030517578,97.5999984741211,97.83000183105469,0,DXY
2025-09-11,97.54000091552734,98.08999633789062,97.47000122070312,97.79000091552734,0,DXY
2025-09-12,97.55000305175781,97.86000061035156,97.48999786376953,97.5199966430664,0,DXY
2025-09-15,97.30000305175781,97.69999694824219,97.2699966430664,97.62999725341797,0,DXY
2025-09-16,96.62999725341797,97.38999938964844,96.55999755859375,97.33999633789062,0,DXY
2025-09-17,96.87000274658203,97.06999969482422,96.22000122070312,96.62000274658203,0,DXY
2025-09-18,97.3499984741211,97.5999984741211,96.83999633789062,96.93000030517578,0,DXY
2025-09-19,97.63999938964844,97.80999755859375,97.2699966430664,97.33999633789062,0,DXY
2025-09-22,97.33000183105469,97.81999969482422,97.30999755859375,97.6500015258789,0,DXY
2025-09-23,97.26000213623047,97.45999908447266,97.19999694824219,97.31999969482422,0,DXY
2025-09-24,97.87000274658203,97.91999816894531,97.22000122070312,97.23999786376953,0,DXY
2025-09-25,98.55000305175781,98.61000061035156,97.73999786376953,97.81999969482422,0,DXY
2025-09-26,98.1500015258789,98.52999877929688,98.12999725341797,98.5,0,DXY
2025-09-29,97.91000366210938,98.18000030517578,97.7699966430664,98.16999816894531,0,DXY
2025-09-30,97.7699966430664,98.05000305175781,97.62999725341797,97.91000366210938,0,DXY
2025-10-01,97.70999908447266,97.87999725341797,97.45999908447266,97.81999969482422,0,DXY
2025-10-02,97.8499984741211,98.12999725341797,97.5199966430664,97.69999694824219,0,DXY
2025-10-03,97.72000122070312,97.94999694824219,97.5999984741211,97.8499984741211,0,DXY
2025-10-06,98.11000061035156,98.5,97.95999908447266,97.95999908447266,0,DXY
2025-10-07,98.58000183105469,98.66000366210938,98.08999633789062,98.08999633789062,0,DXY
2025-10-08,98.8499984741211,99.05999755859375,98.58999633789062,98.61000061035156,0,DXY
2025-10-09,99.54000091552734,99.55999755859375,98.69999694824219,98.83999633789062,0,DXY
2025-10-10,98.9800033569336,99.43000030517578,98.80999755859375,99.38999938964844,0,DXY
2025-10-13,99.2699966430664,99.3499984741211,98.83000183105469,98.94000244140625,0,DXY
2025-10-14,99.05000305175781,99.4800033569336,98.98999786376953,99.30000305175781,0,DXY
2025-10-15,98.79000091552734,99.08000183105469,98.66000366210938,99.05000305175781,0,DXY
2025-10-16,98.38999938964844,98.69999694824219,98.30000305175781,98.66999816894531,0,DXY
2025-10-17,98.43000030517578,98.55000305175781,98.02999877929688,98.26000213623047,0,DXY
2025-10-20,98.58999633789062,98.66999816894531,98.38999938964844,98.66999816894531,0,DXY
2025-10-21,98.93000030517578,98.9800033569336,98.51000213623047,98.61000061035156,0,DXY
2025-10-22,98.9000015258789,99.13999938964844,98.79000091552734,98.97000122070312,0,DXY
2025-10-23,98.94000244140625,99.13999938964844,98.91000366210938,98.91999816894531,0,DXY
2025-10-24,98.94999694824219,99.0999984741211,98.7300033569336,98.94000244140625,0,DXY
2025-10-27,98.77999877929688,99.0,98.7300033569336,98.83999633789062,0,DXY
2025-10-28,98.69000244140625,98.94999694824219,98.56999969482422,98.75,0,DXY
2025-10-29,99.22000122070312,99.36000061035156,98.62000274658203,98.73999786376953,0,DXY
2025-10-30,99.52999877929688,99.72000122070312,98.91999816894531,99.13999938964844,0,DXY
2025-10-31,99.80000305175781,99.83999633789062,99.41999816894531,99.48999786376953,0,DXY
2025-11-03,99.87000274658203,99.98999786376953,99.70999908447266,99.75,0,DXY
2025-11-04,100.22000122070312,100.26000213623047,99.73999786376953,99.9800033569336,0,DXY
2025-11-05,100.19999694824219,100.36000061035156,100.05999755859375,100.18000030517578,0,DXY
2025-11-06,99.7300033569336,100.11000061035156,99.66999816894531,100.11000061035156,0,DXY
2025-11-07,99.5999984741211,99.87000274658203,99.4000015258789,99.76000213623047,0,DXY
2025-11-10,99.62000274658203,99.73999786376953,99.45999908447266,99.62999725341797,0,DXY
2025-11-11,99.45999908447266,99.73999786376953,99.29000091552734,99.66000366210938,0,DXY
2025-11-12,99.4800033569336,99.70999908447266,99.41999816894531,99.45999908447266,0,DXY
2025-11-13,99.18000030517578,99.58999633789062,98.98999786376953,99.5199966430664,0,DXY
2025-11-14,99.2699966430664,99.4000015258789,98.98999786376953,99.26000213623047,0,DXY
2025-11-17,99.58999633789062,99.5999984741211,99.25,99.2699966430664,0,DXY
2025-11-18,99.55000305175781,99.66000366210938,99.4000015258789,99.55999755859375,0,DXY
2025-11-19,100.2300033569336,100.23999786376953,99.48999786376953,99.58000183105469,0,DXY
2025-11-20,100.16000366210938,100.36000061035156,100.02999877929688,100.16999816894531,0,DXY
2025-11-21,100.18000030517578,100.4000015258789,99.98999786376953,100.16000366210938,0,DXY
2025-11-24,100.13999938964844,100.30000305175781,100.01000213623047,100.19999694824219,0,DXY
2025-11-25,99.66000366210938,100.26000213623047,99.6500015258789,100.20999908447266,0,DXY
2025-11-26,99.5999984741211,99.95999908447266,99.55999755859375,99.83999633789062,0,DXY
2025-11-28,99.45999908447266,99.81999969482422,99.37999725341797,99.56999969482422,0,DXY
2025-12-01,99.41000366210938,99.51000213623047,99.01000213623047,99.4800033569336,0,DXY
2025-12-02,99.36000061035156,99.56999969482422,99.31999969482422,99.44999694824219,0,DXY
2025-12-03,98.8499984741211,99.29000091552734,98.81999969482422,99.27999877929688,0,DXY
2025-12-04,98.98999786376953,99.08000183105469,98.7699966430664,98.91999816894531,0,DXY
2025-12-05,98.98999786376953,99.12999725341797,98.80999755859375,99.04000091552734,0,DXY
2025-12-08,99.08999633789062,99.2300033569336,98.79000091552734,98.97000122070312,0,DXY
2025-12-09,99.22000122070312,99.30999755859375,98.94999694824219,99.05000305175781,0,DXY
2025-12-10,98.79000091552734,99.26000213623047,98.58999633789062,99.22000122070312,0,DXY
2025-12-11,98.3499984741211,98.76000213623047,98.12999725341797,98.55999755859375,0,DXY
2025-12-12,98.4000015258789,98.52999877929688,98.30000305175781,98.31999969482422,0,DXY
2025-12-15,98.1500015258789,98.4800033569336,98.13999938964844,98.4000015258789,0,DXY
2025-12-16,98.1500015258789,98.31999969482422,97.87000274658203,98.2699966430664,0,DXY
2025-12-17,98.37000274658203,98.63999938964844,98.18000030517578,98.20999908447266,0,DXY
2025-12-18,98.43000030517578,98.55999755859375,98.16999816894531,98.37999725341797,0,DXY
2025-12-19,98.5999984741211,98.75,98.41999816894531,98.45999908447266,0,DXY
2025-12-22,98.29000091552734,98.7300033569336,98.19999694824219,98.66999816894531,0,DXY
2025-12-23,97.94000244140625,98.19999694824219,97.8499984741211,98.19999694824219,0,DXY
2025-12-24,97.9800033569336,98.01000213623047,97.75,97.88999938964844,0,DXY
2025-12-26,98.0199966430664,98.12999725341797,97.86000061035156,97.91999816894531,0,DXY
2025-12-29,98.04000091552734,98.18000030517578,97.91999816894531,98.05000305175781,0,DXY
2025-12-30,98.23999786376953,98.2699966430664,97.94000244140625,98.01000213623047,0,DXY
2025-12-31,98.27999877929688,98.5,98.18000030517578,98.25,0,DXY
2026-01-02,98.41999816894531,98.48999786376953,98.1500015258789,98.23999786376953,0,DXY
2026-01-05,98.2699966430664,98.86000061035156,98.25,98.4800033569336,0,DXY
2026-01-06,98.58000183105469,98.62999725341797,98.16000366210938,98.41000366210938,0,DXY
2026-01-07,98.68000030517578,98.75,98.5,98.58000183105469,0,DXY
2026-01-08,98.93000030517578,98.9800033569336,98.68000030517578,98.73999786376953,0,DXY
2026-01-09,99.12999725341797,99.26000213623047,98.9000015258789,98.91000366210938,0,DXY
2026-01-12,98.86000061035156,99.25,98.66999816894531,99.16999816894531,0,DXY
2026-01-13,99.12999725341797,99.2300033569336,98.8499984741211,98.9000015258789,0,DXY
2026-01-14,99.12999725341797,99.25,98.93000030517578,99.19000244140625,0,DXY
2026-01-15,99.31999969482422,99.48999786376953,99.08999633789062,99.12999725341797,0,DXY
2026-01-16,99.38999938964844,99.4800033569336,99.16000366210938,99.37000274658203,0,DXY
2026-01-20,98.63999938964844,99.13999938964844,98.25,99.13999938964844,0,DXY
2026-01-21,98.76000213623047,98.87000274658203,98.37999725341797,98.61000061035156,0,DXY
2026-01-22,98.36000061035156,98.83000183105469,98.27999877929688,98.79000091552734,0,DXY
2026-01-23,97.5999984741211,98.4800033569336,97.43000030517578,98.33000183105469,0,DXY
2026-01-26,97.04000091552734,97.33000183105469,96.80999755859375,97.02999877929688,0,DXY
2026-01-27,96.22000122070312,97.29000091552734,95.55000305175781,97.05000305175781,0,DXY
2026-01-28,96.44999694824219,96.79000091552734,95.86000061035156,95.97000122070312,0,DXY
2026-01-29,96.27999877929688,96.66000366210938,96.0199966430664,96.16000366210938,0,DXY
2026-01-30,96.98999786376953,97.1500015258789,96.31999969482422,96.31999969482422,0,DXY
2026-02-02,97.61000061035156,97.7300033569336,97.01000213623047,97.19000244140625,0,DXY
2026-02-03,97.44000244140625,97.69000244140625,97.30000305175781,97.5199966430664,0,DXY
2026-02-04,97.62000274658203,97.7300033569336,97.30999755859375,97.43000030517578,0,DXY
2026-02-05,97.81999969482422,97.98999786376953,97.61000061035156,97.66999816894531,0,DXY
2026-02-06,97.62999725341797,97.94999694824219,97.55999755859375,97.94999694824219,0,DXY
2026-02-09,96.81999969482422,97.76000213623047,96.79000091552734,97.69999694824219,0,DXY
2026-02-10,96.80000305175781,97.01000213623047,96.61000061035156,97.0,0,DXY
2026-02-11,96.83000183105469,97.2699966430664,96.48999786376953,96.91000366210938,0,DXY
2026-02-12,96.93000030517578,97.06999969482422,96.73999786376953,96.95999908447266,0,DXY
2026-02-13,96.87999725341797,97.16000366210938,96.80000305175781,96.94000244140625,0,DXY
2026-02-17,97.16000366210938,97.55000305175781,97.06999969482422,97.12000274658203,0,DXY
2026-02-18,97.69999694824219,97.73999786376953,97.12000274658203,97.13999938964844,0,DXY
2026-02-19,97.93000030517578,98.06999969482422,97.56999969482422,97.7300033569336,0,DXY
2026-02-20,97.80000305175781,98.08000183105469,97.58999633789062,97.9000015258789,0,DXY
2026-02-23,97.69999694824219,97.8499984741211,97.36000061035156,97.69999694824219,0,DXY
2026-02-24,97.87999725341797,97.98999786376953,97.69999694824219,97.69999694824219,0,DXY
2026-02-25,97.69999694824219,98.0,97.62000274658203,97.8499984741211,0,DXY
2026-02-26,97.79000091552734,97.9800033569336,97.48999786376953,97.58999633789062,0,DXY
2026-02-27,97.61000061035156,97.8499984741211,97.55999755859375,97.75,0,DXY
2026-03-02,98.37999725341797,98.75,97.7699966430664,97.87000274658203,0,DXY
2026-03-03,99.05000305175781,99.68000030517578,98.44000244140625,98.55999755859375,0,DXY
2026-03-04,98.7699966430664,99.33000183105469,98.69999694824219,99.11000061035156,0,DXY
2026-03-05,99.31999969482422,99.41000366210938,98.66999816894531,98.7699966430664,0,DXY
2026-03-06,98.98999786376953,99.44000244140625,98.83999633789062,99.01000213623047,0,DXY
2026-03-09,99.18000030517578,99.69999694824219,98.72000122070312,98.86000061035156,0,DXY
2026-03-10,98.83000183105469,98.94999694824219,98.48999786376953,98.80000305175781,0,DXY
2026-03-11,99.2300033569336,99.30000305175781,98.69999694824219,98.94000244140625,0,DXY
2026-03-12,99.73999786376953,99.76000213623047,99.25,99.44999694824219,0,DXY
2026-03-13,100.36000061035156,100.54000091552734,99.58999633789062,99.69000244140625,0,DXY
2026-03-16,99.70999908447266,100.4800033569336,99.66000366210938,100.43000030517578,0,DXY
2026-03-17,99.58000183105469,100.12000274658203,99.5,99.86000061035156,0,DXY
2026-03-18,100.08999633789062,100.30999755859375,99.47000122070312,99.55000305175781,0,DXY
2026-03-19,99.2300033569336,100.30999755859375,98.9800033569336,100.2300033569336,0,DXY
2026-03-20,99.6500015258789,99.79000091552734,99.25,99.29000091552734,0,DXY
2026-03-23,98.94999694824219,100.1500015258789,98.87999725341797,99.68000030517578,0,DXY
2026-03-24,99.43000030517578,99.62000274658203,99.05999755859375,99.13999938964844,0,DXY
2026-03-25,99.5999984741211,99.66999816894531,99.06999969482422,99.19999694824219,0,DXY
2026-03-26,99.9000015258789,100.01000213623047,99.55999755859375,99.62999725341797,0,DXY
2026-03-27,100.1500015258789,100.20999908447266,99.80000305175781,99.87000274658203,0,DXY
2026-03-30,100.51000213623047,100.61000061035156,100.05000305175781,100.22000122070312,0,DXY
2026-03-31,99.95999908447266,100.63999938964844,99.80999755859375,100.58999633789062,0,DXY
2026-04-01,99.6500015258789,99.87999725341797,99.30000305175781,99.79000091552734,0,DXY
2026-04-02,100.02999877929688,100.26000213623047,99.44999694824219,99.54000091552734,0,DXY
2026-04-06,99.9800033569336,100.29000091552734,99.76000213623047,100.18000030517578,0,DXY
2026-04-07,99.63999938964844,100.16000366210938,99.5999984741211,100.01000213623047,0,DXY
2026-04-08,99.12999725341797,99.18000030517578,98.52999877929688,98.94999694824219,0,DXY
2026-04-09,98.81999969482422,99.16000366210938,98.62999725341797,99.05999755859375,0,DXY
2026-04-10,98.6500015258789,99.01000213623047,98.54000091552734,98.87000274658203,0,DXY
2026-04-13,98.37000274658203,99.18000030517578,98.36000061035156,99.05000305175781,0,DXY
2026-04-14,98.12000274658203,98.41000366210938,97.97000122070312,98.37000274658203,0,DXY
2026-04-15,98.05999755859375,98.29000091552734,98.01000213623047,98.06999969482422,0,DXY
2026-04-16,98.22000122070312,98.29000091552734,97.83000183105469,98.01000213623047,0,DXY
2026-04-17,98.0999984741211,98.29000091552734,97.62999725341797,98.19000244140625,0,DXY
2026-04-20,98.05000305175781,98.4000015258789,98.01000213623047,98.27999877929688,0,DXY
2026-04-21,98.41000366210938,98.56999969482422,98.05999755859375,98.05999755859375,0,DXY
2026-04-22,98.58999633789062,98.63999938964844,98.20999908447266,98.4000015258789,0,DXY
2026-04-23,98.80000305175781,98.94000244140625,98.52999877929688,98.62000274658203,0,DXY
2026-04-24,98.51000213623047,98.91999816894531,98.48999786376953,98.81999969482422,0,DXY
2026-04-27,98.4800033569336,99.33999633789062,98.20999908447266,99.33000183105469,0,DXY
2026-04-28,98.62000274658203,98.87000274658203,98.43000030517578,98.47000122070312,0,DXY
2026-04-29,98.91999816894531,99.05000305175781,98.56999969482422,98.61000061035156,0,DXY
2026-04-30,98.08000183105469,99.08999633789062,98.01000213623047,98.8499984741211,0,DXY
2026-05-01,98.20999908447266,98.23999786376953,97.72000122070312,98.12999725341797,0,DXY
2026-05-04,98.47000122070312,98.54000091552734,97.97000122070312,98.05000305175781,0,DXY
2026-05-05,98.4800033569336,98.58000183105469,98.30999755859375,98.47000122070312,0,DXY
2026-05-06,98.0199966430664,98.33999633789062,97.62999725341797,98.30999755859375,0,DXY
2026-05-07,98.25,98.27999877929688,97.81999969482422,98.02999877929688,0,DXY
2026-05-08,97.83999633789062,98.27999877929688,97.83000183105469,98.25,0,DXY
2026-05-11,97.94000244140625,98.1500015258789,97.8499984741211,98.04000091552734,0,DXY
2026-05-12,98.29000091552734,98.45999908447266,97.94999694824219,97.95999908447266,0,DXY
2026-05-13,98.4800033569336,98.5999984741211,98.26000213623047,98.30999755859375,0,DXY
2026-05-14,98.87999725341797,98.91000366210938,98.41999816894531,98.45999908447266,0,DXY
2026-05-15,99.2699966430664,99.31999969482422,98.91999816894531,98.93000030517578,0,DXY
2026-05-18,98.97000122070312,99.41000366210938,98.94999694824219,99.27999877929688,0,DXY
2026-05-19,99.30000305175781,99.43000030517578,98.97000122070312,98.97000122070312,0,DXY
2026-05-20,99.11000061035156,99.47000122070312,98.97000122070312,99.2699966430664,0,DXY
2026-05-21,99.19000244140625,99.5199966430664,99.05999755859375,99.12000274658203,0,DXY
2026-05-22,99.31999969482422,99.41000366210938,99.16999816894531,99.19999694824219,0,DXY
2026-05-26,99.16999816894531,99.25,98.98999786376953,98.98999786376953,0,DXY
2026-05-27,99.20999908447266,99.26000213623047,98.97000122070312,99.08000183105469,0,DXY
2026-05-28,99.0199966430664,99.54000091552734,98.94999694824219,99.2699966430664,0,DXY
2026-05-29,98.91000366210938,99.19000244140625,98.75,99.0,0,DXY
2026-06-01,99.19999694824219,99.38999938964844,98.91999816894531,98.95999908447266,0,DXY
2026-06-02,99.22000122070312,99.33000183105469,99.05000305175781,99.16999816894531,0,DXY
2026-06-03,99.52999877929688,99.55000305175781,99.19000244140625,99.29000091552734,0,DXY
2026-06-04,99.41000366210938,99.52999877929688,99.18000030517578,99.45999908447266,0,DXY
2026-06-05,100.06999969482422,100.11000061035156,99.16000366210938,99.43000030517578,0,DXY
2026-06-08,100.05000305175781,100.20999908447266,99.81999969482422,100.1500015258789,0,DXY
2026-06-09,99.91000366210938,100.08000183105469,99.68000030517578,100.02999877929688,0,DXY
2026-06-10,99.94999694824219,100.05000305175781,99.72000122070312,100.01000213623047,0,DXY
2026-06-11,99.86000061035156,100.30999755859375,99.58999633789062,100.12000274658203,0,DXY
2026-06-12,99.75,99.91000366210938,99.63999938964844,99.66999816894531,0,DXY
2026-06-15,99.62999725341797,99.70999908447266,99.37999725341797,99.54000091552734,0,DXY
2026-06-16,99.54000091552734,99.79000091552734,99.45999908447266,99.63999938964844,0,DXY
2026-06-17,100.08999633789062,100.56999969482422,99.48999786376953,99.5199966430664,0,DXY
2026-06-18,100.8499984741211,100.91999816894531,100.20999908447266,100.33999633789062,0,DXY
2026-06-22,101.0199966430664,101.08000183105469,100.76000213623047,100.83999633789062,0,DXY
2026-06-23,101.41000366210938,101.43000030517578,100.94999694824219,101.01000213623047,0,DXY
2026-06-24,101.61000061035156,101.80000305175781,101.36000061035156,101.37000274658203,0,DXY
2026-06-25,101.43000030517578,101.75,101.30999755859375,101.5999984741211,0,DXY
2026-06-26,101.36000061035156,101.56999969482422,101.05000305175781,101.5,0,DXY
2026-06-29,101.11000061035156,101.38999938964844,101.06999969482422,101.37000274658203,0,DXY
2026-06-30,101.19000244140625,101.43000030517578,101.05000305175781,101.12000274658203,0,DXY
2026-07-01,101.38999938964844,101.5999984741211,101.19000244140625,101.22000122070312,0,DXY
2026-07-02,100.86000061035156,101.43000030517578,100.55999755859375,101.4000015258789,0,DXY
2026-07-06,100.8499984741211,101.1500015258789,100.83000183105469,100.86000061035156,0,DXY
2026-07-07,101.13999938964844,101.1500015258789,100.80000305175781,100.83999633789062,0,DXY
2026-07-08,101.05000305175781,101.27999877929688,100.94999694824219,101.16000366210938,0,DXY
2026-07-09,100.94000244140625,101.04000091552734,100.79000091552734,101.04000091552734,0,DXY
2026-07-10,100.97000122070312,101.0,100.5999984741211,100.91000366210938,0,DXY
2026-07-13,101.27999877929688,101.33000183105469,100.79000091552734,101.04000091552734,0,DXY
2026-07-14,100.94000244140625,101.31999969482422,100.61000061035156,101.27999877929688,0,DXY
2026-07-15,100.5,101.02999877929688,100.3499984741211,100.91999816894531,0,DXY
2026-07-16,100.7300033569336,100.83000183105469,100.44000244140625,100.47000122070312,0,DXY
2026-07-17,100.75,100.87000274658203,100.6500015258789,100.70999908447266,0,DXY
2026-07-20,100.98999786376953,101.02999877929688,100.6500015258789,100.80999755859375,0,DXY
2026-07-21,101.18000030517578,101.20999908447266,100.86000061035156,100.9800033569336,0,DXY
2026-07-22,101.13999938964844,101.19999694824219,101.0199966430664,101.19000244140625,0,DXY
2026-07-23,101.43000030517578,101.54000091552734,100.94000244140625,101.12000274658203,0,DXY
2026-07-24,101.47000122070312,101.52999877929688,101.25,101.44000244140625,0,DXY
2026-07-27,101.51000213623047,101.54000091552734,101.12000274658203,101.31999969482422,0,DXY
2026-07-28,101.37999725341797,101.63999938964844,101.26000213623047,101.5199966430664,0,DXY
2026-07-29,100.80000305175781,101.5,100.76000213623047,101.41999816894531,0,DXY
2026-07-30,100.01000213623047,101.06999969482422,99.86000061035156,100.81999969482422,0,DXY
2026-07-31,99.80000305175781,100.45999908447266,99.69000244140625,100.0199966430664,0,DXY
2026-08-03,99.95999908447266,100.0199966430664,99.41999816894531,99.69000244140625,0,DXY
2026-08-04,99.88999938964844,100.05999755859375,99.83000183105469,99.97000122070312,0,DXY
2026-08-05,99.69000244140625,99.9000015258789,99.62999725341797,99.87000274658203,0,DXY
2026-08-06,99.97000122070312,100.0199966430664,99.63999938964844,99.66000366210938,0,DXY
2026-08-07,99.5999984741211,100.0,99.4000015258789,99.94000244140625,0,DXY
2026-08-10,99.80999755859375,99.83000183105469,99.58000183105469,99.58999633789062,0,DXY
2026-08-11,99.81999969482422,99.9000015258789,99.7300033569336,99.80000305175781,0,DXY
2026-08-12,100.01000213623047,100.0199966430664,99.61000061035156,99.80999755859375,0,DXY
2026-08-13,99.95999908447266,100.08000183105469,99.80000305175781,99.95999908447266,0,DXY
2026-08-14,99.66999816894531,99.94000244140625,99.4800033569336,99.93000030517578,0,DXY
2026-08-17,99.63999938964844,99.66999816894531,99.29000091552734,99.66000366210938,0,DXY
2026-08-18,99.6500015258789,99.69000244140625,99.5199966430664,99.54000091552734,0,DXY
2026-08-19,98.83000183105469,99.69000244140625,98.7699966430664,99.66999816894531,0,DXY
2026-08-20,98.9000015258789,98.93000030517578,98.55999755859375,98.83999633789062,0,DXY
2026-08-21,98.80000305175781,98.91000366210938,98.55999755859375,98.80000305175781,0,DXY
2026-08-24,99.0,99.05999755859375,98.76000213623047,98.86000061035156,0,DXY
2026-08-25,98.91999816894531,99.12000274658203,98.86000061035156,98.98999786376953,0,DXY
2026-08-26,99.16999816894531,99.2300033569336,98.9000015258789,98.91999816894531,0,DXY
2026-08-27,99.16000366210938,99.26000213623047,99.06999969482422,99.12000274658203,0,DXY
2026-08-28,99.69999694824219,99.7300033569336,99.0999984741211,99.11000061035156,0,DXY
2026-08-31,99.43000030517578,99.70999908447266,99.38999938964844,99.69999694824219,0,DXY
2026-09-01,99.66999816894531,99.72000122070312,99.3499984741211,99.41999816894531,0,DXY
2026-09-02,99.55999755859375,99.86000061035156,99.44000244140625,99.66999816894531,0,DXY
2026-09-03,99.0,99.61000061035156,98.83000183105469,99.5999984741211,0,DXY
2026-09-04,99.16000366210938,99.38999938964844,98.91999816894531,99.02999877929688,0,DXY
2026-09-08,98.83999633789062,99.0199966430664,98.72000122070312,98.8499984741211,0,DXY
2026-09-09,98.7699966430664,98.9000015258789,98.5999984741211,98.80999755859375,0,DXY
2026-09-10,99.08999633789062,99.19999694824219,98.70999908447266,98.76000213623047,0,DXY
2026-09-11,99.12000274658203,99.37000274658203,98.97000122070312,99.0999984741211,0,DXY
2026-09-14,99.45999908447266,99.73999786376953,99.06999969482422,99.0999984741211,0,DXY
2026-09-15,99.6500015258789,99.69000244140625,99.4800033569336,99.4800033569336,0,DXY
2026-09-16,100.30999755859375,100.3499984741211,99.54000091552734,99.69999694824219,0,DXY
2026-09-17,100.22000122070312,100.37000274658203,100.0199966430664,100.2699966430664,0,DXY
2026-09-18,100.22000122070312,100.55999755859375,100.16999816894531,100.23999786376953,0,DXY
2026-09-21,100.43000030517578,100.44999694824219,100.18000030517578,100.25,0,DXY
2026-09-22,100.5999984741211,100.69999694824219,100.30999755859375,100.41999816894531,0,DXY
2026-09-23,101.0999984741211,101.2300033569336,100.54000091552734,100.55999755859375,0,DXY
2026-09-24,101.29000091552734,101.4000015258789,101.0,101.11000061035156,0,DXY
2026-09-25,100.97000122070312,101.30999755859375,100.87000274658203,101.2699966430664,0,DXY
2026-09-28,101.19999694824219,101.30999755859375,100.9800033569336,101.0999984741211,0,DXY
2026-09-29,101.37000274658203,101.61000061035156,101.18000030517578,101.19000244140625,0,DXY
2026-09-30,101.44999694824219,101.52999877929688,101.02999877929688,101.41000366210938,0,DXY
2026-10-01,102.16999816894531,102.19200134277344,101.45899963378906,101.46499633789062,0,DXY
